sr no,city,zip code,No Bathroom,No bedroom,price  per squrefoot,area_name,property type,furnishing,status,transaction,facing,floor,ownership,area sqft
1,Vadodara,390022,3,3,7173,Aanta Swagtam Atladra,Villa,Furnished,Ready to Move,Resale,East,,Other,1185
2,Vadodara,390022,2,1,6352,Ajwa Road,House,Furnished,Ready to Move,Resale,East,,Other,551
3,Vadodara,390022,1,1,11333,Ajwa Road,House,Unfurnished,Ready to Move,Resale,East,,Freehold,465
4,Vadodara,390022,1,1,4214,Ajwa Road,House,Unfurnished,Ready to Move,Resale,East,,Freehold,700
5,Vadodara,390022,2,2,2593,Ajwa Road,Flat,Unfurnished,Ready to Move,Resale,Other,7.0,Freehold,1350
6,Vadodara,390022,1,2,2577,Ajwa Road,Flat,Unfurnished,Ready to Move,Resale,Other,2.0,Other,1261
7,Vadodara,390022,2,2,3525,Ajwa Road,Flat,Furnished,Ready to Move,Resale,East,8.0,Freehold,800
8,Vadodara,390022,2,2,6196,Ajwa Road,House,Semi-Furnished,Ready to Move,Resale,North,,Freehold,807
9,Vadodara,390022,2,2,2383,Ajwa Road,Flat,Semi-Furnished,Ready to Move,Resale,Other,2.0,Other,1200
10,Vadodara,390022,3,2,3500,Ajwa Road,House,Semi-Furnished,Ready to Move,Resale,North,1.0,Freehold,1000
11,Vadodara,390022,2,2,2632,Ajwa Road,Flat,Unfurnished,Ready to Move,Resale,East,6.0,Freehold,950
12,Vadodara,390022,2,2,4000,Ajwa Road,Flat,Unfurnished,Ready to Move,New,Other,2.0,Other,780
13,Vadodara,390022,3,3,4444,Ajwa Road,Villa,Unfurnished,Ready to Move,Resale,Other,,Other,2700
14,Vadodara,390022,3,3,4286,Ajwa Road,Flat,Unfurnished,Ready to Move,New,East,10.0,Freehold,1400
15,Vadodara,390022,3,3,3529,Ajwa Road,Flat,Unfurnished,Ready to Move,Resale,East,10.0,Freehold,1275
16,Vadodara,390022,2,3,2839,Ajwa Road,Flat,Semi-Furnished,Ready to Move,Resale,Other,9.0,Other,1550
17,Vadodara,390022,3,4,4375,Ajwa Road,House,Semi-Furnished,Ready to Move,Resale,West,,Freehold,1600
18,Vadodara,390022,4,4,2292,Ajwa Road,House,Unfurnished,Ready to Move,New,Other,5.0,Freehold,2400
19,Vadodara,390022,4,4,3084,Ajwa Road,House,Unfurnished,Ready to Move,Resale,Other,5.0,Other,2270
20,Vadodara,390022,2,2,7407,Akhanksha Duplex Laxmipura,House,Semi-Furnished,Ready to Move,Resale,East,,Freehold,1350
21,Vadodara,390020,1,1,3246,Akota,Flat,Semi-Furnished,Ready to Move,Resale,Other,2.0,Other,647
22,Vadodara,390020,1,1,3200,Akota,Flat,Unfurnished,Unknown,Resale,East,2.0,Freehold,750
23,Vadodara,390020,2,2,4500,Akota,Flat,Semi-Furnished,Ready to Move,Resale,East,3.0,Freehold,1000
24,Vadodara,390020,2,2,4000,Akota,Builder Floor,Semi-Furnished,Ready to Move,Resale,East,2.0,Freehold,1000
25,Vadodara,390020,2,2,4464,Akota,Flat,Semi-Furnished,Ready to Move,Resale,East,2.0,Freehold,896
26,Vadodara,390020,2,2,6000,Akota,House,Unfurnished,Ready to Move,Resale,Other,,Other,1250
27,Vadodara,390020,2,2,3714,Akota,Flat,Semi-Furnished,Ready to Move,Resale,North - East,7.0,Freehold,1050
28,Vadodara,390020,2,2,8125,Akota,Flat,Semi-Furnished,Ready to Move,Resale,South - East,2.0,Other,400
29,Vadodara,390020,2,2,3070,Akota,Flat,Semi-Furnished,Ready to Move,Resale,Other,3.0,Other,1140
30,Vadodara,390020,2,2,3714,Akota,Flat,Unfurnished,Ready to Move,Resale,North - East,7.0,Freehold,1050
31,Vadodara,390020,2,2,4583,Akota,Builder Floor,Unfurnished,Ready to Move,Resale,Other,5.0,Other,1200
32,Vadodara,390020,2,2,3500,Akota,Flat,Furnished,Ready to Move,Resale,Other,3.0,Other,1200
33,Vadodara,390020,2,2,5000,Akota,Builder Floor,Semi-Furnished,Ready to Move,Resale,Other,2.0,Other,900
34,Vadodara,390020,2,2,4615,Akota,Flat,Semi-Furnished,Ready to Move,Resale,Other,2.0,Other,1300
35,Vadodara,390020,1,2,4167,Akota,Flat,Unfurnished,Ready to Move,Resale,Other,2.0,Other,600
36,Vadodara,390020,2,2,4459,Akota,Flat,Semi-Furnished,Ready to Move,Resale,North,3.0,Freehold,740
37,Vadodara,390020,2,2,4167,Akota,Flat,Semi-Furnished,Ready to Move,Resale,Other,7.0,Freehold,480
38,Vadodara,390020,3,3,4483,Akota,Flat,Unfurnished,Ready to Move,Resale,East,3.0,Freehold,1450
39,Vadodara,390020,3,3,8021,Akota,House,Furnished,Ready to Move,Resale,East,,Freehold,1870
40,Vadodara,390020,2,3,8125,Akota,Villa,Unfurnished,Ready to Move,Resale,Other,,Freehold,1600
41,Vadodara,390020,3,3,2727,Akota,Flat,Semi-Furnished,Ready to Move,Resale,East,3.0,Other,1650
42,Vadodara,390020,2,3,4762,Akota,Flat,Unfurnished,Ready to Move,Resale,South - East,3.0,Freehold,1050
43,Vadodara,390020,3,3,6240,Akota,Flat,Furnished,Ready to Move,Resale,Other,3.0,Freehold,1923
44,Vadodara,390020,3,3,7075,Akota,Villa,Unknown,Ready to Move,Resale,South,,Freehold,1272
45,Vadodara,390020,3,3,4031,Akota,Flat,Unfurnished,Ready to Move,Resale,East,1.0,Freehold,1935
46,Vadodara,390020,3,3,5000,Akota,Flat,Furnished,Ready to Move,Resale,East,3.0,Freehold,1300
47,Vadodara,390020,3,3,4593,Akota,Flat,Semi-Furnished,Ready to Move,Resale,East,3.0,Other,1350
48,Vadodara,390020,2,3,4125,Akota,Builder Floor,Semi-Furnished,Ready to Move,Resale,Other,3.0,Leasehold,1600
49,Vadodara,390020,3,3,3636,Akota,Builder Floor,Semi-Furnished,Ready to Move,Resale,Other,3.0,Other,1650
50,Vadodara,390020,2,3,7826,Akota,House,Unfurnished,Ready to Move,Resale,Other,,Other,1150
51,Vadodara,390020,3,3,5500,Akota,Flat,Unfurnished,Ready to Move,Resale,West,4.0,Freehold,900
52,Vadodara,390020,3,3,6684,Akota,House,Semi-Furnished,Ready to Move,Resale,Other,1.0,Other,1870
53,Vadodara,390020,3,3,3143,Akota,Flat,Unfurnished,Ready to Move,Resale,Other,4.0,Other,1750
54,Vadodara,390020,3,3,5534,Akota,Flat,Unfurnished,Ready to Move,Resale,Other,3.0,Other,2801
55,Vadodara,390020,2,3,7027,Akota,Flat,Semi-Furnished,Ready to Move,Resale,Other,2.0,Other,925
56,Vadodara,390020,2,3,4910,Akota,Flat,Furnished,Ready to Move,Resale,Other,3.0,Freehold,1000
57,Vadodara,390020,3,3,4133,Akota,House,Furnished,Unknown,Resale,East,2.0,Freehold,1500
58,Vadodara,390020,3,3,5938,Akota,Flat,Furnished,Ready to Move,Resale,West,3.0,Freehold,1600
59,Vadodara,390020,3,3,7778,Akota,Flat,Semi-Furnished,Ready to Move,Resale,North - East,1.0,Freehold,1350
60,Vadodara,390020,3,3,5399,Akota,Flat,Unfurnished,Unknown,New,North,3.0,Freehold,1530
61,Vadodara,390020,4,4,10000,Akota,Flat,Semi-Furnished,Ready to Move,Resale,East,4.0,Freehold,1800
62,Vadodara,390020,4,4,10605,Akota,Flat,Furnished,Ready to Move,Resale,South - East,3.0,Freehold,2593
63,Vadodara,390020,2,4,3864,Akota,Flat,Semi-Furnished,Ready to Move,Resale,Other,4.0,Freehold,2200
64,Vadodara,390020,4,4,12273,Akota,House,Furnished,Ready to Move,Resale,North - East,,Freehold,1100
65,Vadodara,390020,4,4,5952,Akota,Flat,Furnished,Ready to Move,Resale,Other,3.0,Other,2100
66,Vadodara,390020,4,4,10000,Akota,House,Furnished,Ready to Move,Resale,Other,,Other,1600
67,Vadodara,390020,2,4,7261,Akota,House,Furnished,Ready to Move,Resale,West,,Freehold,1150
68,Vadodara,390020,4,4,7500,Akota,Flat,Unfurnished,Ready to Move,New,East,2.0,Freehold,2200
69,Vadodara,390020,4,4,7182,Akota,Flat,Unfurnished,Ready to Move,New,North,2.0,Freehold,1810
70,Vadodara,390020,5,5,10000,Akota,Villa,Furnished,Ready to Move,Resale,East,,Freehold,6000
71,Vadodara,390020,4,5,7828,Akota,House,Furnished,Ready to Move,Resale,Other,,Other,2938
72,Vadodara,390020,4,5,5435,Akota,House,Semi-Furnished,Ready to Move,Resale,Other,,Other,2300
73,Vadodara,390020,2,3,4667,Akota Road,House,Semi-Furnished,Ready to Move,Resale,South - East,2.0,Other,1500
74,Vadodara,390020,2,3,6884,Akota Road,Flat,Furnished,Ready to Move,Resale,Other,2.0,Freehold,1075
75,Vadodara,390020,4,5,6038,Akota Road,House,Semi-Furnished,Ready to Move,Resale,East,,Freehold,1325
76,Vadodara,390020,4,5,9623,Akota Road,Villa,Furnished,Ready to Move,Resale,North - East,,Other,2650
77,Vadodara,390022,4,4,7941,Aksharvilla,House,Furnished,Ready to Move,Resale,Other,,Other,1700
78,Vadodara,390007,2,2,6780,Alkapuri,Flat,Furnished,Ready to Move,Resale,Other,3.0,Other,1180
79,Vadodara,390007,1,2,3737,Alkapuri,Flat,Semi-Furnished,Ready to Move,Resale,East,3.0,Other,950
80,Vadodara,390007,2,2,5294,Alkapuri,Flat,Unfurnished,Ready to Move,Resale,East,3.0,Freehold,850
81,Vadodara,390007,3,3,4114,Alkapuri,Flat,Unfurnished,Ready to Move,Resale,North - West,2.0,Other,1750
82,Vadodara,390007,3,3,5263,Alkapuri,Flat,Furnished,Ready to Move,Resale,South,2.0,Freehold,1520
83,Vadodara,390007,3,3,5000,Alkapuri,Flat,Unfurnished,Ready to Move,Resale,Other,3.0,Freehold,1300
84,Vadodara,390007,3,3,6400,Alkapuri,House,Semi-Furnished,Ready to Move,Resale,East,4.0,Freehold,1250
85,Vadodara,390007,3,3,8636,Alkapuri,Flat,Semi-Furnished,Ready to Move,Resale,Other,5.0,Freehold,1100
86,Vadodara,390007,3,3,5351,Alkapuri,Flat,Furnished,Ready to Move,Resale,Other,4.0,Other,1252
87,Vadodara,390007,4,4,9697,Alkapuri,Flat,Furnished,Ready to Move,Resale,East,3.0,Freehold,1650
88,Vadodara,390007,4,4,9029,Alkapuri,Flat,Unfurnished,Ready to Move,New,Other,,Other,1628
89,Vadodara,390007,4,4,8000,Alkapuri,Flat,Furnished,Ready to Move,Resale,East,4.0,Freehold,2000
90,Vadodara,390007,4,4,9929,Alkapuri,Flat,Unfurnished,Ready to Move,New,North,1.0,Freehold,2518
91,Vadodara,390022,3,3,2565,Amodar,House,Unfurnished,Unknown,Resale,Other,,Other,1185
92,Vadodara,390022,3,3,2569,Amodar,House,Furnished,Unknown,Resale,Other,,Other,1300
93,Vadodara,390022,2,2,7083,Anand Nagar,House,Semi-Furnished,Ready to Move,Resale,Other,,Other,360
94,Vadodara,390022,2,4,4545,Anandpura,House,Semi-Furnished,Ready to Move,Resale,Other,,Other,1210
95,Vadodara,390022,3,3,6087,Ananta Shubhlabh,House,Unfurnished,Ready to Move,Resale,Other,,Other,690
96,Vadodara,390022,3,3,7699,Ankhol,House,Unfurnished,Ready to Move,Resale,South,,Other,1130
97,Vadodara,390022,3,3,7089,Ankhol,House,Unfurnished,Ready to Move,Resale,East,2.0,Freehold,790
98,Vadodara,390022,3,3,4583,Ankhol,House,Semi-Furnished,Ready to Move,Resale,North,,Freehold,1200
99,Vadodara,390022,5,4,6476,Ankhol,Villa,Unfurnished,Unknown,New,Other,,Other,1714
100,Vadodara,390022,4,4,10000,Ankhol,House,Furnished,Ready to Move,Resale,Other,,Other,1050
101,Vadodara,390022,3,3,4096,Ashwamegh Nagar,Flat,Unfurnished,Ready to Move,Resale,Other,3.0,Other,1660
102,Vadodara,390022,2,2,3397,Atladara Bill Canal Road,Flat,Semi-Furnished,Ready to Move,Resale,West,3.0,Freehold,780
103,Vadodara,390012,1,1,3636,Atladra,Flat,Semi-Furnished,Ready to Move,Resale,Other,3.0,Other,550
104,Vadodara,390012,1,1,3956,Atladra,Flat,Semi-Furnished,Ready to Move,Resale,Other,3.0,Other,455
105,Vadodara,390012,2,2,3347,Atladra,Flat,Unfurnished,Ready to Move,Resale,East,4.0,Freehold,1195
106,Vadodara,390012,2,2,4222,Atladra,Flat,Semi-Furnished,Ready to Move,Resale,East,4.0,Freehold,900
107,Vadodara,390012,2,2,4000,Atladra,Flat,Semi-Furnished,Ready to Move,Resale,East,1.0,Freehold,750
108,Vadodara,390012,2,2,2762,Atladra,Flat,Semi-Furnished,Ready to Move,Resale,Other,2.0,Freehold,1195
109,Vadodara,390012,2,2,4308,Atladra,Flat,Furnished,Ready to Move,Resale,East,3.0,Freehold,650
110,Vadodara,390012,2,2,5241,Atladra,Flat,Semi-Furnished,Ready to Move,Resale,Other,4.0,Other,725
111,Vadodara,390012,2,2,4194,Atladra,Flat,Semi-Furnished,Ready to Move,Resale,North - East,4.0,Leasehold,620
112,Vadodara,390012,2,2,4062,Atladra,Flat,Unfurnished,Ready to Move,Resale,North,2.0,Freehold,800
113,Vadodara,390012,2,2,3820,Atladra,Flat,Semi-Furnished,Ready to Move,Resale,Other,3.0,Other,1178
114,Vadodara,390012,2,2,2348,Atladra,Flat,Unfurnished,Ready to Move,Resale,East,2.0,Other,1150
115,Vadodara,390012,2,2,3190,Atladra,Builder Floor,Unfurnished,Ready to Move,Resale,Other,3.0,Other,721
116,Vadodara,390012,2,2,3435,Atladra,Flat,Unfurnished,Ready to Move,Resale,Other,8.0,Other,1150
117,Vadodara,390012,2,2,3571,Atladra,Flat,Semi-Furnished,Ready to Move,Resale,South -West,3.0,Freehold,700
118,Vadodara,390012,2,2,3766,Atladra,Flat,Unfurnished,Ready to Move,Resale,Other,5.0,Freehold,1195
119,Vadodara,390012,2,2,5294,Atladra,Flat,Furnished,Ready to Move,Resale,Other,2.0,Other,850
120,Vadodara,390012,2,2,5469,Atladra,Flat,Furnished,Ready to Move,Resale,Other,7.0,Other,640
121,Vadodara,390012,2,2,2486,Atladra,Flat,Unfurnished,Ready to Move,Resale,Other,9.0,Other,1207
122,Vadodara,390012,2,2,2947,Atladra,Builder Floor,Semi-Furnished,Ready to Move,Resale,Other,9.0,Other,950
123,Vadodara,390012,2,2,3400,Atladra,Flat,Semi-Furnished,Ready to Move,Resale,West,2.0,Other,1000
124,Vadodara,390012,2,2,3556,Atladra,Flat,Unfurnished,Ready to Move,Resale,Other,2.0,Other,900
125,Vadodara,390012,2,2,4528,Atladra,Flat,Furnished,Ready to Move,Resale,West,12.0,Leasehold,773
126,Vadodara,390012,2,2,3754,Atladra,Flat,Unfurnished,Ready to Move,Resale,West,8.0,Freehold,1465
127,Vadodara,390012,2,2,3571,Atladra,Flat,Semi-Furnished,Ready to Move,Resale,East,9.0,Freehold,700
128,Vadodara,390012,2,2,3819,Atladra,Flat,Unfurnished,Ready to Move,Resale,Other,2.0,Freehold,838
129,Vadodara,390012,2,2,2737,Atladra,Flat,Furnished,Ready to Move,Resale,Other,10.0,Other,950
130,Vadodara,390012,2,2,5289,Atladra,Flat,Unfurnished,Unknown,New,Other,,Other,813
131,Vadodara,390012,2,2,5206,Atladra,Flat,Unfurnished,Unknown,New,Other,,Other,826
132,Vadodara,390012,1,3,2427,Atladra,Flat,Unknown,Ready to Move,Resale,Other,,Other,1566
133,Vadodara,390012,3,3,6131,Atladra,Flat,Unfurnished,Unknown,New,Other,,Other,1070
134,Vadodara,390012,3,3,5386,Atladra,Flat,Unfurnished,Unknown,New,Other,,Other,1114
135,Vadodara,390012,3,3,5333,Atladra,Flat,Unfurnished,Unknown,New,Other,,Other,900
136,Vadodara,390012,3,3,8333,Atladra,Villa,Furnished,Ready to Move,Resale,East,,Other,1200
137,Vadodara,390012,2,3,2948,Atladra,Flat,Semi-Furnished,Ready to Move,Resale,East,8.0,Other,1730
138,Vadodara,390012,3,3,4400,Atladra,Flat,Semi-Furnished,Ready to Move,Resale,North,2.0,Freehold,1250
139,Vadodara,390012,3,3,10651,Atladra,House,Unfurnished,Ready to Move,Resale,Other,,Freehold,676
140,Vadodara,390012,2,3,2356,Atladra,Flat,Unfurnished,Ready to Move,Resale,East,3.0,Freehold,1316
141,Vadodara,390012,3,3,2824,Atladra,Flat,Furnished,Ready to Move,Resale,North - East,3.0,Freehold,1700
142,Vadodara,390012,3,3,8383,Atladra,Flat,Furnished,Ready to Move,Resale,East,2.0,Other,1014
143,Vadodara,390012,3,3,4456,Atladra,Flat,Semi-Furnished,Ready to Move,Resale,Other,9.0,Other,1369
144,Vadodara,390012,3,3,4076,Atladra,Flat,Furnished,Unknown,Resale,West,5.0,Other,1840
145,Vadodara,390012,3,3,4222,Atladra,Flat,Semi-Furnished,Ready to Move,Resale,West,4.0,Freehold,900
146,Vadodara,390012,3,3,3103,Atladra,Flat,Furnished,Ready to Move,Resale,Other,4.0,Other,1450
147,Vadodara,390012,3,3,4909,Atladra,House,Furnished,Ready to Move,Resale,North - East,5.0,Freehold,1100
148,Vadodara,390012,3,3,5500,Atladra,Flat,Unfurnished,Ready to Move,Resale,East,4.0,Other,1000
149,Vadodara,390012,3,3,4167,Atladra,Flat,Semi-Furnished,Ready to Move,Resale,West,6.0,Other,1200
150,Vadodara,390012,3,3,5151,Atladra,Flat,Furnished,Ready to Move,Resale,East,6.0,Freehold,1456
151,Vadodara,390012,3,3,3500,Atladra,Flat,Semi-Furnished,Ready to Move,New,Other,5.0,Freehold,1000
152,Vadodara,390012,3,3,4688,Atladra,House,Semi-Furnished,Ready to Move,Resale,North - East,1.0,Freehold,1600
153,Vadodara,390012,2,3,2786,Atladra,Flat,Semi-Furnished,Ready to Move,Resale,Other,2.0,Other,1400
154,Vadodara,390012,2,3,4000,Atladra,Flat,Unfurnished,Ready to Move,Resale,Other,7.0,Other,900
155,Vadodara,390012,2,3,4565,Atladra,Flat,Unfurnished,Ready to Move,Resale,East,5.0,Other,920
156,Vadodara,390012,3,3,3140,Atladra,Flat,Semi-Furnished,Ready to Move,Resale,North,1.0,Freehold,1911
157,Vadodara,390012,3,3,5926,Atladra,House,Unfurnished,Ready to Move,Resale,Other,,Other,1350
158,Vadodara,390012,3,3,3429,Atladra,Flat,Semi-Furnished,Ready to Move,Resale,West,3.0,Freehold,2100
159,Vadodara,390012,3,3,6840,Atladra,House,Unfurnished,Ready to Move,Resale,East,1.0,Other,1250
160,Vadodara,390012,3,3,2971,Atladra,House,Unfurnished,Ready to Move,Resale,Other,5.0,Other,1750
161,Vadodara,390012,3,3,11600,Atladra,House,Furnished,Ready to Move,Resale,East,,Freehold,750
162,Vadodara,390012,3,3,6084,Atladra,Flat,Unfurnished,Unknown,New,Other,,Other,1070
163,Vadodara,390012,3,3,6028,Atladra,Flat,Unfurnished,Unknown,New,Other,,Other,1070
164,Vadodara,390012,3,3,5505,Atladra,Flat,Unfurnished,Unknown,New,Other,,Other,1090
165,Vadodara,390012,3,3,6196,Atladra,Flat,Unfurnished,Unknown,New,Other,,Other,1070
166,Vadodara,390012,3,3,6224,Atladra,Flat,Unfurnished,Unknown,New,Other,,Other,1070
167,Vadodara,390012,3,3,6290,Atladra,Flat,Unfurnished,Unknown,New,Other,,Other,1070
168,Vadodara,390012,4,4,3814,Atladra,Builder Floor,Semi-Furnished,Ready to Move,Resale,West,4.0,Freehold,1180
169,Vadodara,390012,4,4,10479,Atladra,Villa,Furnished,Ready to Move,Resale,West,,Freehold,1336
170,Vadodara,390012,4,4,7115,Atladra,House,Furnished,Ready to Move,Resale,Other,,Other,2600
171,Vadodara,390012,4,4,3000,Atladra,Flat,Semi-Furnished,Ready to Move,Resale,Other,8.0,Other,2250
172,Vadodara,390012,5,4,4269,Atladra,House,Unfurnished,Ready to Move,Resale,Other,8.0,Other,2600
173,Vadodara,390012,4,4,5500,Atladra,Flat,Semi-Furnished,Ready to Move,Resale,East,5.0,Freehold,1400
174,Vadodara,390012,4,4,5111,Atladra,House,Unfurnished,Ready to Move,Resale,East,,Freehold,2250
175,Vadodara,390012,4,4,3111,Atladra,Flat,Semi-Furnished,Ready to Move,Resale,Other,8.0,Other,2250
176,Vadodara,390012,4,4,7222,Atladra,Flat,Furnished,Ready to Move,Resale,West,1.0,Other,1800
177,Vadodara,390012,4,4,3750,Atladra,Villa,Unfurnished,Ready to Move,Resale,North,,Freehold,2000
178,Vadodara,390012,3,4,5556,Atladra,House,Semi-Furnished,Ready to Move,Resale,East,,Freehold,1350
179,Vadodara,390012,6,5,4000,Atladra,House,Furnished,Ready to Move,Resale,East,1.0,Freehold,5000
180,Vadodara,390012,3,5,6197,Atladra,House,Semi-Furnished,Ready to Move,Resale,Other,,Other,1775
181,Vadodara,390022,3,3,9000,Ayodhya Nagar,House,Furnished,Ready to Move,Resale,Other,,Other,1000
182,Vadodara,390022,2,2,6667,Ayodhya Township,House,Semi-Furnished,Ready to Move,Resale,Other,,Other,900
183,Vadodara,390022,1,1,2400,Babajipura,Builder Floor,Unfurnished,Unknown,Resale,Other,,Other,750
184,Vadodara,390022,3,1,6958,Bahar Colony,House,Unfurnished,Unknown,Resale,Other,,Other,480
185,Vadodara,390022,2,3,3571,Bansidhar Complex,Flat,Semi-Furnished,Ready to Move,Resale,East,5.0,Freehold,1400
186,Vadodara,390022,2,3,5053,Bapod,House,Unfurnished,Ready to Move,Resale,East,,Other,1425
187,Vadodara,390022,2,2,4385,Baroda Heights Manjalpur,Flat,Semi-Furnished,Ready to Move,Resale,East,12.0,Freehold,650
188,Vadodara,390022,3,3,7363,Behind Bankers Heart Institute,Flat,Semi-Furnished,Ready to Move,Resale,North,3.0,Freehold,1073
189,Vadodara,390022,5,5,8000,Bhakti Nagar,House,Furnished,Ready to Move,Resale,Other,1.0,Other,5000
190,Vadodara,390022,3,3,9444,Bhakti Nagar-Makarpura,House,Semi-Furnished,Unknown,Resale,West,3.0,Freehold,900
191,Vadodara,391410,1,1,5273,Bhayli,Flat,Furnished,Ready to Move,Resale,North,4.0,Freehold,550
192,Vadodara,391410,2,2,5556,Bhayli,Flat,Furnished,Ready to Move,Resale,East,4.0,Freehold,900
193,Vadodara,391410,2,2,5400,Bhayli,Flat,Unfurnished,Ready to Move,Resale,Other,5.0,Other,500
194,Vadodara,391410,2,2,3525,Bhayli,Flat,Semi-Furnished,Ready to Move,Resale,North - East,3.0,Other,1305
195,Vadodara,391410,2,2,3571,Bhayli,Flat,Furnished,Ready to Move,Resale,East,4.0,Freehold,700
196,Vadodara,391410,2,2,2419,Bhayli,Flat,Semi-Furnished,Ready to Move,Resale,Other,3.0,Other,1075
197,Vadodara,391410,2,2,5973,Bhayli,Flat,Unfurnished,Ready to Move,New,Other,,Other,904
198,Vadodara,391410,2,2,3600,Bhayli,Flat,Furnished,Ready to Move,Resale,Other,2.0,Other,750
199,Vadodara,391410,2,2,4286,Bhayli,Flat,Unfurnished,Ready to Move,Resale,Other,3.0,Other,700
200,Vadodara,391410,2,2,5806,Bhayli,Flat,Unfurnished,Ready to Move,Resale,Other,3.0,Other,620
201,Vadodara,391410,2,2,4103,Bhayli,Flat,Furnished,Ready to Move,Resale,East,4.0,Freehold,780
202,Vadodara,391410,2,2,2361,Bhayli,Flat,Furnished,Ready to Move,Resale,East,5.0,Freehold,1800
203,Vadodara,391410,2,2,2938,Bhayli,Flat,Semi-Furnished,Ready to Move,Resale,Other,3.0,Other,1120
204,Vadodara,391410,2,2,3765,Bhayli,Flat,Semi-Furnished,Ready to Move,Resale,East,4.0,Freehold,850
205,Vadodara,391410,2,2,3765,Bhayli,Flat,Furnished,Ready to Move,Resale,North - East,6.0,Freehold,850
206,Vadodara,391410,2,2,4375,Bhayli,Flat,Unfurnished,Ready to Move,Resale,East,3.0,Freehold,800
207,Vadodara,391410,2,2,3404,Bhayli,Flat,Semi-Furnished,Ready to Move,Resale,East,1.0,Other,1322
208,Vadodara,391410,2,2,2778,Bhayli,Flat,Unfurnished,Ready to Move,Resale,West,4.0,Other,900
209,Vadodara,391410,2,2,2667,Bhayli,Flat,Unfurnished,Ready to Move,Resale,Other,3.0,Freehold,1050
210,Vadodara,391410,2,2,2857,Bhayli,Flat,Furnished,Ready to Move,Resale,Other,1.0,Other,1050
211,Vadodara,391410,2,2,2545,Bhayli,Flat,Semi-Furnished,Ready to Move,Resale,Other,4.0,Other,1100
212,Vadodara,391410,2,2,3756,Bhayli,Flat,Semi-Furnished,Ready to Move,Resale,North - East,4.0,Freehold,900
213,Vadodara,391410,2,2,4915,Bhayli,Flat,Furnished,Ready to Move,Resale,West,1.0,Other,763
214,Vadodara,391410,2,2,4471,Bhayli,Flat,Semi-Furnished,Ready to Move,Resale,Other,4.0,Freehold,850
215,Vadodara,391410,2,2,5323,Bhayli,Flat,Furnished,Ready to Move,Resale,North - East,2.0,Freehold,789
216,Vadodara,391410,2,2,5000,Bhayli,Flat,Furnished,Ready to Move,Resale,Other,3.0,Other,700
217,Vadodara,391410,2,2,4308,Bhayli,Builder Floor,Furnished,Ready to Move,Resale,North - East,4.0,Freehold,650
218,Vadodara,391410,2,2,3077,Bhayli,Flat,Unfurnished,Ready to Move,Resale,Other,2.0,Other,1040
219,Vadodara,391410,2,2,12121,Bhayli,Flat,Unfurnished,Ready to Move,Resale,Other,3.0,Other,825
220,Vadodara,391410,2,2,3226,Bhayli,Flat,Semi-Furnished,Ready to Move,Resale,Other,8.0,Other,775
221,Vadodara,391410,2,2,3333,Bhayli,Builder Floor,Furnished,Ready to Move,Resale,Other,2.0,Other,1050
222,Vadodara,391410,2,2,5319,Bhayli,Flat,Furnished,Ready to Move,Resale,Other,3.0,Other,658
223,Vadodara,391410,2,2,4400,Bhayli,Flat,Semi-Furnished,Ready to Move,Resale,Other,2.0,Other,1250
224,Vadodara,391410,2,2,5811,Bhayli,Flat,Furnished,Ready to Move,New,East,5.0,Freehold,740
225,Vadodara,391410,2,2,6694,Bhayli,Flat,Furnished,Ready to Move,Resale,North - East,5.0,Freehold,732
226,Vadodara,391410,2,2,4429,Bhayli,Flat,Semi-Furnished,Ready to Move,Resale,Other,2.0,Other,700
227,Vadodara,391410,2,2,4333,Bhayli,Flat,Unfurnished,Ready to Move,Resale,Other,1.0,Other,600
228,Vadodara,391410,3,3,4505,Bhayli,Flat,Semi-Furnished,Ready to Move,Resale,East,4.0,Other,910
229,Vadodara,391410,3,3,7353,Bhayli,Flat,Furnished,Ready to Move,Resale,Other,1.0,Other,1700
230,Vadodara,391410,3,3,5143,Bhayli,Flat,Furnished,Ready to Move,Resale,Other,6.0,Other,1400
231,Vadodara,391410,2,3,5424,Bhayli,Flat,Furnished,Ready to Move,Resale,Other,5.0,Other,931
232,Vadodara,391410,3,3,4100,Bhayli,Flat,Semi-Furnished,Ready to Move,Resale,Other,3.0,Other,1000
233,Vadodara,391410,3,3,3158,Bhayli,Flat,Semi-Furnished,Ready to Move,Resale,Other,5.0,Freehold,1900
234,Vadodara,391410,3,3,4000,Bhayli,Flat,Furnished,Ready to Move,Resale,South -West,5.0,Freehold,2250
235,Vadodara,391410,3,3,3111,Bhayli,House,Unknown,Ready to Move,Resale,East,5.0,Other,2250
236,Vadodara,391410,2,3,6641,Bhayli,Flat,Furnished,Ready to Move,Resale,North - East,5.0,Leasehold,1280
237,Vadodara,391410,3,3,5217,Bhayli,House,Semi-Furnished,Ready to Move,Resale,East,4.0,Freehold,1150
238,Vadodara,391410,3,3,6926,Bhayli,Flat,Unfurnished,Ready to Move,New,East,6.0,Freehold,1184
239,Vadodara,391410,3,3,3684,Bhayli,Flat,Semi-Furnished,Ready to Move,Resale,Other,3.0,Other,950
240,Vadodara,391410,3,3,4396,Bhayli,Flat,Semi-Furnished,Ready to Move,Resale,Other,4.0,Other,910
241,Vadodara,391410,3,3,2745,Bhayli,Builder Floor,Semi-Furnished,Ready to Move,Resale,Other,2.0,Other,1275
242,Vadodara,391410,2,3,3733,Bhayli,Flat,Unfurnished,Ready to Move,Resale,Other,2.0,Other,1500
243,Vadodara,391410,3,3,8668,Bhayli,Flat,Furnished,Ready to Move,Resale,West,2.0,Freehold,1269
244,Vadodara,391410,3,3,6904,Bhayli,Flat,Furnished,Ready to Move,Resale,East,11.0,Freehold,1376
245,Vadodara,391410,3,3,3778,Bhayli,Flat,Furnished,Ready to Move,Resale,South,9.0,Freehold,1800
246,Vadodara,391410,4,3,4409,Bhayli,Flat,Unfurnished,Ready to Move,New,East,5.0,Freehold,1150
247,Vadodara,391410,3,3,7336,Bhayli,Flat,Semi-Furnished,Ready to Move,Resale,East,2.0,Freehold,1145
248,Vadodara,391410,3,3,4444,Bhayli,Flat,Semi-Furnished,Ready to Move,Resale,East,3.0,Other,900
249,Vadodara,391410,3,3,10127,Bhayli,House,Furnished,Ready to Move,Resale,East,11.0,Freehold,1580
250,Vadodara,391410,3,3,3750,Bhayli,House,Unfurnished,Ready to Move,Resale,East,8.0,Freehold,1200
251,Vadodara,391410,3,3,6875,Bhayli,Flat,Furnished,Ready to Move,Resale,East,3.0,Freehold,1600
252,Vadodara,391410,3,3,3853,Bhayli,Flat,Unfurnished,Ready to Move,New,East,8.0,Freehold,2725
253,Vadodara,391410,3,3,4993,Bhayli,House,Furnished,Ready to Move,Resale,East,4.0,Freehold,1442
254,Vadodara,391410,3,3,3103,Bhayli,House,Unfurnished,Ready to Move,Resale,East,5.0,Freehold,1450
255,Vadodara,391410,3,3,5783,Bhayli,Flat,Semi-Furnished,Ready to Move,Resale,South,7.0,Freehold,951
256,Vadodara,391410,3,3,4164,Bhayli,House,Semi-Furnished,Ready to Move,Resale,Other,4.0,Freehold,1921
257,Vadodara,391410,3,3,7500,Bhayli,Flat,Furnished,Ready to Move,Resale,Other,1.0,Other,1000
258,Vadodara,391410,3,3,5333,Bhayli,Flat,Furnished,Ready to Move,Resale,East,7.0,Freehold,1050
259,Vadodara,391410,3,3,3947,Bhayli,House,Furnished,Ready to Move,Resale,South,5.0,Other,1900
260,Vadodara,391410,3,3,4775,Bhayli,Flat,Unfurnished,Unknown,New,Other,,Other,1110
261,Vadodara,391410,3,3,4526,Bhayli,Flat,Semi-Furnished,Ready to Move,Resale,West,3.0,Freehold,950
262,Vadodara,391410,3,3,3273,Bhayli,Flat,Unfurnished,Ready to Move,Resale,Other,2.0,Other,1375
263,Vadodara,391410,3,3,3750,Bhayli,House,Semi-Furnished,Ready to Move,Resale,East,5.0,Freehold,1200
264,Vadodara,391410,3,3,3641,Bhayli,Flat,Semi-Furnished,Unknown,Resale,Other,2.0,Other,1538
265,Vadodara,391410,2,3,5404,Bhayli,Flat,Unfurnished,Ready to Move,Resale,East,7.0,Freehold,768
266,Vadodara,391410,3,3,4550,Bhayli,Flat,Semi-Furnished,Ready to Move,New,Other,4.0,Freehold,967
267,Vadodara,391410,3,3,4333,Bhayli,Flat,Semi-Furnished,Ready to Move,Resale,Other,1.0,Other,1500
268,Vadodara,391410,3,3,4267,Bhayli,Flat,Semi-Furnished,Ready to Move,Resale,Other,3.0,Other,750
269,Vadodara,391410,3,3,5455,Bhayli,Flat,Furnished,Ready to Move,Resale,East,4.0,Other,1100
270,Vadodara,391410,3,3,3462,Bhayli,Flat,Semi-Furnished,Ready to Move,Resale,Other,4.0,Other,1300
271,Vadodara,391410,3,3,4095,Bhayli,Flat,Semi-Furnished,Ready to Move,Unknown,West,3.0,Freehold,1050
272,Vadodara,391410,3,3,5412,Bhayli,Flat,Semi-Furnished,Ready to Move,Resale,Other,6.0,Other,850
273,Vadodara,391410,2,3,5372,Bhayli,Flat,Unfurnished,Ready to Move,Resale,Other,7.0,Other,968
274,Vadodara,391410,3,3,3810,Bhayli,Flat,Semi-Furnished,Ready to Move,Resale,East,4.0,Other,1050
275,Vadodara,391410,3,3,4333,Bhayli,House,Furnished,Ready to Move,Resale,East,6.0,Other,1500
276,Vadodara,391410,2,3,4457,Bhayli,Flat,Semi-Furnished,Ready to Move,Resale,East,2.0,Freehold,875
277,Vadodara,391410,3,3,6636,Bhayli,Flat,Furnished,Ready to Move,Resale,Other,4.0,Other,1085
278,Vadodara,391410,3,3,3571,Bhayli,Flat,Semi-Furnished,Ready to Move,Resale,Other,3.0,Freehold,980
279,Vadodara,391410,3,3,6034,Bhayli,Flat,Furnished,Ready to Move,Resale,Other,2.0,Other,1160
280,Vadodara,391410,2,3,3059,Bhayli,Flat,Semi-Furnished,Ready to Move,Resale,West,2.0,Freehold,850
281,Vadodara,391410,4,3,3438,Bhayli,House,Unfurnished,Ready to Move,Resale,Other,5.0,Other,1600
282,Vadodara,391410,3,3,5956,Bhayli,Flat,Semi-Furnished,Ready to Move,Resale,Other,3.0,Other,1125
283,Vadodara,391410,2,3,4750,Bhayli,Flat,Unfurnished,Ready to Move,Resale,East,1.0,Other,800
284,Vadodara,391410,3,3,7373,Bhayli,Flat,Semi-Furnished,Ready to Move,Resale,East,6.0,Freehold,902
285,Vadodara,391410,3,3,2968,Bhayli,Flat,Furnished,Ready to Move,Resale,Other,1.0,Other,1550
286,Vadodara,391410,3,3,2462,Bhayli,House,Unfurnished,Ready to Move,Resale,Other,4.0,Other,1625
287,Vadodara,391410,3,3,3438,Bhayli,Flat,Unfurnished,Ready to Move,Resale,Other,5.0,Other,1600
288,Vadodara,391410,2,3,2345,Bhayli,Flat,Semi-Furnished,Ready to Move,Resale,Other,1.0,Other,1450
289,Vadodara,391410,3,3,3444,Bhayli,Flat,Furnished,Ready to Move,Resale,Other,4.0,Other,1800
290,Vadodara,391410,3,3,4300,Bhayli,Flat,Furnished,Ready to Move,Resale,East,2.0,Freehold,1500
291,Vadodara,391410,3,3,5545,Bhayli,Flat,Unfurnished,Ready to Move,New,East,4.0,Freehold,1010
292,Vadodara,391410,3,3,10726,Bhayli,Villa,Furnished,Ready to Move,Resale,East,,Freehold,606
293,Vadodara,391410,3,3,3994,Bhayli,Flat,Semi-Furnished,Ready to Move,Resale,West,3.0,Freehold,1039
294,Vadodara,391410,3,3,4883,Bhayli,Flat,Furnished,Ready to Move,Resale,East,2.0,Freehold,983
295,Vadodara,391410,3,3,7905,Bhayli,Flat,Furnished,Ready to Move,Resale,East,8.0,Freehold,1050
296,Vadodara,391410,3,3,2759,Bhayli,Flat,Unfurnished,Ready to Move,Resale,Other,3.0,Other,1450
297,Vadodara,391410,3,3,6273,Bhayli,House,Furnished,Ready to Move,Resale,East,,Freehold,2200
298,Vadodara,391410,2,3,7857,Bhayli,Flat,Semi-Furnished,Ready to Move,Resale,Other,6.0,Other,1260
299,Vadodara,391410,3,3,2800,Bhayli,Flat,Semi-Furnished,Ready to Move,Resale,Other,1.0,Other,1500
300,Vadodara,391410,3,3,7576,Bhayli,Flat,Furnished,Ready to Move,Resale,Other,12.0,Freehold,1650
301,Vadodara,391410,3,3,8268,Bhayli,Flat,Furnished,Ready to Move,Resale,East,13.0,Other,1270
302,Vadodara,391410,3,3,4467,Bhayli,Flat,Unfurnished,Ready to Move,Resale,Other,4.0,Other,1500
303,Vadodara,391410,3,3,4638,Bhayli,Flat,Unfurnished,Ready to Move,Resale,East,2.0,Freehold,1035
304,Vadodara,391410,4,4,6071,Bhayli,Flat,Unfurnished,Unknown,New,Other,,Other,1527
305,Vadodara,391410,4,4,6780,Bhayli,Flat,Unfurnished,Unknown,New,Other,,Other,2065
306,Vadodara,391410,4,4,8708,Bhayli,Flat,Unfurnished,Unknown,New,Other,,Other,2400
307,Vadodara,391410,4,4,6148,Bhayli,Flat,Unfurnished,Unknown,New,Other,,Other,1903
308,Vadodara,391410,5,4,7170,Bhayli,Villa,Unfurnished,Ready to Move,New,North - East,,Freehold,2371
309,Vadodara,391410,5,4,5749,Bhayli,House,Furnished,Ready to Move,New,South,1.0,Freehold,1670
310,Vadodara,391410,4,4,5246,Bhayli,House,Unfurnished,Ready to Move,Resale,Other,5.0,Other,1506
311,Vadodara,391410,5,4,8387,Bhayli,Villa,Unfurnished,Ready to Move,New,East,,Freehold,3100
312,Vadodara,391410,4,4,7143,Bhayli,House,Furnished,Ready to Move,Resale,Other,,Other,2800
313,Vadodara,391410,4,4,11312,Bhayli,Flat,Furnished,Ready to Move,Resale,North - East,3.0,Freehold,2210
314,Vadodara,391410,4,4,6720,Bhayli,Flat,Unfurnished,Ready to Move,Resale,East,8.0,Freehold,2009
315,Vadodara,391410,4,4,7071,Bhayli,House,Unfurnished,Ready to Move,Resale,Other,,Other,1400
316,Vadodara,391410,4,4,10526,Bhayli,Flat,Furnished,Ready to Move,Resale,East,3.0,Freehold,3800
317,Vadodara,391410,4,4,8920,Bhayli,House,Furnished,Ready to Move,Resale,Other,11.0,Other,2074
318,Vadodara,391410,4,4,6250,Bhayli,Flat,Furnished,Ready to Move,Resale,East,4.0,Freehold,2960
319,Vadodara,391410,4,4,5750,Bhayli,House,Semi-Furnished,Ready to Move,Resale,East,4.0,Other,2000
320,Vadodara,391410,1,4,10894,Bhayli,House,Semi-Furnished,Ready to Move,Resale,East,,Freehold,2350
321,Vadodara,391410,4,4,4838,Bhayli,Flat,Furnished,Ready to Move,Resale,Other,7.0,Other,2005
322,Vadodara,391410,4,4,3131,Bhayli,Builder Floor,Furnished,Ready to Move,Resale,Other,5.0,Other,2140
323,Vadodara,391410,4,4,10556,Bhayli,Villa,Unfurnished,Ready to Move,Resale,Other,,Other,1800
324,Vadodara,391410,4,4,3431,Bhayli,Flat,Furnished,Ready to Move,Resale,Other,11.0,Other,3060
325,Vadodara,391410,4,4,9000,Bhayli,House,Furnished,Ready to Move,Resale,Other,,Other,2000
326,Vadodara,391410,5,5,3889,Bhayli,House,Unfurnished,Ready to Move,Resale,Other,5.0,Other,2700
327,Vadodara,391410,5,5,8715,Bhayli,House,Furnished,Ready to Move,Resale,Other,4.0,Other,2880
328,Vadodara,391410,5,5,4010,Bhayli,House,Unfurnished,Ready to Move,Resale,East,12.0,Freehold,5860
329,Vadodara,390022,2,2,5833,Bhayli Road,Flat,Furnished,Ready to Move,New,East,5.0,Freehold,600
330,Vadodara,390022,2,2,2938,Bhayli Road,Flat,Semi-Furnished,Ready to Move,Resale,Other,3.0,Other,1120
331,Vadodara,390022,3,3,3905,Bhayli Road,House,Semi-Furnished,Ready to Move,Resale,North - West,5.0,Leasehold,1050
332,Vadodara,390022,2,2,3200,Bill,Flat,Unfurnished,Ready to Move,Resale,East,3.0,Freehold,750
333,Vadodara,390022,2,2,3354,Bill,Flat,Furnished,Ready to Move,Resale,East,7.0,Other,790
334,Vadodara,390022,2,2,3378,Bill,Flat,Semi-Furnished,Ready to Move,Resale,South - East,3.0,Other,740
335,Vadodara,390022,2,2,5385,Bill,Flat,Semi-Furnished,Ready to Move,Resale,Other,5.0,Other,650
336,Vadodara,390022,2,2,2653,Bill,Flat,Furnished,Ready to Move,Resale,West,7.0,Other,980
337,Vadodara,390022,2,2,3556,Bill,Flat,Semi-Furnished,Ready to Move,Resale,Other,2.0,Freehold,675
338,Vadodara,390022,2,2,3864,Bill,Flat,Semi-Furnished,Ready to Move,Resale,North - East,4.0,Freehold,634
339,Vadodara,390022,2,2,3571,Bill,Flat,Semi-Furnished,Ready to Move,Resale,East,5.0,Other,700
340,Vadodara,390022,2,2,3974,Bill,Flat,Furnished,Ready to Move,Resale,North - East,5.0,Other,780
341,Vadodara,390022,2,2,2706,Bill,Flat,Semi-Furnished,Ready to Move,Resale,Other,3.0,Other,924
342,Vadodara,390022,2,2,3000,Bill,Flat,Semi-Furnished,Ready to Move,New,Other,1.0,Other,900
343,Vadodara,390022,2,3,3684,Bill,Flat,Semi-Furnished,Ready to Move,Resale,North - East,3.0,Freehold,760
344,Vadodara,390022,3,3,6818,Bill,House,Unfurnished,Ready to Move,Resale,West,,Freehold,1188
345,Vadodara,390022,4,4,6086,Bill,Villa,Unfurnished,Ready to Move,Resale,Other,,Freehold,3040
346,Vadodara,390022,4,4,4615,Bill,House,Unfurnished,Ready to Move,Resale,Other,,Other,2600
347,Vadodara,390022,4,4,4688,Bill,Villa,Furnished,Ready to Move,Resale,Other,,Other,1920
348,Vadodara,390022,4,4,3066,Bill,House,Furnished,Ready to Move,Resale,Other,5.0,Other,2120
349,Vadodara,390022,4,4,3432,Bodeli,Villa,Semi-Furnished,Ready to Move,Resale,Other,,Other,1311
350,Vadodara,390022,3,2,3438,Bpc Road,House,Furnished,Ready to Move,Resale,Other,4.0,Freehold,1600
351,Vadodara,390022,3,3,6174,Brahma Residency,House,Furnished,Ready to Move,Resale,Other,4.0,Other,1150
352,Vadodara,390022,1,1,3910,Chapad,Villa,Semi-Furnished,Unknown,Resale,Other,,Other,1000
353,Vadodara,391740,1,1,4149,Chhani,Flat,Unfurnished,Ready to Move,Resale,East,3.0,Other,723
354,Vadodara,391740,1,1,3529,Chhani,Flat,Semi-Furnished,Ready to Move,Resale,Other,3.0,Other,595
355,Vadodara,391740,1,1,6066,Chhani,Flat,Unfurnished,Ready to Move,Resale,West,4.0,Freehold,577
356,Vadodara,391740,2,2,4118,Chhani,Flat,Furnished,Ready to Move,Resale,West,3.0,Freehold,850
357,Vadodara,391740,2,2,2778,Chhani,Flat,Furnished,Ready to Move,Resale,East,1.0,Leasehold,1080
358,Vadodara,391740,2,2,3556,Chhani,Flat,Unfurnished,Ready to Move,Resale,East,3.0,Leasehold,900
359,Vadodara,391740,2,2,4651,Chhani,Flat,Unfurnished,Ready to Move,Resale,South,8.0,Freehold,860
360,Vadodara,391740,2,2,4189,Chhani,Flat,Unfurnished,Ready to Move,Resale,Other,1.0,Freehold,740
361,Vadodara,391740,2,2,5112,Chhani,Flat,Furnished,Ready to Move,Resale,East,9.0,Freehold,1565
362,Vadodara,391740,2,2,2977,Chhani,Flat,Furnished,Ready to Move,Resale,Other,3.0,Freehold,1075
363,Vadodara,391740,2,2,3280,Chhani,Flat,Furnished,Ready to Move,Resale,Other,2.0,Other,1250
364,Vadodara,391740,3,3,5833,Chhani,Flat,Unfurnished,Ready to Move,Resale,West,4.0,Freehold,1200
365,Vadodara,391740,3,3,5934,Chhani,Flat,Semi-Furnished,Ready to Move,Resale,Other,6.0,Other,910
366,Vadodara,391740,3,3,3067,Chhani,Flat,Unfurnished,Ready to Move,Resale,East,5.0,Freehold,2119
367,Vadodara,391740,1,3,4000,Chhani,Flat,Unknown,Ready to Move,Resale,Other,,Other,2500
368,Vadodara,391740,3,3,6742,Chhani,Flat,Furnished,Ready to Move,Resale,Other,7.0,Other,890
369,Vadodara,391740,3,3,7234,Chhani,Flat,Furnished,Ready to Move,Resale,East,7.0,Freehold,1175
370,Vadodara,391740,3,3,8730,Chhani,Flat,Furnished,Ready to Move,Resale,East,2.0,Other,1260
371,Vadodara,391740,3,3,4395,Chhani,Flat,Semi-Furnished,Ready to Move,Resale,Other,10.0,Other,1024
372,Vadodara,391740,3,3,7037,Chhani,Flat,Furnished,Ready to Move,Resale,Other,3.0,Other,1350
373,Vadodara,391740,3,3,3509,Chhani,Flat,Unfurnished,Ready to Move,Resale,North - West,3.0,Freehold,1710
374,Vadodara,390022,2,2,5103,Chhani Canel Road,Flat,Furnished,Ready to Move,Resale,East,6.0,Other,823
375,Vadodara,390022,2,2,3619,Chhani Jakat Naka,Flat,Unfurnished,Ready to Move,Resale,East,3.0,Freehold,1050
376,Vadodara,390022,2,2,5286,Chhani Jakat Naka,Flat,Furnished,Ready to Move,Resale,East,2.0,Freehold,700
377,Vadodara,390022,1,2,10000,Chhani Jakat Naka,House,Semi-Furnished,Ready to Move,Resale,Other,,Other,1200
378,Vadodara,390022,3,4,10448,Chhani Jakat Naka,House,Semi-Furnished,Ready to Move,Resale,East,,Freehold,1005
379,Vadodara,390022,3,3,5938,Chikuwadi,Flat,Furnished,Ready to Move,Resale,Other,2.0,Other,1600
380,Vadodara,390022,1,1,3000,Chokhandi,House,Semi-Furnished,Ready to Move,Resale,East,1.0,Freehold,650
381,Vadodara,390022,3,3,3917,Dabhoi,House,Unfurnished,Ready to Move,Resale,Other,,Other,1200
382,Vadodara,390022,1,1,6000,Dabhoi Road,Flat,Semi-Furnished,Ready to Move,Resale,East,3.0,Freehold,300
383,Vadodara,390022,1,1,3409,Dabhoi Road,Flat,Unfurnished,Ready to Move,Resale,West,3.0,Freehold,440
384,Vadodara,390022,2,2,2692,Dabhoi Road,House,Unfurnished,Ready to Move,Resale,Other,3.0,Other,650
385,Vadodara,390022,2,2,4267,Dabhoi Road,Flat,Semi-Furnished,Ready to Move,Resale,Other,3.0,Other,750
386,Vadodara,390022,2,2,2435,Dabhoi Road,Flat,Semi-Furnished,Ready to Move,Resale,Other,1.0,Other,1150
387,Vadodara,390022,2,2,3153,Dabhoi Road,Flat,Semi-Furnished,Ready to Move,Resale,East,4.0,Freehold,999
388,Vadodara,390022,2,2,2727,Dabhoi Road,Flat,Semi-Furnished,Ready to Move,Resale,West,2.0,Freehold,1100
389,Vadodara,390022,3,3,4507,Dabhoi Road,House,Unfurnished,Ready to Move,Resale,Other,,Other,1531
390,Vadodara,390022,3,3,6202,Dabhoi Road,Villa,Unfurnished,Ready to Move,Resale,West,,Freehold,890
391,Vadodara,390022,3,3,7081,Dabhoi Road,Flat,Furnished,Ready to Move,Resale,Other,6.0,Other,805
392,Vadodara,390022,4,3,2651,Dabhoi Road,Villa,Unfurnished,Ready to Move,Resale,Other,,Freehold,2490
393,Vadodara,390022,4,4,7225,Dabhoi Road,House,Semi-Furnished,Ready to Move,Resale,North - East,,Freehold,955
394,Vadodara,390022,3,3,3571,Dak Bunglaw,Flat,Furnished,Unknown,Unknown,East,3.0,Other,1400
395,Vadodara,390022,1,2,3846,Dandia Bazar,Flat,Unknown,Ready to Move,Resale,Other,,Other,624
396,Vadodara,390022,1,2,6000,Dandia Bazar,Flat,Unfurnished,Ready to Move,Resale,East,1.0,Other,650
397,Vadodara,390022,1,3,2308,Dandia Bazar,Builder Floor,Semi-Furnished,Ready to Move,Resale,East,3.0,Other,650
398,Vadodara,390022,2,3,4400,Dandia Bazar,Flat,Semi-Furnished,Ready to Move,Resale,Other,2.0,Other,1250
399,Vadodara,390022,2,4,7778,Dandia Bazar,House,Semi-Furnished,Ready to Move,New,North,,Freehold,900
400,Vadodara,390022,2,2,8000,Danteshwar,House,Unfurnished,Ready to Move,Resale,Other,1.0,Other,750
401,Vadodara,390022,2,3,3983,Danteshwar,Flat,Semi-Furnished,Ready to Move,Resale,Other,1.0,Other,1180
402,Vadodara,390022,3,3,8763,Danteshwar,House,Furnished,Ready to Move,Resale,Other,1.0,Other,970
403,Vadodara,390022,2,2,4444,Dashrath,Flat,Furnished,Ready to Move,Resale,Other,2.0,Other,900
404,Vadodara,390022,3,3,4762,Dev Deep Nagar,Flat,Semi-Furnished,Ready to Move,Resale,South -West,6.0,Freehold,1050
405,Vadodara,390022,1,1,4583,Divyasankul Apartment,Flat,Semi-Furnished,Ready to Move,Resale,Other,3.0,Other,480
406,Vadodara,390002,1,1,4800,Diwalipura,Flat,Semi-Furnished,Ready to Move,Resale,East,2.0,Other,375
407,Vadodara,390002,1,1,11860,Diwalipura,House,Unfurnished,Ready to Move,Resale,East,1.0,Freehold,430
408,Vadodara,390002,2,2,6429,Diwalipura,Flat,Furnished,Ready to Move,Resale,East,2.0,Freehold,700
409,Vadodara,390002,3,2,7967,Diwalipura,House,Unfurnished,Ready to Move,Resale,East,,Other,1230
410,Vadodara,390002,2,2,5235,Diwalipura,Builder Floor,Semi-Furnished,Ready to Move,Resale,Other,3.0,Other,936
411,Vadodara,390002,2,2,4875,Diwalipura,Flat,Semi-Furnished,Ready to Move,Resale,Other,3.0,Other,800
412,Vadodara,390002,3,2,11429,Diwalipura,House,Semi-Furnished,Ready to Move,Resale,East,3.0,Other,1400
413,Vadodara,390002,2,2,5310,Diwalipura,Flat,Semi-Furnished,Ready to Move,Resale,East,4.0,Freehold,725
414,Vadodara,390002,2,2,4545,Diwalipura,House,Unfurnished,Ready to Move,Resale,Other,2.0,Other,1100
415,Vadodara,390002,2,2,5333,Diwalipura,House,Semi-Furnished,Ready to Move,Resale,Other,,Other,3000
416,Vadodara,390002,2,2,3529,Diwalipura,Flat,Semi-Furnished,Ready to Move,Resale,East,5.0,Other,850
417,Vadodara,390002,3,3,5986,Diwalipura,Builder Floor,Unfurnished,Ready to Move,Resale,Other,3.0,Freehold,1420
418,Vadodara,390002,3,3,4274,Diwalipura,Flat,Unfurnished,Ready to Move,Resale,Other,5.0,Other,1170
419,Vadodara,390002,3,3,2941,Diwalipura,Flat,Unfurnished,Ready to Move,Resale,Other,4.0,Other,1700
420,Vadodara,390002,3,3,9419,Diwalipura,House,Semi-Furnished,Ready to Move,Resale,West,,Freehold,860
421,Vadodara,390002,3,3,7419,Diwalipura,Villa,Furnished,Ready to Move,Resale,East,,Freehold,1550
422,Vadodara,390002,2,3,7000,Diwalipura,Villa,Unfurnished,Ready to Move,Resale,North,,Freehold,1400
423,Vadodara,390002,1,3,6701,Diwalipura,House,Unfurnished,Ready to Move,Resale,Other,,Other,970
424,Vadodara,390002,4,4,9059,Diwalipura,Villa,Semi-Furnished,Ready to Move,Resale,Other,,Other,850
425,Vadodara,390002,3,4,3400,Diwalipura,House,Furnished,Ready to Move,Resale,Other,3.0,Other,2500
426,Vadodara,390002,4,4,4000,Diwalipura,House,Furnished,Ready to Move,New,East,4.0,Freehold,3500
427,Vadodara,390002,6,5,5111,Diwalipura,Flat,Furnished,Ready to Move,Resale,North - East,9.0,Other,2250
428,Vadodara,390022,2,2,3385,Earth Icon Ii,Flat,Semi-Furnished,Ready to Move,Resale,East,1.0,Freehold,650
429,Vadodara,390022,2,2,2600,Ekta Nagar,Flat,Unfurnished,Unknown,Resale,Other,,Other,750
430,Vadodara,390022,2,2,10833,Ellora Park,House,Furnished,Ready to Move,Resale,Other,,Other,1200
431,Vadodara,390022,4,4,2571,Ellora Park,Flat,Furnished,Ready to Move,Resale,Other,3.0,Other,1400
432,Vadodara,390022,2,2,3333,Eshanya,Flat,Semi-Furnished,Ready to Move,Resale,Other,2.0,Freehold,750
433,Vadodara,390002,1,1,3667,Fatehgunj,Flat,Semi-Furnished,Ready to Move,Resale,East,2.0,Freehold,450
434,Vadodara,390002,1,1,3385,Fatehgunj,Flat,Semi-Furnished,Ready to Move,Resale,Other,3.0,Other,650
435,Vadodara,390002,1,1,3333,Fatehgunj,Flat,Furnished,Ready to Move,Resale,North,9.0,Freehold,600
436,Vadodara,390002,2,2,6887,Fatehgunj,Flat,Semi-Furnished,Ready to Move,Resale,North - West,5.0,Other,726
437,Vadodara,390002,2,2,4583,Fatehgunj,Flat,Semi-Furnished,Ready to Move,Resale,Other,4.0,Freehold,1200
438,Vadodara,390002,2,2,5571,Fatehgunj,House,Semi-Furnished,Ready to Move,Resale,East,5.0,Freehold,700
439,Vadodara,390002,2,2,5000,Fatehgunj,Builder Floor,Semi-Furnished,Ready to Move,Resale,East,1.0,Freehold,940
440,Vadodara,390002,2,2,5647,Fatehgunj,Flat,Furnished,Ready to Move,Resale,Other,3.0,Other,850
441,Vadodara,390002,2,2,3750,Fatehgunj,Builder Floor,Semi-Furnished,Ready to Move,Resale,Other,2.0,Other,800
442,Vadodara,390002,1,2,3500,Fatehgunj,Builder Floor,Furnished,Unknown,Resale,Other,1.0,Other,1000
443,Vadodara,390002,1,2,3140,Fatehgunj,Flat,Unfurnished,Ready to Move,Resale,South,6.0,Freehold,860
444,Vadodara,390002,2,2,2917,Fatehgunj,Flat,Furnished,Unknown,Resale,Other,6.0,Other,1200
445,Vadodara,390002,3,3,7222,Fatehgunj,Flat,Unfurnished,Ready to Move,Resale,East,4.0,Freehold,900
446,Vadodara,390002,2,3,8571,Fatehgunj,House,Furnished,Ready to Move,Resale,West,4.0,Freehold,1400
447,Vadodara,390002,2,3,7692,Fatehgunj,Flat,Semi-Furnished,Ready to Move,Resale,Other,1.0,Other,1300
448,Vadodara,390002,2,3,5000,Fatehgunj,House,Semi-Furnished,Ready to Move,Resale,Other,3.0,Other,800
449,Vadodara,390002,4,6,9470,Fatehgunj,House,Semi-Furnished,Ready to Move,Resale,Other,2.0,Other,2112
450,Vadodara,390002,4,7,4378,Fatehgunj,House,Semi-Furnished,Ready to Move,Resale,North - East,,Other,2010
451,Vadodara,390002,4,9,7955,Fatehgunj,House,Unfurnished,Ready to Move,Resale,Other,1.0,Other,2640
452,Vadodara,390022,2,3,3846,Fatehpura,House,Unfurnished,Ready to Move,Resale,Other,,Other,1300
453,Vadodara,390022,3,3,5391,Gadapura,Flat,Furnished,Ready to Move,Resale,Other,3.0,Freehold,1150
454,Vadodara,390022,2,2,2632,Gorwa,Flat,Semi-Furnished,Ready to Move,Resale,West,3.0,Freehold,950
455,Vadodara,390022,2,2,3500,Gorwa,Flat,Semi-Furnished,Ready to Move,Resale,East,5.0,Other,1000
456,Vadodara,390022,2,2,4667,Gorwa,Flat,Semi-Furnished,Ready to Move,Resale,North,4.0,Freehold,750
457,Vadodara,390022,2,2,8017,Gorwa,House,Unfurnished,Ready to Move,Resale,South,1.0,Freehold,1210
458,Vadodara,390022,2,2,4000,Gorwa,Flat,Semi-Furnished,Ready to Move,Resale,Other,4.0,Other,1025
459,Vadodara,390022,3,3,7371,Gorwa,Villa,Furnished,Ready to Move,Resale,Other,,Other,1506
460,Vadodara,390022,3,3,4114,Gorwa,Flat,Semi-Furnished,Ready to Move,Resale,West,1.0,Other,1750
461,Vadodara,390022,3,3,4954,Gorwa,Flat,Semi-Furnished,Ready to Move,Resale,South - East,1.0,Freehold,1978
462,Vadodara,390022,3,3,11616,Gorwa,House,Semi-Furnished,Ready to Move,Resale,Other,,Other,947
463,Vadodara,390022,3,3,4803,Gorwa Road,Flat,Unfurnished,Ready to Move,Resale,North - East,1.0,Other,1978
464,Vadodara,390022,2,4,7273,Gorwa Road,House,Semi-Furnished,Ready to Move,Resale,East,,Freehold,1650
465,Vadodara,390021,1,1,3455,Gotri,Flat,Semi-Furnished,Ready to Move,Resale,Other,4.0,Other,550
466,Vadodara,390021,1,1,4000,Gotri,Flat,Semi-Furnished,Ready to Move,Resale,North,2.0,Freehold,550
467,Vadodara,390021,1,1,3025,Gotri,Flat,Semi-Furnished,Ready to Move,Resale,Other,3.0,Other,595
468,Vadodara,390021,1,1,3273,Gotri,Builder Floor,Semi-Furnished,Ready to Move,Resale,East,3.0,Freehold,550
469,Vadodara,390021,1,1,4302,Gotri,Flat,Semi-Furnished,Ready to Move,Resale,Other,2.0,Freehold,430
470,Vadodara,390021,2,2,5223,Gotri,Flat,Semi-Furnished,Ready to Move,Resale,East,1.0,Other,762
471,Vadodara,390021,2,2,4163,Gotri,Flat,Semi-Furnished,Ready to Move,Resale,North - East,2.0,Freehold,1225
472,Vadodara,390021,2,2,4000,Gotri,Flat,Furnished,Ready to Move,Resale,Other,7.0,Other,900
473,Vadodara,390021,2,2,3315,Gotri,Flat,Unfurnished,Ready to Move,Resale,Other,5.0,Other,905
474,Vadodara,390021,2,2,4266,Gotri,Flat,Semi-Furnished,Ready to Move,Resale,North,1.0,Other,668
475,Vadodara,390021,2,2,3333,Gotri,Flat,Furnished,Ready to Move,New,Other,3.0,Freehold,1200
476,Vadodara,390021,2,2,5714,Gotri,Flat,Unfurnished,Ready to Move,Resale,Other,2.0,Freehold,700
477,Vadodara,390021,2,2,4684,Gotri,Flat,Furnished,Ready to Move,Resale,East,2.0,Freehold,790
478,Vadodara,390021,2,2,3750,Gotri,Flat,Semi-Furnished,Ready to Move,Resale,Other,5.0,Other,800
479,Vadodara,390021,2,2,3474,Gotri,Flat,Furnished,Ready to Move,Resale,Other,1.0,Other,950
480,Vadodara,390021,2,2,3627,Gotri,Flat,Semi-Furnished,Ready to Move,Resale,North - East,3.0,Freehold,1020
481,Vadodara,390021,2,2,3509,Gotri,Flat,Unfurnished,Unknown,Resale,Other,5.0,Other,1140
482,Vadodara,390021,2,2,3551,Gotri,Flat,Semi-Furnished,Ready to Move,Resale,East,5.0,Other,1225
483,Vadodara,390021,2,2,3333,Gotri,Flat,Semi-Furnished,Ready to Move,Resale,Other,3.0,Other,1200
484,Vadodara,390021,2,2,4769,Gotri,Flat,Unfurnished,Ready to Move,Resale,East,4.0,Freehold,650
485,Vadodara,390021,2,2,2983,Gotri,Flat,Unfurnished,Ready to Move,Resale,Other,5.0,Other,905
486,Vadodara,390021,2,2,4375,Gotri,Flat,Semi-Furnished,Ready to Move,Resale,East,4.0,Other,800
487,Vadodara,390021,2,2,6027,Gotri,Flat,Furnished,Ready to Move,Resale,East,3.0,Freehold,730
488,Vadodara,390021,2,2,4315,Gotri,Flat,Semi-Furnished,Ready to Move,Resale,East,2.0,Freehold,730
489,Vadodara,390021,2,2,5882,Gotri,Flat,Semi-Furnished,Ready to Move,Resale,East,4.0,Freehold,680
490,Vadodara,390021,2,2,3791,Gotri,Flat,Semi-Furnished,Ready to Move,Resale,Other,1.0,Other,1055
491,Vadodara,390021,2,2,3455,Gotri,Flat,Furnished,Ready to Move,Resale,Other,3.0,Other,1100
492,Vadodara,390021,2,2,5118,Gotri,Villa,Unfurnished,Ready to Move,Resale,North - East,,Freehold,1270
493,Vadodara,390021,2,2,3167,Gotri,Flat,Unfurnished,Ready to Move,Resale,East,3.0,Freehold,1200
494,Vadodara,390021,2,2,2796,Gotri,Flat,Semi-Furnished,Ready to Move,Resale,Other,1.0,Other,930
495,Vadodara,390021,1,2,2562,Gotri,Flat,Semi-Furnished,Ready to Move,Resale,Other,2.0,Other,800
496,Vadodara,390021,2,2,4286,Gotri,Flat,Unfurnished,Ready to Move,Resale,Other,5.0,Other,700
497,Vadodara,390021,2,2,8750,Gotri,House,Semi-Furnished,Ready to Move,Resale,East,,Other,400
498,Vadodara,390021,2,2,4000,Gotri,Flat,Semi-Furnished,Ready to Move,Resale,Other,7.0,Other,800
499,Vadodara,390021,2,2,3418,Gotri,Flat,Semi-Furnished,Ready to Move,Resale,East,2.0,Freehold,1024
500,Vadodara,390021,2,2,3876,Gotri,Flat,Semi-Furnished,Ready to Move,Resale,North - East,2.0,Freehold,1290
501,Vadodara,390021,2,2,4661,Gotri,Flat,Furnished,Ready to Move,Resale,North - East,3.0,Freehold,1062
502,Vadodara,390021,2,2,6176,Gotri,Flat,Unfurnished,Ready to Move,Resale,East,5.0,Freehold,680
503,Vadodara,390021,3,2,7222,Gotri,House,Unfurnished,Ready to Move,Resale,Other,,Other,900
504,Vadodara,390021,2,2,4889,Gotri,Flat,Furnished,Ready to Move,Resale,North - East,1.0,Other,900
505,Vadodara,390021,2,2,3428,Gotri,Flat,Unfurnished,Ready to Move,Resale,Other,5.0,Other,1021
506,Vadodara,390021,2,2,4444,Gotri,Flat,Semi-Furnished,Ready to Move,Resale,Other,1.0,Other,900
507,Vadodara,390021,2,2,3735,Gotri,Builder Floor,Semi-Furnished,Ready to Move,Resale,Other,1.0,Other,937
508,Vadodara,390021,2,2,3268,Gotri,Flat,Unfurnished,Ready to Move,Resale,Other,4.0,Other,765
509,Vadodara,390021,2,2,5609,Gotri,Flat,Semi-Furnished,Ready to Move,Resale,Other,4.0,Other,517
510,Vadodara,390021,2,2,2949,Gotri,Flat,Semi-Furnished,Ready to Move,Resale,Other,5.0,Other,780
511,Vadodara,390021,2,2,3846,Gotri,Flat,Furnished,Ready to Move,Resale,Other,3.0,Other,780
512,Vadodara,390021,2,2,4500,Gotri,Flat,Semi-Furnished,Ready to Move,Resale,West,4.0,Other,600
513,Vadodara,390021,2,2,4200,Gotri,Flat,Furnished,Ready to Move,Resale,Other,5.0,Other,1000
514,Vadodara,390021,2,2,5759,Gotri,Flat,Furnished,Ready to Move,Resale,Other,3.0,Other,955
515,Vadodara,390021,2,2,4396,Gotri,Flat,Semi-Furnished,Ready to Move,Resale,East,6.0,Freehold,910
516,Vadodara,390021,2,2,4972,Gotri,Flat,Semi-Furnished,Ready to Move,Resale,Other,1.0,Freehold,905
517,Vadodara,390021,2,2,4598,Gotri,Flat,Furnished,Ready to Move,Resale,East,4.0,Freehold,870
518,Vadodara,390021,2,2,5185,Gotri,Flat,Semi-Furnished,Ready to Move,Resale,East,2.0,Freehold,675
519,Vadodara,390021,1,2,3621,Gotri,Flat,Unknown,Ready to Move,Resale,Other,11.0,Other,580
520,Vadodara,390021,2,2,3668,Gotri,Flat,Semi-Furnished,Ready to Move,Resale,East,2.0,Other,1295
521,Vadodara,390021,2,2,4286,Gotri,Flat,Furnished,Ready to Move,Resale,Other,3.0,Freehold,1050
522,Vadodara,390021,2,2,3231,Gotri,House,Unfurnished,Ready to Move,Resale,Other,,Other,1300
523,Vadodara,390021,2,2,3750,Gotri,Flat,Semi-Furnished,Ready to Move,Resale,East,3.0,Freehold,800
524,Vadodara,390021,3,3,6240,Gotri,Flat,Furnished,Ready to Move,Resale,East,5.0,Other,1250
525,Vadodara,390021,3,3,4181,Gotri,Flat,Semi-Furnished,Ready to Move,Resale,East,2.0,Other,1435
526,Vadodara,390021,3,3,5721,Gotri,Flat,Furnished,Ready to Move,Resale,East,11.0,Other,2080
527,Vadodara,390021,3,3,6940,Gotri,Flat,Furnished,Ready to Move,Resale,Other,9.0,Other,1585
528,Vadodara,390021,3,3,5238,Gotri,Builder Floor,Furnished,Ready to Move,Resale,West,4.0,Freehold,1050
529,Vadodara,390021,2,3,2521,Gotri,Flat,Semi-Furnished,Ready to Move,Resale,East,5.0,Freehold,1428
530,Vadodara,390021,3,3,3750,Gotri,Flat,Furnished,Ready to Move,Resale,Other,4.0,Freehold,2000
531,Vadodara,390021,3,3,6032,Gotri,Flat,Unfurnished,Unknown,New,Other,,Other,1293
532,Vadodara,390021,2,3,5882,Gotri,House,Unfurnished,Ready to Move,Resale,North - East,,Freehold,1700
533,Vadodara,390021,3,3,5667,Gotri,Flat,Furnished,Ready to Move,Resale,East,5.0,Freehold,900
534,Vadodara,390021,3,3,9724,Gotri,Villa,Semi-Furnished,Ready to Move,Resale,East,,Freehold,1851
535,Vadodara,390021,3,3,6296,Gotri,Flat,Furnished,Ready to Move,Resale,West,8.0,Freehold,1350
536,Vadodara,390021,3,3,5909,Gotri,Flat,Furnished,Ready to Move,Resale,East,3.0,Freehold,1100
537,Vadodara,390021,3,3,3312,Gotri,Flat,Unfurnished,Ready to Move,Resale,East,8.0,Freehold,1570
538,Vadodara,390021,3,3,3893,Gotri,Flat,Unfurnished,Ready to Move,Resale,East,4.0,Freehold,2440
539,Vadodara,390021,3,3,6283,Gotri,Flat,Unfurnished,Ready to Move,Resale,East,7.0,Freehold,1512
540,Vadodara,390021,3,3,5152,Gotri,Builder Floor,Furnished,Ready to Move,Resale,Other,2.0,Other,990
541,Vadodara,390021,3,3,6502,Gotri,Flat,Unfurnished,Ready to Move,Resale,North - East,12.0,Leasehold,1015
542,Vadodara,390021,3,3,3438,Gotri,Flat,Furnished,Ready to Move,Resale,Other,4.0,Other,1600
543,Vadodara,390021,2,3,3878,Gotri,House,Furnished,Ready to Move,Resale,East,4.0,Freehold,2450
544,Vadodara,390021,3,3,5657,Gotri,Flat,Unfurnished,Unknown,New,Other,,Other,990
545,Vadodara,390021,3,3,6345,Gotri,Flat,Semi-Furnished,Ready to Move,Resale,East,6.0,Freehold,1450
546,Vadodara,390021,3,3,2952,Gotri,Flat,Unfurnished,Unknown,Resale,Other,1.0,Other,1372
547,Vadodara,390021,3,3,4348,Gotri,Flat,Furnished,Ready to Move,Resale,Other,3.0,Other,1380
548,Vadodara,390021,3,3,8177,Gotri,Flat,Furnished,Ready to Move,Resale,Other,2.0,Other,1064
549,Vadodara,390021,3,3,7812,Gotri,Flat,Furnished,Ready to Move,Resale,Other,10.0,Other,960
550,Vadodara,390021,3,3,5866,Gotri,Flat,Unfurnished,Unknown,New,Other,3.0,Other,1108
551,Vadodara,390021,3,3,4279,Gotri,Flat,Furnished,Ready to Move,Resale,North - East,5.0,Freehold,1075
552,Vadodara,390021,3,3,3793,Gotri,Flat,Furnished,Ready to Move,Resale,Other,2.0,Other,1450
553,Vadodara,390021,3,3,3682,Gotri,Flat,Unfurnished,Ready to Move,Resale,Other,13.0,Other,2010
554,Vadodara,390021,3,3,5909,Gotri,Flat,Semi-Furnished,Ready to Move,Resale,Other,2.0,Other,1100
555,Vadodara,390021,2,3,11429,Gotri,Villa,Semi-Furnished,Ready to Move,Resale,East,,Freehold,1400
556,Vadodara,390021,3,3,4694,Gotri,Flat,Unfurnished,Ready to Move,Resale,Other,5.0,Other,980
557,Vadodara,390021,3,3,4449,Gotri,Flat,Semi-Furnished,Ready to Move,Resale,East,1.0,Other,899
558,Vadodara,390021,2,3,4273,Gotri,Flat,Unfurnished,Ready to Move,Resale,South -West,3.0,Other,1100
559,Vadodara,390021,3,3,3484,Gotri,Flat,Semi-Furnished,Ready to Move,Resale,East,1.0,Freehold,1435
560,Vadodara,390021,3,3,7273,Gotri,Flat,Unfurnished,Ready to Move,Resale,West,13.0,Freehold,1100
561,Vadodara,390021,3,3,6440,Gotri,Flat,Unfurnished,Ready to Move,New,East,7.0,Freehold,1087
562,Vadodara,390021,3,3,12500,Gotri,House,Semi-Furnished,Ready to Move,Resale,Other,,Other,1600
563,Vadodara,390021,3,3,6122,Gotri,Flat,Unfurnished,Unknown,Resale,Other,9.0,Other,980
564,Vadodara,390021,3,3,2992,Gotri,Flat,Unfurnished,Unknown,Resale,Other,1.0,Other,1320
565,Vadodara,390021,3,3,6526,Gotri,Flat,Unfurnished,Unknown,Resale,Other,4.0,Other,950
566,Vadodara,390021,3,3,5455,Gotri,Flat,Semi-Furnished,Ready to Move,Resale,Other,1.0,Other,1100
567,Vadodara,390021,3,3,4300,Gotri,Flat,Furnished,Ready to Move,Resale,Other,3.0,Other,1465
568,Vadodara,390021,3,3,3721,Gotri,Flat,Semi-Furnished,Ready to Move,Resale,South -West,3.0,Freehold,1075
569,Vadodara,390021,4,3,3516,Gotri,Flat,Semi-Furnished,Ready to Move,Resale,Other,5.0,Other,1280
570,Vadodara,390021,3,3,2963,Gotri,Builder Floor,Semi-Furnished,Ready to Move,Resale,Other,2.0,Other,1350
571,Vadodara,390021,3,3,5699,Gotri,Flat,Semi-Furnished,Ready to Move,Resale,Other,1.0,Other,930
572,Vadodara,390021,2,3,2400,Gotri,Builder Floor,Semi-Furnished,Ready to Move,Resale,Other,1.0,Other,1250
573,Vadodara,390021,3,3,6000,Gotri,Flat,Semi-Furnished,Ready to Move,Resale,Other,8.0,Other,1250
574,Vadodara,390021,3,3,6842,Gotri,Flat,Furnished,Ready to Move,Resale,East,9.0,Leasehold,950
575,Vadodara,390021,2,3,5000,Gotri,Flat,Unfurnished,Ready to Move,Resale,South -West,3.0,Freehold,960
576,Vadodara,390021,3,3,4000,Gotri,Flat,Semi-Furnished,Ready to Move,Resale,East,5.0,Other,1200
577,Vadodara,390021,3,3,4309,Gotri,Flat,Unfurnished,Ready to Move,Resale,East,4.0,Freehold,1114
578,Vadodara,390021,3,3,6337,Gotri,Flat,Semi-Furnished,Ready to Move,New,East,6.0,Freehold,789
579,Vadodara,390021,3,3,2286,Gotri,House,Semi-Furnished,Ready to Move,Resale,East,3.0,Freehold,1750
580,Vadodara,390021,3,3,5625,Gotri,Flat,Unfurnished,Ready to Move,New,East,3.0,Freehold,960
581,Vadodara,390021,3,3,6000,Gotri,House,Semi-Furnished,Ready to Move,Resale,Other,,Other,1000
582,Vadodara,390021,3,3,6589,Gotri,Flat,Semi-Furnished,Ready to Move,Resale,Other,8.0,Freehold,1290
583,Vadodara,390021,3,3,7059,Gotri,Flat,Semi-Furnished,Ready to Move,Resale,Other,6.0,Other,850
584,Vadodara,390021,3,3,7391,Gotri,Flat,Furnished,Ready to Move,Resale,Other,4.0,Other,1150
585,Vadodara,390021,2,3,5285,Gotri,House,Semi-Furnished,Ready to Move,Resale,Other,,Other,1230
586,Vadodara,390021,3,3,4089,Gotri,Flat,Furnished,Ready to Move,Resale,West,7.0,Freehold,1345
587,Vadodara,390021,3,3,5357,Gotri,Flat,Semi-Furnished,Ready to Move,Resale,East,3.0,Other,1400
588,Vadodara,390021,3,3,5636,Gotri,Flat,Furnished,Ready to Move,Resale,North,4.0,Freehold,1100
589,Vadodara,390021,2,3,3200,Gotri,Flat,Semi-Furnished,Ready to Move,Resale,Other,5.0,Other,1500
590,Vadodara,390021,4,4,6238,Gotri,Flat,Unfurnished,Unknown,New,Other,,Other,2164
591,Vadodara,390021,4,4,4474,Gotri,House,Semi-Furnished,Ready to Move,Resale,East,,Other,1900
592,Vadodara,390021,3,4,8140,Gotri,Villa,Furnished,Ready to Move,Resale,East,,Freehold,2150
593,Vadodara,390021,4,4,4233,Gotri,House,Semi-Furnished,Ready to Move,Resale,Other,2.0,Other,1890
594,Vadodara,390021,4,4,4444,Gotri,Villa,Semi-Furnished,Ready to Move,Resale,East,,Freehold,1800
595,Vadodara,390021,2,4,6667,Gotri,House,Unfurnished,Unknown,Resale,Other,,Other,1200
596,Vadodara,390021,4,4,10938,Gotri,House,Unfurnished,Ready to Move,Resale,South - East,,Freehold,1600
597,Vadodara,390021,3,4,6600,Gotri,House,Furnished,Ready to Move,Resale,Other,,Other,1500
598,Vadodara,390021,3,4,3150,Gotri,Flat,Semi-Furnished,Ready to Move,Resale,Other,4.0,Freehold,2000
599,Vadodara,390021,4,4,7179,Gotri,House,Unfurnished,Ready to Move,Resale,Other,,Other,1950
600,Vadodara,390021,5,5,9500,Gotri,House,Furnished,Ready to Move,Resale,North - West,,Other,2000
601,Vadodara,390021,3,5,7634,Gotri,House,Semi-Furnished,Ready to Move,Resale,Other,2.0,Other,1310
602,Vadodara,390021,3,5,8333,Gotri,House,Furnished,Ready to Move,Resale,Other,1.0,Other,3000
603,Vadodara,390021,5,5,7269,Gotri,Villa,Semi-Furnished,Ready to Move,Resale,North - West,,Freehold,3233
604,Vadodara,390022,2,2,3182,Gotri Road Gotri,Flat,Unfurnished,Ready to Move,Resale,Other,2.0,Freehold,1100
605,Vadodara,390022,2,2,4286,Gotri Road Gotri,Flat,Furnished,Ready to Move,Resale,Other,4.0,Other,1050
606,Vadodara,390022,1,2,5378,Gotri Road Gotri,House,Semi-Furnished,Ready to Move,Resale,North - East,1.0,Other,2250
607,Vadodara,390022,2,2,3026,Gotri Road Gotri,Flat,Semi-Furnished,Ready to Move,Resale,Other,5.0,Other,1021
608,Vadodara,390022,2,2,3560,Gotri Road Gotri,Flat,Semi-Furnished,Ready to Move,Resale,East,5.0,Freehold,1250
609,Vadodara,390022,2,2,4318,Gotri Road Gotri,Flat,Furnished,Ready to Move,Resale,Other,3.0,Other,880
610,Vadodara,390022,1,2,5444,Gotri Road Gotri,House,Unfurnished,Ready to Move,Resale,East,1.0,Other,1800
611,Vadodara,390022,3,3,5357,Gotri Road Gotri,Flat,Furnished,Ready to Move,Resale,South -West,4.0,Freehold,1400
612,Vadodara,390022,3,3,10278,Gotri Road Gotri,House,Furnished,Ready to Move,New,South - East,,Freehold,1800
613,Vadodara,390022,3,3,11382,Gotri Road Gotri,Villa,Furnished,Ready to Move,Resale,North - East,,Other,1230
614,Vadodara,390022,3,3,7500,Gotri Road Gotri,Villa,Semi-Furnished,Ready to Move,Resale,North,,Freehold,1400
615,Vadodara,390022,2,2,3333,Gotri Sevasi Road,Flat,Semi-Furnished,Ready to Move,Resale,Other,3.0,Other,900
616,Vadodara,390022,3,3,4912,Gotri Sevasi Road,Flat,Unfurnished,Ready to Move,New,East,6.0,Freehold,1018
617,Vadodara,390022,4,3,6071,Gotri Sevasi Road,Flat,Furnished,Ready to Move,Resale,Other,7.0,Other,1400
618,Vadodara,390022,3,3,3611,Gotri Sevasi Road,House,Semi-Furnished,Ready to Move,Resale,Other,4.0,Freehold,1800
619,Vadodara,390022,3,3,7895,Gotri Sevasi Road,Flat,Furnished,Ready to Move,Resale,East,7.0,Freehold,1026
620,Vadodara,390022,3,3,5102,Gotri Sevasi Road,House,Furnished,Ready to Move,Resale,North - East,5.0,Freehold,980
621,Vadodara,390022,3,4,5417,Gotri Sevasi Road,Villa,Furnished,Ready to Move,Resale,East,,Freehold,2400
622,Vadodara,390022,2,2,3208,Guru Gobindsinhji Marg,Flat,Unfurnished,Ready to Move,Resale,Other,3.0,Other,530
623,Vadodara,390022,2,2,4133,Guru Gobindsinhji Marg,Flat,Semi-Furnished,Ready to Move,Resale,Other,4.0,Other,750
624,Vadodara,390022,1,2,3147,Guru Gobindsinhji Marg,Flat,Furnished,Ready to Move,Resale,East,4.0,Freehold,715
625,Vadodara,390022,2,4,3036,Guru Gobindsinhji Marg,House,Semi-Furnished,Ready to Move,Resale,Other,2.0,Freehold,2800
626,Vadodara,389350,3,6,3448,Halol,House,Furnished,Ready to Move,Resale,Other,1.0,Other,2030
627,Vadodara,390022,2,2,3093,Hari Nagar,Flat,Unfurnished,Ready to Move,Resale,East,1.0,Freehold,970
628,Vadodara,390022,3,3,7372,Hari Nagar,Flat,Semi-Furnished,Ready to Move,Resale,East,3.0,Freehold,1153
629,Vadodara,390022,3,3,5583,Hari Nagar,Flat,Unfurnished,Ready to Move,Resale,Other,3.0,Other,1200
630,Vadodara,390022,3,3,5347,Hari Nagar,House,Semi-Furnished,Ready to Move,Resale,East,4.0,Freehold,1700
631,Vadodara,390022,3,3,2895,Hari Nagar,House,Unfurnished,Ready to Move,Resale,Other,8.0,Other,1900
632,Vadodara,390022,1,1,2933,Harni,Flat,Furnished,Ready to Move,Resale,Other,4.0,Other,750
633,Vadodara,390022,2,2,7000,Harni,Flat,Furnished,Ready to Move,Resale,Other,1.0,Other,700
634,Vadodara,390022,2,2,6726,Harni,Flat,Furnished,Ready to Move,Resale,Other,2.0,Freehold,565
635,Vadodara,390022,2,2,3590,Harni,Flat,Semi-Furnished,Ready to Move,Resale,Other,4.0,Other,975
636,Vadodara,390022,2,2,6696,Harni,Flat,Furnished,Ready to Move,Resale,North,4.0,Freehold,672
637,Vadodara,390022,2,2,5543,Harni,Flat,Semi-Furnished,Ready to Move,Resale,Other,1.0,Other,810
638,Vadodara,390022,2,2,3336,Harni,Flat,Furnished,Ready to Move,Resale,Other,7.0,Other,1319
639,Vadodara,390022,2,2,5500,Harni,Flat,Furnished,Ready to Move,Resale,Other,4.0,Other,800
640,Vadodara,390022,2,2,3600,Harni,Flat,Semi-Furnished,Ready to Move,Resale,Other,4.0,Other,1000
641,Vadodara,390022,2,2,7207,Harni,Flat,Furnished,Ready to Move,Resale,Other,1.0,Freehold,555
642,Vadodara,390022,2,2,4494,Harni,Flat,Furnished,Ready to Move,Resale,North - East,2.0,Other,890
643,Vadodara,390022,2,2,5750,Harni,Flat,Furnished,Ready to Move,Resale,Other,4.0,Other,800
644,Vadodara,390022,2,2,4286,Harni,Flat,Semi-Furnished,Ready to Move,New,Other,5.0,Other,700
645,Vadodara,390022,2,2,7742,Harni,Flat,Furnished,Ready to Move,Resale,Other,2.0,Freehold,620
646,Vadodara,390022,2,2,6154,Harni,Flat,Unfurnished,Ready to Move,Resale,East,5.0,Freehold,650
647,Vadodara,390022,2,2,8462,Harni,House,Unfurnished,Ready to Move,Resale,Other,1.0,Other,650
648,Vadodara,390022,2,2,4637,Harni,Flat,Furnished,Ready to Move,Resale,Other,4.0,Other,798
649,Vadodara,390022,2,2,2969,Harni,Flat,Semi-Furnished,Ready to Move,Resale,East,4.0,Freehold,1280
650,Vadodara,390022,2,2,5224,Harni,Flat,Unfurnished,Ready to Move,Resale,East,5.0,Freehold,670
651,Vadodara,390022,2,2,4000,Harni,House,Furnished,Ready to Move,Resale,Other,5.0,Other,800
652,Vadodara,390022,2,2,7733,Harni,Flat,Furnished,Ready to Move,Resale,Other,6.0,Other,750
653,Vadodara,390022,3,3,6182,Harni,Flat,Semi-Furnished,Ready to Move,Resale,East,5.0,Freehold,1100
654,Vadodara,390022,3,3,3125,Harni,Flat,Furnished,Ready to Move,Resale,East,4.0,Freehold,1440
655,Vadodara,390022,3,3,6529,Harni,Flat,Unfurnished,Unknown,New,Other,,Other,1501
656,Vadodara,390022,3,3,5589,Harni,Flat,Unfurnished,Ready to Move,New,Other,,Other,1163
657,Vadodara,390022,3,3,6614,Harni,Flat,Unfurnished,Unknown,New,Other,,Other,1512
658,Vadodara,390022,3,3,7652,Harni,Flat,Semi-Furnished,Ready to Move,New,East,1.0,Freehold,1150
659,Vadodara,390022,3,3,5365,Harni,Flat,Unfurnished,Ready to Move,Resale,East,6.0,Other,1286
660,Vadodara,390022,3,3,5603,Harni,Flat,Semi-Furnished,Ready to Move,Resale,Other,6.0,Other,1160
661,Vadodara,390022,3,3,7500,Harni,Villa,Furnished,Ready to Move,Resale,Other,,Other,2000
662,Vadodara,390022,3,3,7619,Harni,Flat,Furnished,Ready to Move,Resale,North - East,4.0,Freehold,1050
663,Vadodara,390022,3,3,5599,Harni,Flat,Unfurnished,Ready to Move,Resale,Other,6.0,Other,1286
664,Vadodara,390022,3,3,3889,Harni,Flat,Furnished,Ready to Move,New,East,2.0,Other,1800
665,Vadodara,390022,3,3,6056,Harni,Flat,Unfurnished,Ready to Move,Resale,Other,7.0,Other,1321
666,Vadodara,390022,3,3,7143,Harni,Flat,Semi-Furnished,Ready to Move,Resale,Other,9.0,Freehold,1400
667,Vadodara,390022,3,3,5652,Harni,Flat,Semi-Furnished,Ready to Move,Resale,East,1.0,Freehold,1150
668,Vadodara,390022,3,3,5492,Harni,Flat,Furnished,Ready to Move,Resale,Other,5.0,Other,1402
669,Vadodara,390022,3,3,5877,Harni,Flat,Furnished,Ready to Move,Resale,Other,4.0,Other,1140
670,Vadodara,390022,3,3,8421,Harni,Flat,Unfurnished,Ready to Move,New,East,1.0,Freehold,1900
671,Vadodara,390022,3,3,6364,Harni,Flat,Unfurnished,Ready to Move,New,East,5.0,Freehold,1100
672,Vadodara,390022,3,3,4916,Harni,Flat,Furnished,Ready to Move,Resale,East,2.0,Freehold,1780
673,Vadodara,390022,3,3,8370,Harni,Flat,Semi-Furnished,Ready to Move,New,West,5.0,Freehold,1135
674,Vadodara,390022,3,3,7351,Harni,Flat,Semi-Furnished,Ready to Move,Resale,West,2.0,Freehold,925
675,Vadodara,390022,3,3,7286,Harni,Flat,Semi-Furnished,Ready to Move,Resale,West,4.0,Freehold,1400
676,Vadodara,390022,3,3,6620,Harni,Flat,Unfurnished,Ready to Move,Resale,East,5.0,Freehold,1435
677,Vadodara,390022,3,3,6522,Harni,Flat,Semi-Furnished,Ready to Move,Resale,Other,7.0,Other,1150
678,Vadodara,390022,3,3,3736,Harni,Flat,Unfurnished,Ready to Move,Resale,West,2.0,Freehold,1740
679,Vadodara,390022,3,3,5500,Harni,Flat,Semi-Furnished,Ready to Move,Resale,Other,2.0,Other,1000
680,Vadodara,390022,3,3,7600,Harni,Flat,Furnished,Ready to Move,Resale,Other,6.0,Other,1000
681,Vadodara,390022,3,3,7944,Harni,Flat,Furnished,Ready to Move,New,West,5.0,Freehold,1070
682,Vadodara,390022,3,3,5348,Harni,Flat,Furnished,Ready to Move,Resale,West,3.0,Other,1150
683,Vadodara,390022,3,3,6620,Harni,Flat,Semi-Furnished,Ready to Move,Resale,Other,7.0,Freehold,861
684,Vadodara,390022,3,3,5506,Harni,Flat,Semi-Furnished,Ready to Move,Resale,East,7.0,Other,1580
685,Vadodara,390022,3,3,4000,Harni,Flat,Semi-Furnished,Ready to Move,Resale,East,1.0,Freehold,1850
686,Vadodara,390022,2,3,6471,Harni,Flat,Furnished,Ready to Move,Resale,East,6.0,Freehold,850
687,Vadodara,390022,3,3,3529,Harni,Flat,Unfurnished,Ready to Move,Resale,Other,7.0,Other,1020
688,Vadodara,390022,3,3,5856,Harni,Flat,Semi-Furnished,Ready to Move,Resale,West,5.0,Freehold,1110
689,Vadodara,390022,3,3,6452,Harni,Flat,Unfurnished,Unknown,New,Other,,Other,1488
690,Vadodara,390022,3,3,5159,Harni,Flat,Unfurnished,Ready to Move,New,Other,,Other,1260
691,Vadodara,390022,3,3,5233,Harni,Flat,Unfurnished,Ready to Move,New,Other,2.0,Other,1242
692,Vadodara,390022,3,3,6445,Harni,Flat,Unfurnished,Unknown,New,Other,,Other,1536
693,Vadodara,390022,3,3,5285,Harni,Flat,Unfurnished,Ready to Move,New,Other,,Other,1230
694,Vadodara,390022,3,3,6462,Harni,Flat,Unfurnished,Unknown,New,Other,,Other,1501
695,Vadodara,390022,3,3,5462,Harni,Flat,Unfurnished,Ready to Move,New,Other,,Other,1190
696,Vadodara,390022,3,3,6384,Harni,Flat,Unfurnished,Unknown,New,Other,,Other,1488
697,Vadodara,390022,3,3,6548,Harni,Flat,Unfurnished,Unknown,New,Other,,Other,1512
698,Vadodara,390022,3,3,5903,Harni,Flat,Unfurnished,Unknown,New,Other,,Other,1440
699,Vadodara,390022,4,4,4950,Harni,Flat,Semi-Furnished,Ready to Move,Resale,Other,2.0,Other,2000
700,Vadodara,390022,4,4,7778,Harni,House,Furnished,Ready to Move,Resale,Other,,Other,1800
701,Vadodara,390022,4,4,6556,Harni,Flat,Unfurnished,Unknown,New,East,4.0,Freehold,1800
702,Vadodara,390022,3,4,7943,Harni,House,Furnished,Ready to Move,Resale,Other,2.0,Other,1322
703,Vadodara,390022,3,4,11719,Harni,Villa,Semi-Furnished,Ready to Move,Resale,West,,Freehold,1024
704,Vadodara,390022,3,4,6818,Harni,House,Semi-Furnished,Ready to Move,Resale,Other,1.0,Other,2200
705,Vadodara,390022,4,4,6047,Harni,House,Semi-Furnished,Ready to Move,Resale,East,,Freehold,2150
706,Vadodara,390022,4,4,7242,Harni,Flat,Unfurnished,Unknown,New,Other,,Other,1726
707,Vadodara,390022,4,4,8428,Harni,House,Unfurnished,Unknown,New,Other,,Other,2112
708,Vadodara,390022,4,4,11379,Harni,Villa,Unfurnished,Ready to Move,Resale,East,,Other,1450
709,Vadodara,390022,4,4,8333,Harni,House,Unfurnished,Unknown,New,Other,,Other,2112
710,Vadodara,390022,4,4,8286,Harni,House,Unfurnished,Unknown,New,Other,,Other,2112
711,Vadodara,390022,4,4,5969,Harni,Flat,Unfurnished,Unknown,New,Other,,Other,1960
712,Vadodara,390022,6,5,6485,Harni,Flat,Unfurnished,Unknown,New,Other,,Other,2930
713,Vadodara,390022,1,1,3846,Harni Road,Flat,Semi-Furnished,Ready to Move,Resale,Other,1.0,Freehold,650
714,Vadodara,390022,2,2,7545,Harni Road,House,Semi-Furnished,Ready to Move,Resale,East,,Other,2200
715,Vadodara,390022,2,2,4211,Harni Road,Flat,Semi-Furnished,Ready to Move,New,East,4.0,Freehold,950
716,Vadodara,390022,3,3,6500,Harni Road,Flat,Semi-Furnished,Ready to Move,Resale,East,6.0,Freehold,1000
717,Vadodara,390022,3,3,3137,Harni Road,House,Semi-Furnished,Ready to Move,Resale,Other,9.0,Other,2550
718,Vadodara,390022,3,3,7500,Harni Road,Flat,Furnished,Ready to Move,Resale,South,6.0,Other,1200
719,Vadodara,390022,6,6,6494,Harni Road,House,Furnished,Ready to Move,Resale,Other,,Other,3850
720,Vadodara,390022,2,6,9474,Harni Road,House,Semi-Furnished,Ready to Move,New,North - East,,Freehold,950
721,Vadodara,390022,9,9,11667,Harni Road,House,Semi-Furnished,Ready to Move,Resale,North - East,,Other,3000
722,Vadodara,390022,2,2,3802,Jambuva,Flat,Unfurnished,Ready to Move,Resale,Other,1.0,Other,655
723,Vadodara,390022,2,2,4385,Jambuva,Flat,Furnished,Ready to Move,Resale,Other,4.0,Other,650
724,Vadodara,390022,2,2,3889,Jambuva,House,Unfurnished,Ready to Move,Resale,North - East,1.0,Freehold,900
725,Vadodara,390022,2,2,2632,Jambuva,Flat,Unfurnished,Ready to Move,Resale,Other,3.0,Other,950
726,Vadodara,390022,3,3,4367,Jambuva,House,Unfurnished,Ready to Move,Resale,Other,1.0,Other,1500
727,Vadodara,390022,3,3,4357,Jambuva,House,Unfurnished,Ready to Move,Resale,East,,Other,1400
728,Vadodara,390022,2,3,3600,Jayratna Building,Flat,Semi-Furnished,Ready to Move,Resale,Other,2.0,Other,1250
729,Vadodara,390022,1,1,3579,Kaladarshan Vadodara,Flat,Unfurnished,Ready to Move,Resale,Other,3.0,Other,475
730,Vadodara,390012,1,1,2667,Kalali,Flat,Semi-Furnished,Ready to Move,Resale,Other,3.0,Other,600
731,Vadodara,390012,2,2,2294,Kalali,Flat,Furnished,Ready to Move,Resale,Other,3.0,Other,1090
732,Vadodara,390012,2,2,2676,Kalali,Flat,Semi-Furnished,Ready to Move,Resale,Other,3.0,Freehold,1196
733,Vadodara,390012,2,2,5231,Kalali,Flat,Furnished,Ready to Move,Resale,East,5.0,Freehold,650
734,Vadodara,390012,2,2,2980,Kalali,Flat,Furnished,Ready to Move,Resale,Other,3.0,Other,990
735,Vadodara,390012,2,2,3882,Kalali,Flat,Semi-Furnished,Ready to Move,Resale,East,2.0,Other,850
736,Vadodara,390012,2,2,3590,Kalali,House,Semi-Furnished,Ready to Move,Resale,South -West,1.0,Freehold,780
737,Vadodara,390012,2,2,4716,Kalali,Flat,Unfurnished,Ready to Move,Resale,Other,5.0,Other,721
738,Vadodara,390012,2,2,3232,Kalali,Flat,Furnished,Ready to Move,Resale,Other,4.0,Other,990
739,Vadodara,390012,2,2,3421,Kalali,Flat,Furnished,Ready to Move,Resale,Other,1.0,Freehold,760
740,Vadodara,390012,2,2,3958,Kalali,House,Semi-Furnished,Ready to Move,Resale,North - West,9.0,Leasehold,960
741,Vadodara,390012,2,2,2857,Kalali,Flat,Unfurnished,Ready to Move,Resale,East,5.0,Freehold,700
742,Vadodara,390012,2,2,3036,Kalali,Flat,Semi-Furnished,Ready to Move,Resale,Other,5.0,Other,1680
743,Vadodara,390012,2,2,2852,Kalali,House,Unfurnished,Ready to Move,Resale,North,5.0,Freehold,1350
744,Vadodara,390012,2,2,5714,Kalali,Flat,Semi-Furnished,Ready to Move,Resale,Other,5.0,Other,700
745,Vadodara,390012,2,2,4426,Kalali,Flat,Unfurnished,Ready to Move,Resale,East,4.0,Other,610
746,Vadodara,390012,2,2,6000,Kalali,Flat,Furnished,Ready to Move,Resale,Other,4.0,Other,700
747,Vadodara,390012,2,2,3368,Kalali,Flat,Semi-Furnished,Ready to Move,Resale,Other,3.0,Other,950
748,Vadodara,390012,2,2,3467,Kalali,Flat,Semi-Furnished,Ready to Move,Resale,East,5.0,Freehold,750
749,Vadodara,390012,2,2,3111,Kalali,Flat,Unfurnished,Ready to Move,Resale,Other,2.0,Other,900
750,Vadodara,390012,2,2,3660,Kalali,Flat,Semi-Furnished,Ready to Move,Resale,Other,4.0,Other,765
751,Vadodara,390012,2,2,3218,Kalali,Flat,Semi-Furnished,Ready to Move,Resale,West,10.0,Freehold,870
752,Vadodara,390012,2,2,4286,Kalali,Flat,Furnished,Ready to Move,Resale,Other,2.0,Other,700
753,Vadodara,390012,2,2,4094,Kalali,Flat,Semi-Furnished,Ready to Move,Resale,North - West,3.0,Freehold,635
754,Vadodara,390012,2,2,3500,Kalali,Flat,Semi-Furnished,Ready to Move,Resale,East,1.0,Freehold,800
755,Vadodara,390012,2,2,3846,Kalali,Flat,Furnished,Ready to Move,Resale,North - East,3.0,Freehold,650
756,Vadodara,390012,3,3,3519,Kalali,Flat,Unfurnished,Ready to Move,Resale,East,5.0,Freehold,1080
757,Vadodara,390012,2,3,3516,Kalali,Flat,Furnished,Ready to Move,Resale,Other,5.0,Other,1280
758,Vadodara,390012,4,3,5561,Kalali,Flat,Unfurnished,Ready to Move,Resale,North - East,8.0,Freehold,1115
759,Vadodara,390012,2,3,3200,Kalali,Flat,Semi-Furnished,Ready to Move,Resale,West,2.0,Freehold,1250
760,Vadodara,390012,4,3,3840,Kalali,Flat,Semi-Furnished,Ready to Move,Resale,Other,11.0,Other,1914
761,Vadodara,390012,3,3,4946,Kalali,House,Unfurnished,Ready to Move,Resale,East,4.0,Other,930
762,Vadodara,390012,2,3,2899,Kalali,Flat,Unfurnished,Ready to Move,Resale,East,3.0,Other,1104
763,Vadodara,390012,2,3,5789,Kalali,Flat,Semi-Furnished,Ready to Move,Resale,East,2.0,Freehold,950
764,Vadodara,390012,3,3,6315,Kalali,Flat,Semi-Furnished,Ready to Move,Resale,East,5.0,Freehold,1346
765,Vadodara,390012,3,3,6786,Kalali,Villa,Furnished,Ready to Move,Resale,North,,Other,1400
766,Vadodara,390012,2,3,2938,Kalali,Flat,Unfurnished,Unknown,Resale,Other,7.0,Other,800
767,Vadodara,390012,3,3,5000,Kalali,House,Semi-Furnished,Ready to Move,Resale,East,3.0,Freehold,1500
768,Vadodara,390012,3,3,5000,Kalali,Flat,Semi-Furnished,Ready to Move,Resale,North - West,3.0,Freehold,1600
769,Vadodara,390012,3,3,6565,Kalali,Flat,Semi-Furnished,Ready to Move,Resale,East,5.0,Freehold,1447
770,Vadodara,390012,3,3,5312,Kalali,Villa,Unfurnished,Ready to Move,Resale,East,,Freehold,1600
771,Vadodara,390012,3,3,6911,Kalali,Flat,Semi-Furnished,Ready to Move,Resale,East,5.0,Freehold,1447
772,Vadodara,390012,3,3,11688,Kalali,House,Furnished,Ready to Move,Resale,East,,Freehold,770
773,Vadodara,390012,3,3,4722,Kalali,Flat,Semi-Furnished,Ready to Move,Resale,East,5.0,Freehold,1800
774,Vadodara,390012,3,3,5294,Kalali,Villa,Furnished,Ready to Move,Resale,Other,,Other,1700
775,Vadodara,390012,4,3,7410,Kalali,Villa,Furnished,Ready to Move,Resale,Other,,Other,1000
776,Vadodara,390012,3,3,4892,Kalali,Flat,Semi-Furnished,Ready to Move,Resale,Other,4.0,Freehold,695
777,Vadodara,390012,3,3,6883,Kalali,Villa,Unfurnished,Ready to Move,Resale,Other,,Other,1235
778,Vadodara,390012,3,3,7503,Kalali,Villa,Unfurnished,Ready to Move,Resale,Other,,Freehold,933
779,Vadodara,390012,3,3,7429,Kalali,House,Furnished,Ready to Move,Resale,Other,,Other,1750
780,Vadodara,390012,2,3,5000,Kalali,Flat,Unfurnished,Ready to Move,Resale,Other,7.0,Other,800
781,Vadodara,390012,3,3,8941,Kalali,Villa,Furnished,Ready to Move,Resale,West,,Freehold,850
782,Vadodara,390012,2,3,4162,Kalali,Flat,Furnished,Ready to Move,Resale,West,2.0,Other,985
783,Vadodara,390012,3,3,3249,Kalali,Flat,Semi-Furnished,Ready to Move,Resale,Other,3.0,Other,1385
784,Vadodara,390012,3,3,5333,Kalali,Flat,Semi-Furnished,Ready to Move,Resale,Other,1.0,Other,1200
785,Vadodara,390012,2,3,4444,Kalali,Flat,Semi-Furnished,Ready to Move,Resale,Other,2.0,Other,900
786,Vadodara,390012,4,3,5615,Kalali,Flat,Semi-Furnished,Ready to Move,Resale,Other,11.0,Other,1300
787,Vadodara,390012,3,3,6746,Kalali,Flat,Unfurnished,Ready to Move,Resale,East,4.0,Freehold,1260
788,Vadodara,390012,3,3,9353,Kalali,Villa,Furnished,Ready to Move,Resale,Other,,Other,850
789,Vadodara,390012,3,3,4643,Kalali,Villa,Semi-Furnished,Ready to Move,Resale,East,,Freehold,1400
790,Vadodara,390012,3,4,5769,Kalali,Villa,Furnished,Ready to Move,Resale,North,,Other,2600
791,Vadodara,390012,3,4,5833,Kalali,House,Semi-Furnished,Ready to Move,Resale,Other,2.0,Other,3000
792,Vadodara,390012,4,4,4833,Kalali,Flat,Unfurnished,Ready to Move,Resale,East,2.0,Freehold,1800
793,Vadodara,390012,4,4,5882,Kalali,Villa,Semi-Furnished,Ready to Move,Resale,East,,Freehold,1955
794,Vadodara,390012,4,4,7667,Kalali,Villa,Unfurnished,Ready to Move,Resale,Other,,Freehold,1239
795,Vadodara,390012,4,4,4533,Kalali,Flat,Furnished,Ready to Move,Resale,North - East,3.0,Freehold,1500
796,Vadodara,390012,3,4,3435,Kalali,House,Unfurnished,Ready to Move,Resale,West,,Freehold,2300
797,Vadodara,390012,4,4,5470,Kalali,Villa,Unfurnished,Ready to Move,Resale,East,,Freehold,1810
798,Vadodara,390012,4,4,6216,Kalali,Flat,Furnished,Ready to Move,Resale,East,5.0,Other,1850
799,Vadodara,390012,4,4,5000,Kalali,Flat,Unfurnished,Ready to Move,New,East,4.0,Freehold,1800
800,Vadodara,390012,4,4,10889,Kalali,Villa,Unfurnished,Ready to Move,New,East,,Freehold,900
801,Vadodara,390012,4,4,7256,Kalali,Villa,Unfurnished,Ready to Move,New,East,,Freehold,1516
802,Vadodara,390012,4,4,5449,Kalali,Villa,Unfurnished,Unknown,New,East,,Freehold,1560
803,Vadodara,390012,4,5,4646,Kalali,Villa,Unfurnished,Ready to Move,Resale,Other,,Freehold,1980
804,Vadodara,390012,6,5,9246,Kalali,Villa,Unfurnished,Unknown,New,East,,Freehold,2704
805,Vadodara,390022,4,4,6790,Kalali Road,Villa,Unfurnished,Ready to Move,Resale,Other,,Other,1620
806,Vadodara,390022,4,5,10938,Kalpana Nagar,House,Semi-Furnished,Ready to Move,Resale,Other,,Other,1600
807,Vadodara,390022,3,3,2292,Kamla Nagar,Flat,Unfurnished,Ready to Move,Resale,Other,2.0,Other,1200
808,Vadodara,390022,2,2,2435,Kanha Dreams,Flat,Semi-Furnished,Ready to Move,Resale,Other,3.0,Other,1150
809,Vadodara,390022,2,2,2435,Kanha Dreams,Flat,Unfurnished,Ready to Move,Resale,East,2.0,Freehold,1150
810,Vadodara,390022,3,3,3719,Kanha Gold Suryanagar,House,Unfurnished,Ready to Move,Resale,Other,4.0,Other,1210
811,Vadodara,390022,2,2,3125,Kapurai Village,House,Unfurnished,Ready to Move,Resale,Other,7.0,Freehold,1440
812,Vadodara,390022,2,2,4667,Karadiya,Flat,Semi-Furnished,Ready to Move,Resale,South - East,3.0,Freehold,750
813,Vadodara,390022,1,1,6349,Karelibagh,House,Semi-Furnished,Ready to Move,Resale,Other,4.0,Other,504
814,Vadodara,390022,3,3,9929,Karelibagh,House,Furnished,Ready to Move,Resale,East,,Freehold,1400
815,Vadodara,390022,3,3,7960,Karelibagh,Villa,Furnished,Ready to Move,Resale,West,,Freehold,2500
816,Vadodara,390022,3,4,8231,Karelibagh,House,Furnished,Ready to Move,Resale,Other,3.0,Other,1300
817,Vadodara,390018,1,1,4545,Karelibaug,Flat,Furnished,Ready to Move,Resale,East,1.0,Freehold,550
818,Vadodara,390018,1,1,4898,Karelibaug,Flat,Unfurnished,Ready to Move,Resale,Other,3.0,Other,490
819,Vadodara,390018,1,1,3636,Karelibaug,Builder Floor,Furnished,Ready to Move,New,East,1.0,Freehold,550
820,Vadodara,390018,1,2,5455,Karelibaug,Flat,Furnished,Ready to Move,Resale,Other,7.0,Freehold,550
821,Vadodara,390018,1,2,6210,Karelibaug,Flat,Furnished,Ready to Move,Resale,Other,2.0,Other,620
822,Vadodara,390018,2,2,10384,Karelibaug,Flat,Furnished,Ready to Move,Resale,East,14.0,Other,963
823,Vadodara,390018,2,2,8515,Karelibaug,Flat,Unfurnished,Ready to Move,New,Other,,Other,963
824,Vadodara,390018,2,2,6933,Karelibaug,Flat,Semi-Furnished,Ready to Move,Resale,West,2.0,Freehold,750
825,Vadodara,390018,1,2,4000,Karelibaug,Flat,Unfurnished,Ready to Move,Resale,East,3.0,Freehold,650
826,Vadodara,390018,2,2,3087,Karelibaug,Flat,Semi-Furnished,Ready to Move,Resale,Other,5.0,Other,1150
827,Vadodara,390018,2,2,2536,Karelibaug,House,Furnished,Ready to Move,Resale,Other,5.0,Other,1400
828,Vadodara,390018,2,2,4236,Karelibaug,Flat,Furnished,Ready to Move,Resale,North,1.0,Other,720
829,Vadodara,390018,2,2,2750,Karelibaug,Flat,Unfurnished,Unknown,Resale,Other,7.0,Other,1000
830,Vadodara,390018,2,2,3125,Karelibaug,Flat,Semi-Furnished,Ready to Move,Resale,Other,5.0,Other,1600
831,Vadodara,390018,2,2,6000,Karelibaug,Flat,Semi-Furnished,Ready to Move,Resale,Other,2.0,Other,600
832,Vadodara,390018,2,2,3600,Karelibaug,Builder Floor,Semi-Furnished,Ready to Move,Resale,Other,2.0,Other,750
833,Vadodara,390018,2,2,5500,Karelibaug,Flat,Unfurnished,Ready to Move,Resale,Other,4.0,Other,1000
834,Vadodara,390018,2,2,5294,Karelibaug,Builder Floor,Unfurnished,Ready to Move,Resale,Other,4.0,Other,850
835,Vadodara,390018,1,2,5714,Karelibaug,Builder Floor,Furnished,Ready to Move,Resale,Other,2.0,Other,700
836,Vadodara,390018,2,2,3072,Karelibaug,Flat,Furnished,Ready to Move,Resale,North - East,9.0,Freehold,830
837,Vadodara,390018,2,2,2756,Karelibaug,Flat,Unfurnished,Ready to Move,Resale,North - East,4.0,Freehold,1270
838,Vadodara,390018,2,3,3333,Karelibaug,Flat,Furnished,Ready to Move,Resale,North,1.0,Other,1500
839,Vadodara,390018,3,3,6545,Karelibaug,Flat,Semi-Furnished,Ready to Move,Resale,East,1.0,Freehold,1100
840,Vadodara,390018,3,3,4815,Karelibaug,Flat,Furnished,Ready to Move,Resale,North - West,4.0,Other,1350
841,Vadodara,390018,3,3,6000,Karelibaug,Flat,Semi-Furnished,Ready to Move,Resale,South,6.0,Other,1000
842,Vadodara,390018,3,3,8562,Karelibaug,Flat,Unfurnished,Ready to Move,New,Other,,Other,1752
843,Vadodara,390018,3,3,8524,Karelibaug,Flat,Unfurnished,Ready to Move,New,Other,,Other,1748
844,Vadodara,390018,3,3,8544,Karelibaug,Flat,Unfurnished,Ready to Move,New,Other,,Other,1147
845,Vadodara,390018,3,3,3943,Karelibaug,Flat,Furnished,Ready to Move,Resale,Other,2.0,Other,1750
846,Vadodara,390018,3,3,8219,Karelibaug,Flat,Furnished,Ready to Move,Resale,East,3.0,Freehold,1095
847,Vadodara,390018,3,3,3374,Karelibaug,Flat,Semi-Furnished,Ready to Move,Resale,West,3.0,Other,1630
848,Vadodara,390018,3,3,10000,Karelibaug,Villa,Semi-Furnished,Ready to Move,Resale,North - West,,Freehold,1500
849,Vadodara,390018,3,3,4097,Karelibaug,Flat,Furnished,Ready to Move,Resale,East,2.0,Freehold,1367
850,Vadodara,390018,3,3,7917,Karelibaug,House,Furnished,Ready to Move,Resale,Other,,Other,1200
851,Vadodara,390018,2,3,4583,Karelibaug,Flat,Unfurnished,Ready to Move,Resale,Other,1.0,Other,1200
852,Vadodara,390018,3,3,5294,Karelibaug,House,Unfurnished,Ready to Move,Resale,Other,4.0,Other,1700
853,Vadodara,390018,2,3,7895,Karelibaug,House,Unfurnished,Ready to Move,Resale,West,1.0,Freehold,760
854,Vadodara,390018,4,4,8537,Karelibaug,Flat,Unfurnished,Ready to Move,New,Other,,Other,2085
855,Vadodara,390018,4,4,9615,Karelibaug,Flat,Unfurnished,Ready to Move,Resale,East,5.0,Freehold,1560
856,Vadodara,390018,3,4,6750,Karelibaug,House,Semi-Furnished,Ready to Move,Resale,West,,Other,2000
857,Vadodara,390018,4,4,3357,Karelibaug,Flat,Semi-Furnished,Ready to Move,Resale,East,4.0,Freehold,1400
858,Vadodara,390018,4,4,9954,Karelibaug,Flat,Unfurnished,Ready to Move,New,Other,,Other,1758
859,Vadodara,390018,4,4,8333,Karelibaug,Flat,Unfurnished,Ready to Move,Resale,North - East,10.0,Freehold,1800
860,Vadodara,390018,3,4,6725,Karelibaug,House,Unfurnished,Ready to Move,Resale,Other,,Other,1933
861,Vadodara,390018,4,4,10322,Karelibaug,House,Unfurnished,Ready to Move,Resale,East,,Freehold,1211
862,Vadodara,390018,4,4,5357,Karelibaug,House,Furnished,Ready to Move,Resale,Other,1.0,Other,2800
863,Vadodara,390018,4,4,7400,Karelibaug,House,Semi-Furnished,Ready to Move,Resale,North,,Freehold,2500
864,Vadodara,390022,4,4,7031,Karjan,House,Unfurnished,Unknown,New,Other,,Other,1280
865,Vadodara,390022,3,3,4098,Kelanpur,Villa,Unfurnished,Ready to Move,Resale,Other,,Freehold,1025
866,Vadodara,390022,2,2,4267,Kendranagar,Flat,Semi-Furnished,Ready to Move,Resale,East,3.0,Freehold,750
867,Vadodara,390022,2,2,3158,Kendranagar,Flat,Semi-Furnished,Ready to Move,Resale,North,4.0,Other,950
868,Vadodara,390022,2,2,3429,Kendranagar,Flat,Semi-Furnished,Ready to Move,Resale,Other,1.0,Freehold,700
869,Vadodara,390022,3,3,8095,Kendranagar,House,Semi-Furnished,Ready to Move,Resale,West,,Freehold,1050
870,Vadodara,390022,3,3,11000,Kendranagar,Villa,Furnished,Ready to Move,Resale,Other,,Freehold,1000
871,Vadodara,390022,1,1,2800,Kevdabaug,Builder Floor,Semi-Furnished,Ready to Move,Resale,Other,4.0,Other,750
872,Vadodara,390022,1,1,3646,Kevdabaug,Flat,Unfurnished,Ready to Move,Resale,East,4.0,Other,480
873,Vadodara,390022,2,3,2569,Khatamba,House,Semi-Furnished,Unknown,Resale,Other,,Other,1600
874,Vadodara,390022,3,3,2568,Khatamba,House,Semi-Furnished,Unknown,Resale,Other,,Other,1250
875,Vadodara,390022,3,3,4074,Khatamba,House,Semi-Furnished,Ready to Move,Resale,Other,2.0,Other,1350
876,Vadodara,390022,4,3,9444,Khatamba,Villa,Semi-Furnished,Ready to Move,Resale,East,,Other,900
877,Vadodara,390022,2,2,5529,Khodiyar Nagar,Flat,Furnished,Ready to Move,Resale,East,5.0,Freehold,850
878,Vadodara,390022,2,2,5921,Khodiyar Nagar,Flat,Semi-Furnished,Ready to Move,Resale,East,4.0,Freehold,760
879,Vadodara,390022,2,2,3476,Khodiyar Nagar,Flat,Unfurnished,Ready to Move,Resale,Other,2.0,Other,1050
880,Vadodara,390022,2,2,3750,Khodiyar Nagar,Flat,Furnished,Ready to Move,Resale,Other,2.0,Freehold,1120
881,Vadodara,390022,2,2,3672,Khodiyar Nagar,Flat,Furnished,Ready to Move,Resale,Other,5.0,Other,1280
882,Vadodara,390022,2,3,4086,Khodiyar Nagar,House,Semi-Furnished,Ready to Move,Resale,West,5.0,Freehold,1346
883,Vadodara,390022,2,4,8333,Khodiyar Nagar,House,Unfurnished,Ready to Move,Resale,Other,2.0,Other,1200
884,Vadodara,390022,3,3,4118,Kishan Glory,Flat,Unfurnished,Ready to Move,Resale,Other,3.0,Freehold,850
885,Vadodara,390022,1,1,5489,Koyali,House,Furnished,Ready to Move,Resale,East,,Other,583
886,Vadodara,390022,2,2,3401,Koyali,Flat,Unfurnished,Ready to Move,Resale,Other,5.0,Other,735
887,Vadodara,390022,2,2,4000,Koyali,Flat,Semi-Furnished,Ready to Move,Resale,Other,5.0,Other,550
888,Vadodara,390022,3,5,4904,Koyali,Villa,Unfurnished,Ready to Move,Resale,East,,Freehold,1937
889,Vadodara,390022,2,2,4938,Krishna Empire,Flat,Unfurnished,Ready to Move,Resale,Other,3.0,Other,810
890,Vadodara,390022,1,2,3692,Laxmipura,Flat,Unfurnished,Ready to Move,Resale,Other,6.0,Other,650
891,Vadodara,390022,2,2,8140,Laxmipura Road,House,Semi-Furnished,Ready to Move,Resale,East,,Other,516
892,Vadodara,390022,2,2,6618,Laxmipura Road,Flat,Unfurnished,Ready to Move,New,South - East,3.0,Freehold,680
893,Vadodara,390022,3,3,4104,Laxmipura Road,Flat,Furnished,Ready to Move,Resale,Other,4.0,Other,999
894,Vadodara,390022,2,2,8451,Limda,House,Semi-Furnished,Ready to Move,Resale,Other,,Other,710
895,Vadodara,390022,2,2,2895,Madanzapa Road,Flat,Semi-Furnished,Ready to Move,Resale,North,4.0,Freehold,760
896,Vadodara,390022,2,2,2778,Madhavpura,Flat,Unfurnished,Ready to Move,Resale,East,4.0,Other,900
897,Vadodara,390022,2,2,4557,Madhavpura,Flat,Semi-Furnished,Ready to Move,Resale,East,5.0,Freehold,768
898,Vadodara,390022,2,2,4118,Madhavpura,Flat,Semi-Furnished,Ready to Move,Resale,Other,3.0,Other,850
899,Vadodara,390022,2,2,4224,Mahatma Gandhi Hights,Flat,Semi-Furnished,Ready to Move,Resale,Other,4.0,Other,580
900,Vadodara,390022,2,2,5641,Makar Pura,House,Unfurnished,Ready to Move,Resale,Other,1.0,Other,1950
901,Vadodara,390022,1,2,3350,Makar Pura,Flat,Unknown,Ready to Move,Resale,Other,,Other,985
902,Vadodara,390022,2,2,3562,Makar Pura,Flat,Unfurnished,Ready to Move,Resale,South,1.0,Freehold,800
903,Vadodara,390022,2,2,3600,Makar Pura,Flat,Unfurnished,Ready to Move,Resale,East,5.0,Freehold,750
904,Vadodara,390022,2,2,3107,Makar Pura,Flat,Semi-Furnished,Unknown,Resale,Other,,Other,1210
905,Vadodara,390022,2,2,5083,Makar Pura,Flat,Furnished,Ready to Move,Resale,Other,5.0,Other,600
906,Vadodara,390022,2,2,3217,Makar Pura,Flat,Semi-Furnished,Ready to Move,Resale,Other,4.0,Other,1150
907,Vadodara,390022,2,2,6371,Makar Pura,Flat,Unfurnished,Ready to Move,Resale,East,6.0,Freehold,620
908,Vadodara,390022,2,2,5652,Makar Pura,Flat,Furnished,Ready to Move,Resale,Other,7.0,Other,690
909,Vadodara,390022,2,2,3744,Makar Pura,Flat,Semi-Furnished,Ready to Move,Resale,Other,3.0,Other,1015
910,Vadodara,390022,2,2,4444,Makar Pura,Flat,Unfurnished,Ready to Move,Resale,East,4.0,Freehold,900
911,Vadodara,390022,2,2,2857,Makar Pura,Flat,Semi-Furnished,Ready to Move,Resale,Other,3.0,Other,875
912,Vadodara,390022,2,2,4660,Makar Pura,Flat,Unfurnished,Ready to Move,Resale,East,3.0,Freehold,1015
913,Vadodara,390022,2,2,5340,Makar Pura,Flat,Unfurnished,Ready to Move,Resale,Other,5.0,Other,515
914,Vadodara,390022,2,3,4071,Makar Pura,Flat,Semi-Furnished,Ready to Move,Resale,North,1.0,Other,1130
915,Vadodara,390022,1,1,8923,Makarpura,House,Semi-Furnished,Ready to Move,Resale,Other,,Other,650
916,Vadodara,390022,2,2,8571,Makarpura,House,Semi-Furnished,Ready to Move,Resale,South,2.0,Freehold,1750
917,Vadodara,390022,8,10,8146,Makarpura,House,Furnished,Ready to Move,Resale,West,3.0,Other,4800
918,Vadodara,390022,1,1,3083,Mandvi,Flat,Semi-Furnished,Ready to Move,Resale,Other,1.0,Other,600
919,Vadodara,390022,1,1,4930,Mandvi,Flat,Semi-Furnished,Ready to Move,Resale,Other,2.0,Freehold,710
920,Vadodara,390022,1,1,2464,Mandvi,Builder Floor,Unfurnished,Ready to Move,Resale,Other,1.0,Other,690
921,Vadodara,390022,1,1,4889,Maneja,House,Unfurnished,Ready to Move,Resale,Other,,Other,1125
922,Vadodara,390022,1,1,7778,Maneja,House,Unfurnished,Ready to Move,Resale,Other,,Freehold,450
923,Vadodara,390022,2,2,4702,Maneja,Flat,Semi-Furnished,Ready to Move,Resale,East,5.0,Freehold,638
924,Vadodara,390022,2,2,4032,Maneja,Flat,Unfurnished,Ready to Move,Resale,Other,2.0,Freehold,620
925,Vadodara,390022,1,2,3460,Maneja,Flat,Unfurnished,Ready to Move,Resale,East,1.0,Freehold,500
926,Vadodara,390022,2,2,4231,Maneja Crossing Road,House,Furnished,Ready to Move,Resale,Other,,Other,1300
927,Vadodara,390022,2,2,7143,Manher Park Society,Flat,Semi-Furnished,Ready to Move,Resale,North - East,5.0,Other,770
928,Vadodara,390011,1,1,3556,Manjalpur,Flat,Semi-Furnished,Ready to Move,Resale,Other,3.0,Other,450
929,Vadodara,390011,1,1,4228,Manjalpur,Flat,Semi-Furnished,Ready to Move,Resale,Other,3.0,Freehold,473
930,Vadodara,390011,1,1,4356,Manjalpur,Flat,Semi-Furnished,Ready to Move,Resale,North - East,4.0,Freehold,505
931,Vadodara,390011,1,1,8143,Manjalpur,House,Semi-Furnished,Ready to Move,Resale,East,,Freehold,700
932,Vadodara,390011,1,1,6531,Manjalpur,House,Unfurnished,Ready to Move,Resale,Other,,Other,1225
933,Vadodara,390011,1,1,4250,Manjalpur,Flat,Semi-Furnished,Ready to Move,Resale,Other,8.0,Other,400
934,Vadodara,390011,1,1,3246,Manjalpur,Flat,Unfurnished,Ready to Move,Resale,North,2.0,Freehold,570
935,Vadodara,390011,1,1,4170,Manjalpur,House,Unfurnished,Ready to Move,Resale,Other,1.0,Other,1235
936,Vadodara,390011,1,1,10000,Manjalpur,House,Unfurnished,Unknown,Resale,East,1.0,Freehold,450
937,Vadodara,390011,1,1,9375,Manjalpur,House,Unfurnished,Ready to Move,Resale,Other,1.0,Other,800
938,Vadodara,390011,1,1,2800,Manjalpur,Flat,Unfurnished,Unknown,Resale,Other,3.0,Freehold,500
939,Vadodara,390011,1,1,3273,Manjalpur,Flat,Semi-Furnished,Ready to Move,Resale,Other,2.0,Other,550
940,Vadodara,390011,2,2,6286,Manjalpur,Flat,Semi-Furnished,Ready to Move,Resale,East,7.0,Freehold,875
941,Vadodara,390011,2,2,3800,Manjalpur,Flat,Semi-Furnished,Ready to Move,Resale,Other,5.0,Other,1000
942,Vadodara,390011,2,2,4560,Manjalpur,Flat,Semi-Furnished,Ready to Move,Resale,West,3.0,Freehold,1250
943,Vadodara,390011,2,2,4533,Manjalpur,Flat,Semi-Furnished,Ready to Move,Resale,East,4.0,Freehold,750
944,Vadodara,390011,2,2,2578,Manjalpur,Flat,Unfurnished,Ready to Move,New,Other,1.0,Other,1280
945,Vadodara,390011,2,2,6515,Manjalpur,Flat,Unfurnished,Ready to Move,New,East,5.0,Freehold,683
946,Vadodara,390011,2,2,5769,Manjalpur,Flat,Semi-Furnished,Ready to Move,Resale,East,4.0,Freehold,780
947,Vadodara,390011,2,2,7385,Manjalpur,Flat,Furnished,Ready to Move,Resale,North - East,2.0,Freehold,650
948,Vadodara,390011,2,2,5378,Manjalpur,Flat,Furnished,Ready to Move,Resale,Other,9.0,Freehold,874
949,Vadodara,390011,1,2,4667,Manjalpur,Flat,Unfurnished,Ready to Move,Resale,Other,1.0,Freehold,900
950,Vadodara,390011,2,2,2941,Manjalpur,Flat,Semi-Furnished,Ready to Move,New,Other,1.0,Other,1190
951,Vadodara,390011,2,2,2975,Manjalpur,Flat,Unfurnished,Ready to Move,Resale,Other,4.0,Other,1210
952,Vadodara,390011,2,2,3765,Manjalpur,Flat,Furnished,Ready to Move,Resale,East,2.0,Other,850
953,Vadodara,390011,2,2,6129,Manjalpur,House,Unfurnished,Ready to Move,Resale,Other,2.0,Other,1550
954,Vadodara,390011,1,2,5000,Manjalpur,Builder Floor,Unfurnished,Ready to Move,Resale,Other,2.0,Other,1000
955,Vadodara,390011,1,2,2909,Manjalpur,Flat,Semi-Furnished,Ready to Move,Resale,North,2.0,Freehold,550
956,Vadodara,390011,2,2,7857,Manjalpur,Flat,Furnished,Ready to Move,Resale,Other,1.0,Other,700
957,Vadodara,390011,2,2,4091,Manjalpur,House,Semi-Furnished,Ready to Move,Resale,East,2.0,Other,1100
958,Vadodara,390011,2,2,5400,Manjalpur,Flat,Semi-Furnished,Ready to Move,Resale,Other,2.0,Other,750
959,Vadodara,390011,2,2,3173,Manjalpur,Flat,Semi-Furnished,Ready to Move,Resale,East,4.0,Other,1040
960,Vadodara,390011,2,2,3222,Manjalpur,Flat,Semi-Furnished,Ready to Move,Resale,Other,5.0,Other,900
961,Vadodara,390011,3,2,3333,Manjalpur,House,Semi-Furnished,Ready to Move,Resale,North,,Freehold,750
962,Vadodara,390011,2,2,2566,Manjalpur,Flat,Semi-Furnished,Ready to Move,Resale,Other,2.0,Freehold,1325
963,Vadodara,390011,2,2,6133,Manjalpur,Flat,Unfurnished,Ready to Move,Resale,West,8.0,Freehold,750
964,Vadodara,390011,2,2,3491,Manjalpur,Flat,Semi-Furnished,Ready to Move,Resale,East,5.0,Other,1060
965,Vadodara,390011,1,2,2308,Manjalpur,Flat,Semi-Furnished,Ready to Move,Resale,North,3.0,Freehold,650
966,Vadodara,390011,2,2,2889,Manjalpur,Builder Floor,Unfurnished,Ready to Move,Resale,Other,3.0,Other,900
967,Vadodara,390011,2,3,5913,Manjalpur,Flat,Furnished,Ready to Move,Resale,Other,3.0,Other,1150
968,Vadodara,390011,3,3,6746,Manjalpur,Flat,Unfurnished,Unknown,New,Other,,Other,1423
969,Vadodara,390011,3,3,5634,Manjalpur,Flat,Unfurnished,Unknown,New,Other,,Other,1065
970,Vadodara,390011,3,3,8943,Manjalpur,Flat,Semi-Furnished,Ready to Move,Resale,North,3.0,Freehold,1230
971,Vadodara,390011,3,3,5789,Manjalpur,Flat,Unfurnished,Ready to Move,Resale,East,4.0,Freehold,950
972,Vadodara,390011,3,3,5227,Manjalpur,Flat,Furnished,Ready to Move,Resale,Other,1.0,Other,880
973,Vadodara,390011,3,3,4054,Manjalpur,Flat,Furnished,Ready to Move,Resale,Other,4.0,Other,1850
974,Vadodara,390011,3,3,6415,Manjalpur,Flat,Unfurnished,Unknown,New,Other,,Other,1138
975,Vadodara,390011,3,3,6111,Manjalpur,House,Unfurnished,Ready to Move,Resale,North - East,,Freehold,1800
976,Vadodara,390011,3,3,3659,Manjalpur,Flat,Unfurnished,Ready to Move,Resale,Other,10.0,Other,1476
977,Vadodara,390011,2,3,12222,Manjalpur,House,Furnished,Ready to Move,Resale,North,,Freehold,360
978,Vadodara,390011,3,3,9506,Manjalpur,House,Semi-Furnished,Ready to Move,Resale,East,,Freehold,1315
979,Vadodara,390011,2,3,2500,Manjalpur,Flat,Semi-Furnished,Ready to Move,Resale,North,2.0,Freehold,2000
980,Vadodara,390011,3,3,8000,Manjalpur,Flat,Furnished,Ready to Move,Resale,East,7.0,Freehold,1200
981,Vadodara,390011,2,3,2857,Manjalpur,Flat,Semi-Furnished,Ready to Move,Resale,Other,2.0,Other,1400
982,Vadodara,390011,3,3,6715,Manjalpur,Flat,Semi-Furnished,Ready to Move,Resale,North,8.0,Freehold,968
983,Vadodara,390011,2,3,10526,Manjalpur,House,Semi-Furnished,Ready to Move,Resale,Other,,Freehold,2850
984,Vadodara,390011,2,3,2564,Manjalpur,Builder Floor,Semi-Furnished,Ready to Move,Resale,Other,1.0,Other,1755
985,Vadodara,390011,3,3,5556,Manjalpur,House,Semi-Furnished,Ready to Move,Resale,East,4.0,Freehold,1800
986,Vadodara,390011,2,3,4381,Manjalpur,Flat,Furnished,Ready to Move,Resale,North - East,1.0,Freehold,1050
987,Vadodara,390011,3,3,10462,Manjalpur,House,Furnished,Ready to Move,Resale,North,,Freehold,455
988,Vadodara,390011,3,3,3500,Manjalpur,Flat,Semi-Furnished,Ready to Move,Resale,Other,8.0,Freehold,2000
989,Vadodara,390011,3,3,5714,Manjalpur,House,Semi-Furnished,Ready to Move,Resale,North - West,,Freehold,1365
990,Vadodara,390011,4,3,3824,Manjalpur,House,Semi-Furnished,Unknown,Resale,Other,,Other,1700
991,Vadodara,390011,3,3,3582,Manjalpur,Flat,Semi-Furnished,Ready to Move,Resale,Other,6.0,Freehold,1675
992,Vadodara,390011,3,3,6155,Manjalpur,Flat,Unfurnished,Unknown,New,Other,,Other,1056
993,Vadodara,390011,3,3,6676,Manjalpur,Flat,Unfurnished,Unknown,New,Other,,Other,1423
994,Vadodara,390011,3,3,4762,Manjalpur,Flat,Unfurnished,Unknown,New,Other,,Other,1260
995,Vadodara,390011,3,3,6854,Manjalpur,Flat,Unfurnished,Unknown,New,Other,,Other,1138
996,Vadodara,390011,3,3,9821,Manjalpur,House,Furnished,Ready to Move,Resale,West,,Freehold,2800
997,Vadodara,390011,4,3,4225,Manjalpur,Flat,Unfurnished,Unknown,New,Other,,Other,2485
998,Vadodara,390011,3,3,6943,Manjalpur,Flat,Unfurnished,Unknown,New,Other,,Other,1423
999,Vadodara,390011,3,3,6678,Manjalpur,Flat,Unfurnished,Unknown,New,Other,,Other,1138
1000,Vadodara,390011,3,3,7000,Manjalpur,Flat,Semi-Furnished,Ready to Move,Resale,West,8.0,Freehold,1000
1001,Vadodara,390011,3,3,6908,Manjalpur,Flat,Unfurnished,Unknown,New,Other,,Other,1423
1002,Vadodara,390011,3,3,6924,Manjalpur,Flat,Unfurnished,Unknown,New,Other,,Other,1138
1003,Vadodara,390011,3,3,6192,Manjalpur,Flat,Unfurnished,Ready to Move,New,East,5.0,Freehold,856
1004,Vadodara,390011,3,3,6880,Manjalpur,Flat,Unfurnished,Unknown,New,Other,,Other,1423
1005,Vadodara,390011,3,3,6749,Manjalpur,Flat,Unfurnished,Unknown,New,Other,,Other,1138
1006,Vadodara,390011,3,3,7083,Manjalpur,House,Semi-Furnished,Ready to Move,Resale,East,,Freehold,1200
1007,Vadodara,390011,3,3,6810,Manjalpur,Flat,Unfurnished,Unknown,New,Other,,Other,1423
1008,Vadodara,390011,3,3,6476,Manjalpur,Flat,Unfurnished,Unknown,New,Other,,Other,1138
1009,Vadodara,390011,4,4,5556,Manjalpur,Flat,Unfurnished,Ready to Move,Resale,East,3.0,Other,2700
1010,Vadodara,390011,3,4,7389,Manjalpur,House,Furnished,Ready to Move,Resale,Other,2.0,Other,2030
1011,Vadodara,390011,2,4,10769,Manjalpur,House,Furnished,Ready to Move,Resale,North,,Freehold,2600
1012,Vadodara,390011,3,4,8092,Manjalpur,House,Semi-Furnished,Ready to Move,Resale,East,,Freehold,1792
1013,Vadodara,390011,3,4,12162,Manjalpur,House,Furnished,Ready to Move,Resale,East,2.0,Freehold,1850
1014,Vadodara,390011,3,4,7799,Manjalpur,House,Semi-Furnished,Ready to Move,Resale,Other,2.0,Other,1154
1015,Vadodara,390011,3,4,5667,Manjalpur,House,Semi-Furnished,Ready to Move,Resale,South,,Freehold,1500
1016,Vadodara,390011,2,4,3409,Manjalpur,House,Unfurnished,Ready to Move,Resale,North,,Freehold,2200
1017,Vadodara,390011,2,4,5000,Manjalpur,House,Furnished,Ready to Move,Resale,East,2.0,Freehold,2000
1018,Vadodara,390011,4,4,4507,Manjalpur,Flat,Unfurnished,Unknown,New,Other,,Other,2840
1019,Vadodara,390011,3,4,10385,Manjalpur,Flat,Furnished,Ready to Move,Resale,North - West,10.0,Freehold,1300
1020,Vadodara,390011,5,5,7654,Manjalpur,Villa,Unfurnished,Ready to Move,New,Other,,Other,2025
1021,Vadodara,390011,3,5,5556,Manjalpur,House,Unfurnished,Ready to Move,Resale,Other,8.0,Freehold,1350
1022,Vadodara,390011,4,5,8333,Manjalpur,Flat,Furnished,Ready to Move,Resale,North,1.0,Freehold,3000
1023,Vadodara,390011,2,5,10625,Manjalpur,House,Semi-Furnished,Ready to Move,Resale,Other,,Other,800
1024,Vadodara,390011,3,5,12500,Manjalpur,House,Furnished,Ready to Move,Resale,Other,,Other,1800
1025,Vadodara,390011,5,5,7704,Manjalpur,Villa,Unfurnished,Ready to Move,New,Other,,Other,2025
1026,Vadodara,390011,5,5,7951,Manjalpur,Villa,Unfurnished,Ready to Move,New,Other,,Other,2025
1027,Vadodara,390011,5,5,7852,Manjalpur,Villa,Unfurnished,Ready to Move,New,Other,,Other,2025
1028,Vadodara,390011,5,5,7802,Manjalpur,Villa,Unfurnished,Ready to Move,New,Other,,Other,2025
1029,Vadodara,390011,5,5,6075,Manjalpur,House,Semi-Furnished,Ready to Move,Resale,East,,Freehold,5350
1030,Vadodara,390011,5,6,9574,Manjalpur,House,Furnished,Ready to Move,Resale,North,,Freehold,2350
1031,Vadodara,390022,1,2,5600,Mathura Nagari,House,Semi-Furnished,Ready to Move,Resale,Other,,Other,1250
1032,Vadodara,390022,4,5,12500,Mujmahuda,House,Semi-Furnished,Ready to Move,Resale,North,2.0,Freehold,2600
1033,Vadodara,390022,5,6,8333,Mujmahuda,Villa,Unfurnished,Ready to Move,Resale,Other,,Other,4200
1034,Vadodara,390022,2,2,4229,Nani Bapod,Flat,Unfurnished,Unknown,New,Other,,Other,532
1035,Vadodara,390022,2,2,2368,Nani Bapod,Flat,Unfurnished,Unknown,Resale,Other,,Other,870
1036,Vadodara,390022,3,3,3750,Nani Bapod,House,Semi-Furnished,Ready to Move,Resale,Other,,Other,1200
1037,Vadodara,390022,3,4,7273,Nani Bapod,House,Furnished,Ready to Move,Resale,South -West,2.0,Freehold,1100
1038,Vadodara,390022,1,1,8800,Nava Bazar,House,Furnished,Ready to Move,Resale,West,,Freehold,250
1039,Vadodara,390022,1,2,3143,Nava Bazar,House,Unfurnished,Ready to Move,Resale,East,3.0,Freehold,1750
1040,Vadodara,390022,1,2,2400,Navapura,Flat,Semi-Furnished,Ready to Move,Resale,East,5.0,Freehold,750
1041,Vadodara,390022,3,7,4545,Navapura,House,Semi-Furnished,Ready to Move,Resale,East,,Freehold,2200
1042,Vadodara,390022,3,4,7609,Near Cross Ward,House,Unfurnished,Ready to Move,Resale,Other,,Other,4600
1043,Vadodara,390022,3,3,4583,Near Haveli And Jain Derasar,Flat,Furnished,Ready to Move,Resale,North - East,3.0,Freehold,1200
1044,Vadodara,390022,2,2,9259,Near Industrial Society,House,Furnished,Ready to Move,Resale,Other,,Freehold,540
1045,Vadodara,390022,2,2,3380,Nehru Chacha Nagar,Flat,Semi-Furnished,Ready to Move,Resale,North - East,4.0,Other,710
1046,Vadodara,390022,2,2,3812,Nehru Chacha Nagar,Flat,Semi-Furnished,Ready to Move,Resale,South,4.0,Freehold,800
1047,Vadodara,390022,3,3,4834,Nehru Chacha Nagar,Flat,Furnished,Ready to Move,Resale,Other,3.0,Other,724
1048,Vadodara,390019,2,2,4444,New Alkapuri,Flat,Unfurnished,Ready to Move,New,West,1.0,Freehold,900
1049,Vadodara,390019,2,2,4224,New Alkapuri,Flat,Semi-Furnished,Ready to Move,Resale,South - East,2.0,Other,947
1050,Vadodara,390019,2,2,5963,New Alkapuri,Flat,Furnished,Ready to Move,Resale,Other,1.0,Freehold,805
1051,Vadodara,390019,2,2,4500,New Alkapuri,Flat,Furnished,Ready to Move,Resale,East,1.0,Freehold,800
1052,Vadodara,390019,2,2,4255,New Alkapuri,Flat,Semi-Furnished,Ready to Move,Resale,South - East,2.0,Freehold,940
1053,Vadodara,390019,2,2,5000,New Alkapuri,Flat,Semi-Furnished,Ready to Move,Resale,Other,3.0,Other,1100
1054,Vadodara,390019,2,2,4833,New Alkapuri,Flat,Semi-Furnished,Ready to Move,Resale,West,4.0,Other,900
1055,Vadodara,390019,2,2,3889,New Alkapuri,Flat,Unfurnished,Ready to Move,Resale,East,5.0,Freehold,900
1056,Vadodara,390019,2,2,4972,New Alkapuri,Flat,Furnished,Ready to Move,Resale,East,5.0,Freehold,905
1057,Vadodara,390019,1,2,11875,New Alkapuri,House,Semi-Furnished,Ready to Move,Resale,East,1.0,Freehold,800
1058,Vadodara,390019,2,2,5286,New Alkapuri,Flat,Semi-Furnished,Ready to Move,Resale,North,1.0,Freehold,700
1059,Vadodara,390019,3,3,4216,New Alkapuri,Flat,Semi-Furnished,Ready to Move,Resale,North,5.0,Freehold,1850
1060,Vadodara,390019,3,3,6300,New Alkapuri,Flat,Furnished,Ready to Move,Resale,North,3.0,Freehold,1000
1061,Vadodara,390019,3,3,5631,New Alkapuri,Flat,Semi-Furnished,Ready to Move,Resale,Other,7.0,Other,1332
1062,Vadodara,390019,3,3,5714,New Alkapuri,Flat,Furnished,Ready to Move,New,East,3.0,Freehold,1050
1063,Vadodara,390019,3,3,5833,New Alkapuri,Flat,Unfurnished,Ready to Move,Resale,North - East,8.0,Freehold,1200
1064,Vadodara,390019,4,3,6733,New Alkapuri,Flat,Unfurnished,Ready to Move,New,East,1.0,Freehold,1500
1065,Vadodara,390019,3,3,6421,New Alkapuri,Flat,Semi-Furnished,Ready to Move,New,East,12.0,Other,1168
1066,Vadodara,390019,3,3,4538,New Alkapuri,Flat,Unfurnished,Ready to Move,Resale,East,4.0,Freehold,1300
1067,Vadodara,390019,4,3,7826,New Alkapuri,Flat,Furnished,Ready to Move,Resale,West,1.0,Freehold,2300
1068,Vadodara,390019,3,3,6429,New Alkapuri,Villa,Semi-Furnished,Ready to Move,Resale,North,,Freehold,1400
1069,Vadodara,390019,3,3,6410,New Alkapuri,Flat,Unfurnished,Ready to Move,Resale,Other,10.0,Other,1248
1070,Vadodara,390019,3,3,5479,New Alkapuri,Flat,Unfurnished,Unknown,New,Other,,Other,1168
1071,Vadodara,390019,3,3,4429,New Alkapuri,Flat,Unfurnished,Ready to Move,Resale,East,5.0,Freehold,1400
1072,Vadodara,390019,3,3,5643,New Alkapuri,House,Unfurnished,Ready to Move,Resale,East,1.0,Freehold,1400
1073,Vadodara,390019,3,3,6828,New Alkapuri,Flat,Semi-Furnished,Ready to Move,Resale,North,2.0,Other,1450
1074,Vadodara,390019,3,3,4079,New Alkapuri,Flat,Furnished,Ready to Move,Resale,North - East,3.0,Freehold,1520
1075,Vadodara,390019,3,3,4851,New Alkapuri,Builder Floor,Unfurnished,Ready to Move,Resale,Other,3.0,Other,1340
1076,Vadodara,390019,3,3,4386,New Alkapuri,Builder Floor,Unfurnished,Ready to Move,Resale,Other,1.0,Other,1710
1077,Vadodara,390019,3,3,4286,New Alkapuri,Flat,Furnished,Ready to Move,Resale,East,2.0,Other,1050
1078,Vadodara,390019,3,3,4333,New Alkapuri,Flat,Semi-Furnished,Ready to Move,New,Other,2.0,Freehold,1500
1079,Vadodara,390019,3,3,5993,New Alkapuri,Flat,Unfurnished,Ready to Move,Resale,East,5.0,Freehold,1168
1080,Vadodara,390019,3,3,4214,New Alkapuri,Flat,Semi-Furnished,Ready to Move,Resale,Other,2.0,Freehold,1400
1081,Vadodara,390019,3,3,4516,New Alkapuri,Flat,Unfurnished,Ready to Move,Resale,North - East,3.0,Freehold,1550
1082,Vadodara,390019,3,3,4762,New Alkapuri,Flat,Semi-Furnished,Ready to Move,Resale,East,2.0,Freehold,1260
1083,Vadodara,390019,3,3,6743,New Alkapuri,Flat,Unfurnished,Ready to Move,New,East,1.0,Freehold,1750
1084,Vadodara,390019,3,3,6182,New Alkapuri,Flat,Semi-Furnished,Ready to Move,Resale,East,6.0,Other,1100
1085,Vadodara,390019,3,3,4880,New Alkapuri,Flat,Furnished,Ready to Move,Resale,East,3.0,Freehold,1332
1086,Vadodara,390019,3,3,5167,New Alkapuri,Flat,Furnished,Ready to Move,Resale,West,4.0,Freehold,1200
1087,Vadodara,390019,3,3,6667,New Alkapuri,Flat,Unfurnished,Ready to Move,Resale,West,5.0,Freehold,1875
1088,Vadodara,390019,5,4,9909,New Alkapuri,Flat,Unfurnished,Ready to Move,Resale,East,5.0,Other,3835
1089,Vadodara,390019,4,4,6905,New Alkapuri,Flat,Unfurnished,Ready to Move,Resale,East,6.0,Other,2100
1090,Vadodara,390019,4,4,7744,New Alkapuri,Flat,Unfurnished,Unknown,New,Other,,Other,2544
1091,Vadodara,390019,3,4,10000,New Alkapuri,Villa,Semi-Furnished,Ready to Move,Resale,Other,,Other,1700
1092,Vadodara,390019,5,4,5208,New Alkapuri,Villa,Furnished,Ready to Move,Resale,East,,Freehold,4800
1093,Vadodara,390019,4,4,7713,New Alkapuri,Flat,Unfurnished,Unknown,New,Other,,Other,2541
1094,Vadodara,390019,4,4,5125,New Alkapuri,Flat,Semi-Furnished,Ready to Move,Resale,East,2.0,Freehold,1756
1095,Vadodara,390019,4,4,8357,New Alkapuri,House,Furnished,Ready to Move,Resale,East,4.0,Other,4200
1096,Vadodara,390019,4,4,4057,New Alkapuri,House,Furnished,Ready to Move,Resale,East,4.0,Freehold,1750
1097,Vadodara,390019,4,4,7709,New Alkapuri,Flat,Unfurnished,Unknown,New,Other,,Other,2711
1098,Vadodara,390019,3,4,6882,New Alkapuri,Flat,Unfurnished,Ready to Move,Resale,East,2.0,Freehold,3342
1099,Vadodara,390019,4,4,7725,New Alkapuri,Flat,Unfurnished,Unknown,New,Other,,Other,2550
1100,Vadodara,390019,4,4,7729,New Alkapuri,Flat,Unfurnished,Unknown,New,Other,,Other,2523
1101,Vadodara,390019,4,4,8095,New Alkapuri,Villa,Semi-Furnished,Ready to Move,Resale,North,,Freehold,2100
1102,Vadodara,390019,5,5,8929,New Alkapuri,Villa,Furnished,Ready to Move,Resale,East,,Freehold,5600
1103,Vadodara,390019,4,5,3472,New Alkapuri,House,Unfurnished,Unknown,Resale,Other,,Other,3600
1104,Vadodara,390019,5,5,10714,New Alkapuri,House,Furnished,Ready to Move,Resale,East,,Freehold,2800
1105,Vadodara,390019,5,5,7661,New Alkapuri,House,Unfurnished,Ready to Move,Resale,West,9.0,Freehold,3655
1106,Vadodara,390019,6,5,8923,New Alkapuri,Flat,Unfurnished,Ready to Move,New,East,4.0,Freehold,2768
1107,Vadodara,390019,6,5,8571,New Alkapuri,Flat,Unfurnished,Unknown,Resale,North - East,5.0,Freehold,4200
1108,Vadodara,390019,6,5,9286,New Alkapuri,Flat,Unfurnished,Ready to Move,New,East,6.0,Freehold,4200
1109,Vadodara,390022,2,2,5429,New Kareli Baug,Flat,Semi-Furnished,Ready to Move,Resale,Other,2.0,Other,700
1110,Vadodara,390022,2,2,3060,New Kareli Baug,Flat,Furnished,Ready to Move,Resale,Other,3.0,Other,915
1111,Vadodara,390022,2,2,2500,New Kareli Baug,Flat,Unfurnished,Ready to Move,Resale,Other,2.0,Other,1000
1112,Vadodara,390022,2,2,2455,New Kareli Baug,Flat,Unfurnished,Ready to Move,Resale,East,4.0,Other,1100
1113,Vadodara,390022,2,2,3375,New Kareli Baug,Flat,Semi-Furnished,Ready to Move,Resale,North,3.0,Freehold,800
1114,Vadodara,390022,2,3,2857,New Kareli Baug,Flat,Unfurnished,Ready to Move,Resale,North - West,3.0,Other,1470
1115,Vadodara,390022,2,3,4556,New Kareli Baug,Flat,Unfurnished,Ready to Move,Resale,East,3.0,Other,900
1116,Vadodara,390022,2,3,2388,New Kareli Baug,Flat,Unfurnished,Ready to Move,Resale,Other,3.0,Other,1340
1117,Vadodara,390022,3,3,5756,New Kareli Baug,Flat,Unfurnished,Ready to Move,Resale,North,10.0,Other,860
1118,Vadodara,390022,3,3,3056,New Kareli Baug,Flat,Furnished,Ready to Move,Resale,North - East,4.0,Freehold,1800
1119,Vadodara,390022,4,4,5197,New Kareli Baug,Flat,Furnished,Ready to Move,Resale,North - East,4.0,Freehold,1270
1120,Vadodara,390022,1,2,4500,New Sama,Flat,Furnished,Ready to Move,Resale,Other,4.0,Other,1000
1121,Vadodara,390022,2,2,3942,New Sama,Flat,Unfurnished,Ready to Move,Resale,East,3.0,Freehold,1040
1122,Vadodara,390022,2,2,3830,New Sama Road,Flat,Semi-Furnished,Ready to Move,Resale,South,2.0,Other,1175
1123,Vadodara,390022,1,2,9732,New Sama Road,House,Semi-Furnished,Ready to Move,Resale,East,,Freehold,822
1124,Vadodara,390022,3,3,3668,New Sama Road,House,Semi-Furnished,Ready to Move,Resale,West,4.0,Freehold,1622
1125,Vadodara,390022,2,2,4636,New Sama Road Chanakyapuri Society,Flat,Unfurnished,Ready to Move,Resale,Other,1.0,Freehold,755
1126,Vadodara,390022,2,2,7650,New Sama Road Chanakyapuri Society,Flat,Furnished,Ready to Move,Resale,Other,4.0,Other,719
1127,Vadodara,390022,3,3,6111,New Sama Road Chanakyapuri Society,Builder Floor,Semi-Furnished,Ready to Move,New,West,1.0,Freehold,900
1128,Vadodara,390022,2,2,2639,New Vip Road Area,Flat,Furnished,Ready to Move,Resale,Other,1.0,Freehold,1080
1129,Vadodara,390022,1,1,3162,New Vip Road Baikunth,Flat,Semi-Furnished,Ready to Move,Resale,Other,4.0,Other,585
1130,Vadodara,390022,2,2,4375,New Vip Road Baikunth,Flat,Semi-Furnished,Ready to Move,Resale,East,4.0,Other,800
1131,Vadodara,390022,2,2,3385,New Vip Road Baikunth,Flat,Unfurnished,Ready to Move,Resale,East,3.0,Freehold,650
1132,Vadodara,390022,1,2,3250,New Vip Road Baikunth,House,Semi-Furnished,Ready to Move,Resale,Other,,Other,2000
1133,Vadodara,390022,2,2,2639,New Vip Road Baikunth,Flat,Furnished,Ready to Move,Resale,Other,1.0,Freehold,1080
1134,Vadodara,390022,1,2,3231,New Vip Road Baikunth,Flat,Semi-Furnished,Ready to Move,Resale,Other,3.0,Other,650
1135,Vadodara,390022,2,2,7205,New Vip Road Baikunth,Villa,Semi-Furnished,Ready to Move,Resale,North - West,,Freehold,1388
1136,Vadodara,390022,2,2,3182,New Vip Road Baikunth,Flat,Unfurnished,Ready to Move,Resale,East,1.0,Freehold,1100
1137,Vadodara,390022,2,2,4667,New Vip Road Baikunth,Builder Floor,Furnished,Ready to Move,Resale,Other,4.0,Other,750
1138,Vadodara,390022,2,2,3103,New Vip Road Baikunth,Flat,Furnished,Ready to Move,Resale,Other,2.0,Other,1160
1139,Vadodara,390022,3,3,3333,New Vip Road Baikunth,Flat,Furnished,Ready to Move,Resale,Other,2.0,Other,1650
1140,Vadodara,390022,3,3,3412,New Vip Road Baikunth,Flat,Unfurnished,Ready to Move,Resale,South -West,5.0,Freehold,850
1141,Vadodara,390022,3,3,7556,New Vip Road Baikunth,Flat,Semi-Furnished,Ready to Move,Resale,East,5.0,Freehold,675
1142,Vadodara,390022,3,3,5882,New Vip Road Baikunth,Flat,Furnished,Ready to Move,Resale,Other,5.0,Other,935
1143,Vadodara,390022,3,3,8235,New Vip Road Baikunth,House,Unfurnished,Ready to Move,Resale,East,1.0,Freehold,850
1144,Vadodara,390022,3,3,4125,New Vip Road Baikunth,Flat,Semi-Furnished,Ready to Move,Resale,West,2.0,Freehold,800
1145,Vadodara,390022,3,3,3750,New Vip Road Baikunth,Flat,Semi-Furnished,Ready to Move,Resale,Other,2.0,Other,800
1146,Vadodara,390022,2,3,4222,New Vip Road Baikunth,Flat,Unfurnished,Ready to Move,Resale,Other,4.0,Other,900
1147,Vadodara,390022,1,2,3273,Nilkanth Residency Makarpura Airforce Station,Flat,Unfurnished,Ready to Move,Resale,East,3.0,Other,550
1148,Vadodara,390022,3,3,10000,Nimal Babu Complex,House,Furnished,Ready to Move,Resale,West,3.0,Freehold,800
1149,Vadodara,390022,1,1,6644,Nimeta,House,Unfurnished,Ready to Move,Resale,Other,,Other,450
1150,Vadodara,390002,1,1,3264,Nizampura,Flat,Unfurnished,Ready to Move,Resale,Other,1.0,Freehold,720
1151,Vadodara,390002,2,2,6102,Nizampura,House,Unfurnished,Ready to Move,Resale,Other,,Other,1180
1152,Vadodara,390002,2,2,5258,Nizampura,Flat,Furnished,Ready to Move,Resale,East,4.0,Freehold,1065
1153,Vadodara,390002,2,2,3360,Nizampura,Flat,Semi-Furnished,Ready to Move,Resale,Other,4.0,Other,1250
1154,Vadodara,390002,1,2,4054,Nizampura,Flat,Furnished,Ready to Move,Resale,Other,3.0,Other,740
1155,Vadodara,390002,2,2,5114,Nizampura,Flat,Semi-Furnished,Ready to Move,Resale,North - East,3.0,Other,880
1156,Vadodara,390002,2,2,3951,Nizampura,Flat,Furnished,Ready to Move,Resale,Other,5.0,Freehold,1215
1157,Vadodara,390002,2,2,4861,Nizampura,Flat,Furnished,Ready to Move,Resale,Other,5.0,Other,1008
1158,Vadodara,390002,2,2,3294,Nizampura,Flat,Furnished,Ready to Move,Resale,Other,3.0,Other,850
1159,Vadodara,390002,2,3,4762,Nizampura,Flat,Semi-Furnished,Ready to Move,Resale,South -West,6.0,Freehold,1050
1160,Vadodara,390002,3,3,7407,Nizampura,Flat,Furnished,Ready to Move,Resale,South - East,1.0,Freehold,1350
1161,Vadodara,390002,3,3,6768,Nizampura,Flat,Furnished,Ready to Move,Resale,North - East,3.0,Freehold,1256
1162,Vadodara,390002,3,3,8462,Nizampura,Flat,Furnished,Ready to Move,Resale,East,4.0,Other,1300
1163,Vadodara,390002,3,3,8173,Nizampura,Flat,Furnished,Ready to Move,Resale,Other,3.0,Freehold,1040
1164,Vadodara,390002,3,4,9545,Nizampura,House,Furnished,Ready to Move,Resale,Other,,Other,2200
1165,Vadodara,390002,5,5,9859,Nizampura,House,Semi-Furnished,Ready to Move,New,West,3.0,Freehold,1420
1166,Vadodara,390022,1,1,4400,Nizampura Main Road,Flat,Unfurnished,Ready to Move,Resale,North - East,1.0,Freehold,500
1167,Vadodara,390022,3,3,10000,Nizampura Main Road,House,Furnished,Ready to Move,Resale,Other,,Other,1500
1168,Vadodara,390022,2,3,11579,Nizampura Main Road,House,Unfurnished,Ready to Move,Resale,East,1.0,Other,950
1169,Vadodara,390022,3,2,6048,Old Padra Road,Villa,Furnished,Ready to Move,Resale,Other,,Other,1240
1170,Vadodara,390022,1,2,5508,Old Padra Road,House,Unfurnished,Ready to Move,Resale,North,1.0,Other,1180
1171,Vadodara,390022,2,2,5976,Old Padra Road,Flat,Semi-Furnished,Ready to Move,Resale,East,4.0,Freehold,753
1172,Vadodara,390022,2,2,5333,Old Padra Road,Flat,Furnished,Ready to Move,New,East,1.0,Freehold,750
1173,Vadodara,390022,2,2,3438,Old Padra Road,Flat,Semi-Furnished,Ready to Move,Resale,East,2.0,Freehold,800
1174,Vadodara,390022,1,3,4533,Old Padra Road,Flat,Unknown,Unknown,Unknown,East,2.0,Freehold,1765
1175,Vadodara,390022,3,3,7783,Old Padra Road,Villa,Furnished,Ready to Move,Resale,Other,,Freehold,2120
1176,Vadodara,390022,4,3,5500,Old Padra Road,House,Unfurnished,Ready to Move,Resale,East,,Freehold,2000
1177,Vadodara,390022,3,3,6842,Old Padra Road,Flat,Furnished,Ready to Move,Resale,West,6.0,Freehold,760
1178,Vadodara,390022,2,3,5474,Old Padra Road,Flat,Semi-Furnished,Ready to Move,Resale,South - East,3.0,Freehold,950
1179,Vadodara,390022,3,3,5361,Old Padra Road,Flat,Semi-Furnished,Ready to Move,Resale,Other,7.0,Other,2052
1180,Vadodara,390022,4,3,4348,Old Padra Road,Flat,Furnished,Ready to Move,Resale,Other,2.0,Other,2300
1181,Vadodara,390022,3,3,5051,Old Padra Road,Flat,Furnished,Unknown,Resale,Other,4.0,Other,1485
1182,Vadodara,390022,3,3,6800,Old Padra Road,House,Semi-Furnished,Ready to Move,Resale,Other,,Other,1250
1183,Vadodara,390022,4,4,6316,Old Padra Road,Villa,Unfurnished,Ready to Move,Resale,North,,Freehold,1900
1184,Vadodara,390022,4,4,6944,Old Padra Road,Villa,Furnished,Ready to Move,Resale,West,,Freehold,1800
1185,Vadodara,391440,1,1,3043,Padra,Flat,Unfurnished,Ready to Move,Resale,Other,5.0,Other,460
1186,Vadodara,391440,2,2,3333,Padra,Flat,Unfurnished,Ready to Move,Resale,North - East,3.0,Freehold,600
1187,Vadodara,391440,2,2,3125,Padra,Flat,Unfurnished,Ready to Move,Resale,Other,6.0,Other,800
1188,Vadodara,390022,3,3,7732,Padra Road,House,Semi-Furnished,Ready to Move,Resale,Other,,Freehold,970
1189,Vadodara,390022,3,3,3529,Padra Road,Flat,Semi-Furnished,Ready to Move,Resale,East,2.0,Freehold,1190
1190,Vadodara,390022,3,4,6122,Padra Road,House,Furnished,Ready to Move,Resale,East,,Freehold,1960
1191,Vadodara,390022,4,4,8186,Padra Road,Villa,Unfurnished,Ready to Move,Resale,Other,,Freehold,1466
1192,Vadodara,390022,4,4,4595,Padra Road,Flat,Furnished,Ready to Move,Resale,Other,10.0,Other,1850
1193,Vadodara,390022,2,2,3863,Panchvati,Flat,Furnished,Ready to Move,Resale,East,1.0,Freehold,906
1194,Vadodara,390022,2,1,3167,Pani Gate,House,Semi-Furnished,Ready to Move,Resale,Other,,Other,1200
1195,Vadodara,390022,1,1,2761,Parth Complex,Flat,Semi-Furnished,Ready to Move,Resale,South,2.0,Freehold,670
1196,Vadodara,390022,2,2,3386,Pashabhai Park,Flat,Semi-Furnished,Ready to Move,Resale,Other,4.0,Other,945
1197,Vadodara,390022,2,2,2919,Pashabhai Park,Flat,Semi-Furnished,Ready to Move,Resale,Other,2.0,Freehold,925
1198,Vadodara,390022,2,2,4368,Pashabhai Park,Flat,Unfurnished,Ready to Move,Resale,Other,4.0,Other,870
1199,Vadodara,390022,2,3,5862,Pashabhai Park,Flat,Semi-Furnished,Ready to Move,Resale,Other,9.0,Freehold,1450
1200,Vadodara,390022,3,4,8000,Pashabhai Park,Villa,Furnished,Ready to Move,New,Other,,Other,2000
1201,Vadodara,390022,2,3,4516,Pratap Gunj,Flat,Semi-Furnished,Ready to Move,Resale,Other,4.0,Other,1550
1202,Vadodara,390022,2,2,5889,Pratapgunj,Flat,Furnished,Ready to Move,Resale,East,2.0,Other,900
1203,Vadodara,390022,3,3,5417,Pratapgunj,Flat,Semi-Furnished,Ready to Move,Resale,Other,,Freehold,1200
1204,Vadodara,390022,3,3,7368,Pratapgunj,Flat,Semi-Furnished,Ready to Move,Resale,East,3.0,Freehold,1330
1205,Vadodara,390022,2,3,3200,Pratapnagar,Flat,Semi-Furnished,Ready to Move,Resale,Other,2.0,Other,1000
1206,Vadodara,390022,2,2,2889,Pratham Upvan,House,Unfurnished,Ready to Move,Resale,East,5.0,Freehold,1800
1207,Vadodara,390022,7,5,10000,Preet Banglows Channi Canal Road,Villa,Furnished,Ready to Move,Resale,East,,Freehold,4000
1208,Vadodara,390022,2,2,4286,Punit Nagar,Flat,Furnished,Ready to Move,Resale,East,3.0,Other,1050
1209,Vadodara,390022,2,2,3750,Purushottam Nagar,Flat,Semi-Furnished,Ready to Move,Resale,South -West,3.0,Freehold,800
1210,Vadodara,390022,2,4,8095,Pushpak Township,House,Semi-Furnished,Ready to Move,Resale,Other,,Other,1050
1211,Vadodara,390022,1,3,4722,Race Course Circle,Flat,Unfurnished,Ready to Move,Resale,Other,1.0,Freehold,1800
1212,Vadodara,390022,2,3,6355,Race Course Road,Flat,Furnished,Ready to Move,Resale,North - East,7.0,Other,1100
1213,Vadodara,390022,4,4,9231,Race Course Road,Villa,Furnished,Ready to Move,Resale,East,,Freehold,6500
1214,Vadodara,390022,2,2,3000,Radhesharnam Flats Near Vadsar Bridge,Flat,Semi-Furnished,Ready to Move,Resale,Other,1.0,Other,1100
1215,Vadodara,390022,2,2,3614,Rajeshwar Gold View,Flat,Semi-Furnished,Ready to Move,Resale,East,3.0,Freehold,996
1216,Vadodara,390022,2,2,4706,Ramwadi,Flat,Semi-Furnished,Ready to Move,Resale,Other,4.0,Other,680
1217,Vadodara,390022,2,3,3913,Ramwadi,Flat,Semi-Furnished,Ready to Move,Resale,Other,4.0,Other,1150
1218,Vadodara,390022,2,3,5909,Ramwadi,Flat,Furnished,Ready to Move,Resale,East,3.0,Freehold,1100
1219,Vadodara,390022,1,1,3091,Raopura,Builder Floor,Unfurnished,Ready to Move,Resale,Other,2.0,Other,550
1220,Vadodara,390022,4,4,3867,Raopura,Flat,Unfurnished,Ready to Move,Resale,East,2.0,Freehold,1500
1221,Vadodara,390022,2,5,4286,Raopura Road,House,Unfurnished,Ready to Move,Resale,Other,,Other,700
1222,Vadodara,390022,2,1,4973,Rasulabad,Villa,Semi-Furnished,Ready to Move,New,North - East,,Freehold,915
1223,Vadodara,390022,1,2,2857,Rv Desai Road,Flat,Semi-Furnished,Ready to Move,Resale,East,2.0,Other,735
1224,Vadodara,390022,2,2,4776,Rv Desai Road,Flat,Unfurnished,Ready to Move,New,East,1.0,Freehold,670
1225,Vadodara,390022,2,2,3810,Rv Desai Road,Flat,Unfurnished,Ready to Move,Resale,East,5.0,Other,1050
1226,Vadodara,390022,2,2,5143,Rv Desai Road,Flat,Furnished,Ready to Move,Resale,Other,4.0,Other,700
1227,Vadodara,390022,2,2,5118,Rv Desai Road,Flat,Semi-Furnished,Ready to Move,Resale,East,3.0,Other,850
1228,Vadodara,390022,2,2,4471,Rv Desai Road,Flat,Semi-Furnished,Ready to Move,Resale,East,2.0,Freehold,850
1229,Vadodara,390022,6,8,8000,Rv Desai Road,House,Semi-Furnished,Ready to Move,Resale,Other,,Other,1800
1230,Vadodara,390022,2,2,2727,Sahajanand Landmark,Flat,Furnished,Ready to Move,Resale,East,4.0,Other,1100
1231,Vadodara,390022,1,2,3129,Sai Ganga Apartment,Flat,Furnished,Ready to Move,Resale,Other,4.0,Other,735
1232,Vadodara,390022,2,2,3304,Sai Krupa Apartment,Flat,Semi-Furnished,Ready to Move,Resale,East,4.0,Other,1150
1233,Vadodara,390007,1,1,10769,Saiyed Vasna,House,Semi-Furnished,Ready to Move,Resale,East,1.0,Freehold,650
1234,Vadodara,390007,2,2,2667,Saiyed Vasna,Flat,Semi-Furnished,Ready to Move,Resale,Other,3.0,Other,1200
1235,Vadodara,390007,3,3,4818,Saiyed Vasna,Flat,Semi-Furnished,Ready to Move,Resale,East,3.0,Freehold,1100
1236,Vadodara,390007,3,3,5185,Saiyed Vasna,Flat,Furnished,Ready to Move,Resale,North,3.0,Other,1080
1237,Vadodara,390007,2,3,6154,Saiyed Vasna,Flat,Semi-Furnished,Ready to Move,Resale,West,3.0,Freehold,975
1238,Vadodara,390022,1,1,2857,Salatwada,Flat,Unfurnished,Ready to Move,Resale,East,3.0,Freehold,700
1239,Vadodara,390022,1,1,5143,Salatwada,Flat,Semi-Furnished,Ready to Move,Resale,East,3.0,Other,350
1240,Vadodara,390024,2,2,5867,Sama,Flat,Unfurnished,Ready to Move,Resale,Other,3.0,Other,600
1241,Vadodara,390024,2,2,4080,Sama,Flat,Semi-Furnished,Ready to Move,Resale,Other,3.0,Other,1250
1242,Vadodara,390024,3,3,7619,Sama,Flat,Furnished,Ready to Move,Resale,Other,1.0,Other,1050
1243,Vadodara,390024,3,3,3977,Sama,Flat,Furnished,Ready to Move,Resale,Other,8.0,Other,1760
1244,Vadodara,390024,2,3,6545,Sama,Flat,Furnished,Ready to Move,Resale,East,3.0,Freehold,1100
1245,Vadodara,390024,3,3,3041,Sama,Flat,Unfurnished,Unknown,Resale,Other,2.0,Freehold,1776
1246,Vadodara,390024,4,4,2353,Sama,House,Furnished,Ready to Move,Resale,Other,4.0,Other,3400
1247,Vadodara,390024,3,4,3488,Sama,Flat,Semi-Furnished,Ready to Move,Resale,Other,3.0,Other,2150
1248,Vadodara,390024,4,5,5000,Sama,Flat,Furnished,Ready to Move,Resale,Other,5.0,Freehold,2400
1249,Vadodara,390022,2,2,6000,Sama Road,Flat,Semi-Furnished,Ready to Move,Resale,Other,3.0,Freehold,1000
1250,Vadodara,390022,2,2,4221,Sama Road,Flat,Semi-Furnished,Ready to Move,Resale,North,4.0,Freehold,995
1251,Vadodara,390022,1,2,4861,Sama Road,Flat,Unfurnished,Unknown,Resale,West,1.0,Freehold,720
1252,Vadodara,390022,2,3,4829,Sama Road,Flat,Furnished,Ready to Move,Resale,Other,4.0,Freehold,1346
1253,Vadodara,390022,3,4,8182,Sama Road,Flat,Furnished,Ready to Move,Resale,East,4.0,Freehold,2200
1254,Vadodara,390022,1,1,5882,Sama-Savli Road,Flat,Semi-Furnished,Ready to Move,Resale,Other,2.0,Other,510
1255,Vadodara,390022,1,1,3600,Sama-Savli Road,Flat,Unfurnished,Ready to Move,Resale,Other,1.0,Other,500
1256,Vadodara,390022,1,1,6349,Sama-Savli Road,House,Semi-Furnished,Ready to Move,Resale,Other,4.0,Other,504
1257,Vadodara,390022,1,1,4358,Sama-Savli Road,Builder Floor,Semi-Furnished,Ready to Move,Resale,Other,4.0,Freehold,413
1258,Vadodara,390022,1,1,3636,Sama-Savli Road,Flat,Unfurnished,Ready to Move,Resale,Other,1.0,Other,550
1259,Vadodara,390022,1,1,3800,Sama-Savli Road,Flat,Semi-Furnished,Ready to Move,Resale,Other,4.0,Other,500
1260,Vadodara,390022,1,1,2361,Sama-Savli Road,Flat,Semi-Furnished,Ready to Move,Resale,Other,4.0,Other,720
1261,Vadodara,390022,1,1,3818,Sama-Savli Road,Flat,Semi-Furnished,Ready to Move,Resale,Other,2.0,Other,550
1262,Vadodara,390022,1,1,3500,Sama-Savli Road,Flat,Unknown,Ready to Move,Resale,Other,2.0,Other,400
1263,Vadodara,390022,1,1,4384,Sama-Savli Road,Builder Floor,Unfurnished,Ready to Move,Resale,Other,3.0,Other,479
1264,Vadodara,390022,1,1,3091,Sama-Savli Road,House,Semi-Furnished,Ready to Move,Resale,Other,,Other,550
1265,Vadodara,390022,2,2,4924,Sama-Savli Road,Flat,Furnished,Ready to Move,Resale,East,2.0,Freehold,853
1266,Vadodara,390022,2,2,6963,Sama-Savli Road,Flat,Furnished,Ready to Move,New,East,3.0,Freehold,675
1267,Vadodara,390022,2,2,6840,Sama-Savli Road,Flat,Furnished,Ready to Move,Resale,Other,2.0,Freehold,731
1268,Vadodara,390022,2,2,3480,Sama-Savli Road,Flat,Unfurnished,Ready to Move,Resale,East,3.0,Freehold,1250
1269,Vadodara,390022,2,2,6553,Sama-Savli Road,Flat,Furnished,Ready to Move,Resale,Other,13.0,Other,763
1270,Vadodara,390022,2,2,4000,Sama-Savli Road,Flat,Unfurnished,Ready to Move,New,Other,1.0,Freehold,750
1271,Vadodara,390022,2,2,5455,Sama-Savli Road,Flat,Furnished,Ready to Move,Resale,East,3.0,Freehold,770
1272,Vadodara,390022,2,2,4286,Sama-Savli Road,Flat,Furnished,Ready to Move,Resale,East,10.0,Freehold,1050
1273,Vadodara,390022,2,2,5556,Sama-Savli Road,Flat,Furnished,Ready to Move,Resale,West,1.0,Other,900
1274,Vadodara,390022,2,2,7444,Sama-Savli Road,House,Unfurnished,Ready to Move,Resale,North - East,5.0,Freehold,900
1275,Vadodara,390022,2,2,5000,Sama-Savli Road,Flat,Furnished,Ready to Move,Resale,East,2.0,Freehold,700
1276,Vadodara,390022,2,2,4881,Sama-Savli Road,Flat,Furnished,Ready to Move,Resale,West,3.0,Freehold,717
1277,Vadodara,390022,2,2,6933,Sama-Savli Road,Flat,Semi-Furnished,Ready to Move,Resale,Other,8.0,Freehold,750
1278,Vadodara,390022,2,2,4861,Sama-Savli Road,Builder Floor,Unfurnished,Ready to Move,Resale,Other,4.0,Other,720
1279,Vadodara,390022,2,2,3659,Sama-Savli Road,Flat,Furnished,Ready to Move,Resale,North - East,5.0,Other,850
1280,Vadodara,390022,2,2,4500,Sama-Savli Road,Flat,Furnished,Ready to Move,Resale,Other,4.0,Other,700
1281,Vadodara,390022,2,2,3600,Sama-Savli Road,Flat,Furnished,Ready to Move,Resale,East,2.0,Freehold,1250
1282,Vadodara,390022,2,2,3636,Sama-Savli Road,Flat,Unfurnished,Ready to Move,Resale,Other,5.0,Other,1100
1283,Vadodara,390022,2,2,3783,Sama-Savli Road,Flat,Semi-Furnished,Ready to Move,Resale,Other,1.0,Other,1150
1284,Vadodara,390022,3,2,4412,Sama-Savli Road,Flat,Semi-Furnished,Ready to Move,Resale,Other,5.0,Freehold,1530
1285,Vadodara,390022,2,2,5875,Sama-Savli Road,Flat,Semi-Furnished,Ready to Move,Resale,Other,6.0,Other,800
1286,Vadodara,390022,2,2,2609,Sama-Savli Road,Flat,Semi-Furnished,Ready to Move,Resale,North,2.0,Other,1150
1287,Vadodara,390022,2,2,4000,Sama-Savli Road,Flat,Furnished,Ready to Move,Resale,Other,3.0,Other,1000
1288,Vadodara,390022,2,2,4211,Sama-Savli Road,Flat,Unfurnished,Ready to Move,Resale,Other,5.0,Other,950
1289,Vadodara,390022,2,2,3823,Sama-Savli Road,Flat,Furnished,Ready to Move,Resale,Other,3.0,Freehold,1308
1290,Vadodara,390022,2,2,2500,Sama-Savli Road,Flat,Semi-Furnished,Ready to Move,Resale,North - East,1.0,Other,1200
1291,Vadodara,390022,2,2,6000,Sama-Savli Road,Flat,Furnished,Ready to Move,Resale,Other,4.0,Other,600
1292,Vadodara,390022,2,2,4267,Sama-Savli Road,Flat,Semi-Furnished,Ready to Move,Resale,Other,4.0,Other,750
1293,Vadodara,390022,2,2,3043,Sama-Savli Road,Flat,Semi-Furnished,Ready to Move,Resale,Other,2.0,Other,1150
1294,Vadodara,390022,2,2,5467,Sama-Savli Road,Flat,Furnished,Ready to Move,Resale,Other,6.0,Other,750
1295,Vadodara,390022,2,2,6410,Sama-Savli Road,Flat,Furnished,Ready to Move,Resale,Other,3.0,Other,780
1296,Vadodara,390022,2,2,4071,Sama-Savli Road,Builder Floor,Furnished,Unknown,Resale,Other,,Other,1400
1297,Vadodara,390022,2,2,6200,Sama-Savli Road,House,Semi-Furnished,Ready to Move,Resale,Other,,Other,2500
1298,Vadodara,390022,2,2,3100,Sama-Savli Road,Builder Floor,Semi-Furnished,Ready to Move,Resale,Other,4.0,Other,1000
1299,Vadodara,390022,2,2,3333,Sama-Savli Road,House,Unfurnished,Ready to Move,Resale,Other,5.0,Other,1200
1300,Vadodara,390022,2,2,4091,Sama-Savli Road,Builder Floor,Furnished,Ready to Move,Resale,Other,2.0,Other,1100
1301,Vadodara,390022,2,2,4000,Sama-Savli Road,Builder Floor,Semi-Furnished,Ready to Move,Resale,Other,2.0,Other,1050
1302,Vadodara,390022,2,2,2800,Sama-Savli Road,Builder Floor,Furnished,Ready to Move,Resale,Other,2.0,Other,1000
1303,Vadodara,390022,2,2,4000,Sama-Savli Road,Flat,Semi-Furnished,Ready to Move,Resale,Other,1.0,Other,750
1304,Vadodara,390022,2,2,2366,Sama-Savli Road,Flat,Semi-Furnished,Ready to Move,Resale,Other,4.0,Other,930
1305,Vadodara,390022,2,2,4071,Sama-Savli Road,Flat,Semi-Furnished,Ready to Move,Resale,East,1.0,Freehold,700
1306,Vadodara,390022,2,2,5143,Sama-Savli Road,Flat,Semi-Furnished,Ready to Move,Resale,East,3.0,Other,700
1307,Vadodara,390022,2,2,3333,Sama-Savli Road,Flat,Unfurnished,Ready to Move,Resale,South - East,2.0,Freehold,750
1308,Vadodara,390022,2,2,4286,Sama-Savli Road,Flat,Unfurnished,Ready to Move,Resale,East,5.0,Freehold,770
1309,Vadodara,390022,2,2,3720,Sama-Savli Road,Flat,Furnished,Ready to Move,Resale,East,4.0,Freehold,1035
1310,Vadodara,390022,2,2,4354,Sama-Savli Road,Flat,Semi-Furnished,Ready to Move,Resale,North,4.0,Freehold,735
1311,Vadodara,390022,2,2,5333,Sama-Savli Road,Flat,Semi-Furnished,Ready to Move,Resale,East,3.0,Freehold,750
1312,Vadodara,390022,2,2,3330,Sama-Savli Road,Flat,Semi-Furnished,Ready to Move,Resale,Other,4.0,Other,1066
1313,Vadodara,390022,2,2,4843,Sama-Savli Road,Flat,Furnished,Ready to Move,Resale,Other,4.0,Other,826
1314,Vadodara,390022,2,2,2333,Sama-Savli Road,Flat,Semi-Furnished,Ready to Move,Resale,Other,4.0,Other,1200
1315,Vadodara,390022,2,2,4667,Sama-Savli Road,Flat,Furnished,Ready to Move,Resale,East,2.0,Freehold,750
1316,Vadodara,390022,2,2,4830,Sama-Savli Road,Flat,Unfurnished,Unknown,New,Other,,Other,704
1317,Vadodara,390022,2,2,3929,Sama-Savli Road,Flat,Semi-Furnished,Ready to Move,Resale,East,3.0,Freehold,700
1318,Vadodara,390022,2,2,4133,Sama-Savli Road,Flat,Semi-Furnished,Ready to Move,Resale,Other,4.0,Other,750
1319,Vadodara,390022,2,2,4231,Sama-Savli Road,Flat,Semi-Furnished,Ready to Move,Resale,Other,5.0,Other,780
1320,Vadodara,390022,3,3,5727,Sama-Savli Road,Flat,Semi-Furnished,Ready to Move,Resale,South -West,6.0,Freehold,1100
1321,Vadodara,390022,3,3,4789,Sama-Savli Road,Flat,Unfurnished,Unknown,New,Other,,Other,1044
1322,Vadodara,390022,3,3,5537,Sama-Savli Road,Flat,Semi-Furnished,Ready to Move,Resale,East,7.0,Freehold,1174
1323,Vadodara,390022,3,3,11423,Sama-Savli Road,Flat,Furnished,Ready to Move,Resale,Other,2.0,Other,963
1324,Vadodara,390022,3,3,3199,Sama-Savli Road,Flat,Furnished,Ready to Move,Resale,Other,8.0,Other,1688
1325,Vadodara,390022,3,3,3340,Sama-Savli Road,Builder Floor,Semi-Furnished,Ready to Move,Resale,East,3.0,Freehold,1437
1326,Vadodara,390022,3,3,7313,Sama-Savli Road,Flat,Furnished,Ready to Move,Resale,Other,13.0,Other,1094
1327,Vadodara,390022,3,3,6138,Sama-Savli Road,House,Semi-Furnished,Ready to Move,Resale,Other,4.0,Other,896
1328,Vadodara,390022,3,3,9929,Sama-Savli Road,House,Furnished,Ready to Move,Resale,East,,Freehold,1400
1329,Vadodara,390022,3,3,5687,Sama-Savli Road,Flat,Unfurnished,Unknown,New,Other,,Other,1143
1330,Vadodara,390022,3,3,4576,Sama-Savli Road,House,Unfurnished,Ready to Move,Resale,North,5.0,Freehold,1180
1331,Vadodara,390022,3,3,7960,Sama-Savli Road,Villa,Furnished,Ready to Move,Resale,West,,Freehold,2500
1332,Vadodara,390022,3,3,5093,Sama-Savli Road,Flat,Furnished,Ready to Move,Resale,East,9.0,Freehold,1080
1333,Vadodara,390022,3,3,6142,Sama-Savli Road,Flat,Unfurnished,Ready to Move,New,East,11.0,Freehold,1213
1334,Vadodara,390022,3,3,3000,Sama-Savli Road,Builder Floor,Unfurnished,Ready to Move,Resale,Other,1.0,Other,1500
1335,Vadodara,390022,2,3,4000,Sama-Savli Road,House,Unfurnished,Ready to Move,Resale,Other,,Other,1000
1336,Vadodara,390022,4,3,3185,Sama-Savli Road,House,Unfurnished,Ready to Move,Resale,East,4.0,Freehold,1350
1337,Vadodara,390022,3,3,10588,Sama-Savli Road,Flat,Unfurnished,Ready to Move,New,East,5.0,Freehold,1275
1338,Vadodara,390022,3,3,4778,Sama-Savli Road,House,Semi-Furnished,Ready to Move,Resale,East,5.0,Freehold,1800
1339,Vadodara,390022,3,3,4929,Sama-Savli Road,Flat,Furnished,Ready to Move,Resale,Other,3.0,Other,1400
1340,Vadodara,390022,3,3,5909,Sama-Savli Road,Flat,Furnished,Ready to Move,Resale,East,1.0,Freehold,1100
1341,Vadodara,390022,2,3,5000,Sama-Savli Road,Flat,Semi-Furnished,Ready to Move,New,East,7.0,Freehold,900
1342,Vadodara,390022,2,3,5368,Sama-Savli Road,Flat,Unfurnished,Ready to Move,Resale,East,2.0,Freehold,950
1343,Vadodara,390022,3,3,5512,Sama-Savli Road,Flat,Unfurnished,Ready to Move,Resale,North - East,9.0,Freehold,1016
1344,Vadodara,390022,3,3,5391,Sama-Savli Road,Flat,Semi-Furnished,Ready to Move,Resale,North,6.0,Freehold,1150
1345,Vadodara,390022,4,3,10667,Sama-Savli Road,Villa,Semi-Furnished,Ready to Move,Resale,Other,,Freehold,1500
1346,Vadodara,390022,3,3,5390,Sama-Savli Road,Flat,Semi-Furnished,Ready to Move,Resale,East,3.0,Freehold,1206
1347,Vadodara,390022,3,3,5426,Sama-Savli Road,Flat,Unfurnished,Ready to Move,Resale,Other,2.0,Other,1290
1348,Vadodara,390022,3,3,6571,Sama-Savli Road,Flat,Semi-Furnished,Ready to Move,Resale,Other,2.0,Other,1187
1349,Vadodara,390022,3,3,3417,Sama-Savli Road,House,Unknown,Ready to Move,Resale,Other,,Other,1200
1350,Vadodara,390022,3,3,4240,Sama-Savli Road,Flat,Semi-Furnished,Ready to Move,Resale,Other,1.0,Other,1250
1351,Vadodara,390022,2,3,5697,Sama-Savli Road,Flat,Furnished,Ready to Move,Resale,East,3.0,Freehold,825
1352,Vadodara,390022,2,3,3429,Sama-Savli Road,House,Furnished,Ready to Move,Resale,Other,1.0,Other,1750
1353,Vadodara,390022,3,3,5909,Sama-Savli Road,Flat,Unfurnished,Ready to Move,Resale,West,4.0,Freehold,1100
1354,Vadodara,390022,3,3,5077,Sama-Savli Road,Flat,Unfurnished,Ready to Move,Resale,East,3.0,Leasehold,1300
1355,Vadodara,390022,3,3,5818,Sama-Savli Road,Flat,Furnished,Ready to Move,Resale,Other,5.0,Other,1100
1356,Vadodara,390022,3,3,5000,Sama-Savli Road,Flat,Furnished,Ready to Move,Resale,Other,1.0,Other,1000
1357,Vadodara,390022,3,3,5682,Sama-Savli Road,Flat,Unfurnished,Unknown,New,Other,,Other,1144
1358,Vadodara,390022,3,3,9048,Sama-Savli Road,House,Semi-Furnished,Ready to Move,Resale,East,,Freehold,2100
1359,Vadodara,390022,3,3,8013,Sama-Savli Road,Flat,Unfurnished,Unknown,New,Other,,Other,1248
1360,Vadodara,390022,3,3,7933,Sama-Savli Road,Flat,Unfurnished,Unknown,New,Other,,Other,1248
1361,Vadodara,390022,3,3,5727,Sama-Savli Road,Flat,Unfurnished,Unknown,New,Other,,Other,1163
1362,Vadodara,390022,3,3,5651,Sama-Savli Road,Flat,Unfurnished,Unknown,New,Other,,Other,1168
1363,Vadodara,390022,3,3,5675,Sama-Savli Road,Flat,Unfurnished,Unknown,New,Other,,Other,1163
1364,Vadodara,390022,3,3,4388,Sama-Savli Road,Flat,Furnished,Ready to Move,Resale,Other,8.0,Other,1185
1365,Vadodara,390022,5,4,8485,Sama-Savli Road,House,Furnished,Ready to Move,Resale,East,,Freehold,3300
1366,Vadodara,390022,4,4,11290,Sama-Savli Road,Flat,Furnished,Ready to Move,Resale,East,14.0,Freehold,1860
1367,Vadodara,390022,4,4,7064,Sama-Savli Road,Flat,Unfurnished,Ready to Move,Resale,Other,7.0,Other,1628
1368,Vadodara,390022,4,4,7722,Sama-Savli Road,Flat,Unfurnished,Unknown,New,Other,,Other,2305
1369,Vadodara,390022,4,4,6442,Sama-Savli Road,Flat,Unfurnished,Ready to Move,Resale,North,3.0,Freehold,2872
1370,Vadodara,390022,3,4,8231,Sama-Savli Road,House,Furnished,Ready to Move,Resale,Other,3.0,Other,1300
1371,Vadodara,390022,5,4,3521,Sama-Savli Road,Flat,Unfurnished,Ready to Move,Resale,Other,9.0,Other,3550
1372,Vadodara,390022,4,4,7143,Sama-Savli Road,Flat,Unfurnished,Unknown,Resale,Other,3.0,Other,1750
1373,Vadodara,390022,4,4,5660,Sama-Savli Road,Flat,Semi-Furnished,Ready to Move,Resale,Other,5.0,Other,1325
1374,Vadodara,390022,4,4,7636,Sama-Savli Road,Flat,Unfurnished,Unknown,New,Other,,Other,2305
1375,Vadodara,390022,4,4,6000,Sama-Savli Road,Flat,Unfurnished,Ready to Move,New,East,11.0,Freehold,1550
1376,Vadodara,390022,4,4,7592,Sama-Savli Road,Flat,Unfurnished,Unknown,New,Other,,Other,2305
1377,Vadodara,390022,5,5,3521,Sama-Savli Road,Flat,Unfurnished,Ready to Move,Resale,Other,9.0,Other,3550
1378,Vadodara,390022,5,5,10000,Sama-Savli Road,House,Furnished,Ready to Move,Resale,East,2.0,Freehold,2750
1379,Vadodara,390022,4,5,6170,Sama-Savli Road,House,Semi-Furnished,Ready to Move,Resale,East,,Freehold,2350
1380,Vadodara,390022,6,6,6379,Sama-Savli Road,House,Unfurnished,Ready to Move,Resale,Other,5.0,Other,2900
1381,Vadodara,390022,1,2,3360,Samiyala,Flat,Semi-Furnished,Ready to Move,Resale,Other,3.0,Other,625
1382,Vadodara,390022,1,2,3271,Samiyala,Flat,Unfurnished,Ready to Move,Resale,West,3.0,Freehold,535
1383,Vadodara,390022,1,2,3303,Samiyala,Flat,Unfurnished,Ready to Move,Resale,Other,3.0,Other,545
1384,Vadodara,390022,3,3,7114,Sampat Residency,Flat,Unfurnished,Ready to Move,Resale,Other,1.0,Other,1757
1385,Vadodara,390022,1,2,5625,Samrat Apartment Nizampura,Flat,Unknown,Ready to Move,Resale,Other,,Other,800
1386,Vadodara,390022,2,2,4769,Samta,Flat,Semi-Furnished,Ready to Move,Resale,East,4.0,Freehold,713
1387,Vadodara,390022,2,2,4342,Samta,Flat,Unfurnished,Ready to Move,Resale,Other,3.0,Other,691
1388,Vadodara,390022,2,3,6181,Samta,House,Semi-Furnished,Ready to Move,Resale,Other,,Other,1050
1389,Vadodara,390022,2,4,11212,Samta,House,Semi-Furnished,Ready to Move,Resale,North - East,1.0,Other,1650
1390,Vadodara,390022,2,2,2516,Sangam Char Rasta,Flat,Unfurnished,Unknown,Resale,Other,,Other,950
1391,Vadodara,390022,3,3,5268,Sangam Char Rasta,Flat,Unfurnished,Ready to Move,Resale,Other,10.0,Freehold,1993
1392,Vadodara,390022,2,2,8000,Satva Heights,Flat,Furnished,Ready to Move,Resale,Other,2.0,Other,650
1393,Vadodara,390022,3,3,3148,Satva Heights,Flat,Furnished,Ready to Move,Resale,South - East,1.0,Freehold,2700
1394,Vadodara,390022,1,1,4000,Savali,Flat,Semi-Furnished,Ready to Move,Resale,Other,1.0,Other,450
1395,Vadodara,391770,2,2,4881,Savli,Flat,Furnished,Ready to Move,Resale,West,3.0,Freehold,717
1396,Vadodara,390022,1,2,3250,Sayaji Park Society,House,Semi-Furnished,Ready to Move,Resale,Other,,Other,2000
1397,Vadodara,390022,2,2,4500,Sayajiganj,Flat,Unfurnished,Ready to Move,Resale,Other,4.0,Freehold,1000
1398,Vadodara,390022,1,1,3593,Sayajigunj,Flat,Unfurnished,Ready to Move,Resale,East,2.0,Freehold,501
1399,Vadodara,390022,2,2,5462,Sayajigunj,Flat,Semi-Furnished,Ready to Move,Resale,Other,4.0,Other,650
1400,Vadodara,390022,2,2,4007,Sayajigunj,Flat,Semi-Furnished,Ready to Move,Resale,Other,5.0,Other,1123
1401,Vadodara,390022,2,2,2500,Sayajigunj,Flat,Unfurnished,Ready to Move,Resale,Other,1.0,Other,1000
1402,Vadodara,390022,2,2,5484,Sayajigunj,Flat,Semi-Furnished,Ready to Move,Resale,Other,1.0,Other,857
1403,Vadodara,390022,2,2,3883,Sayajigunj,Flat,Semi-Furnished,Ready to Move,Resale,East,2.0,Freehold,1030
1404,Vadodara,390022,2,2,7500,Sayajigunj,Flat,Unfurnished,Ready to Move,Resale,East,4.0,Freehold,800
1405,Vadodara,390022,2,2,2860,Sayajigunj,Flat,Semi-Furnished,Ready to Move,Resale,Other,1.0,Other,1084
1406,Vadodara,390022,2,2,3014,Sayajigunj,Flat,Semi-Furnished,Ready to Move,New,East,1.0,Freehold,1327
1407,Vadodara,390022,2,2,2588,Sayajigunj,Flat,Furnished,Ready to Move,Resale,Other,1.0,Other,850
1408,Vadodara,390022,2,2,3500,Sayajigunj,Flat,Semi-Furnished,Ready to Move,Resale,South,2.0,Other,600
1409,Vadodara,390022,2,2,2588,Sayajigunj,Flat,Semi-Furnished,Ready to Move,Resale,Other,4.0,Other,850
1410,Vadodara,390022,2,2,3271,Sayajigunj,Flat,Semi-Furnished,Ready to Move,Resale,Other,3.0,Other,1070
1411,Vadodara,390022,2,2,3918,Sayajigunj,Flat,Semi-Furnished,Ready to Move,Resale,East,3.0,Other,1225
1412,Vadodara,390022,3,3,6818,Sayajigunj,House,Semi-Furnished,Ready to Move,Resale,Other,,Other,2200
1413,Vadodara,390022,3,3,3790,Sayajigunj,Flat,Semi-Furnished,Ready to Move,Resale,Other,5.0,Other,1847
1414,Vadodara,390022,4,4,7353,Sayajigunj,Flat,Furnished,Ready to Move,Resale,West,7.0,Freehold,1700
1415,Vadodara,390022,2,2,4154,Sayajipura,Flat,Semi-Furnished,Ready to Move,Resale,West,4.0,Freehold,650
1416,Vadodara,390022,2,2,4802,Sayajipura,Flat,Semi-Furnished,Ready to Move,Resale,East,4.0,Leasehold,833
1417,Vadodara,390022,2,2,5529,Sayajipura,Flat,Semi-Furnished,Ready to Move,Resale,Other,5.0,Other,624
1418,Vadodara,390022,2,2,3812,Sayajipura,Flat,Furnished,Ready to Move,Resale,Other,2.0,Freehold,800
1419,Vadodara,390022,2,3,3333,Sayajipura,Builder Floor,Semi-Furnished,Ready to Move,Resale,Other,1.0,Other,1200
1420,Vadodara,390022,3,3,5093,Sayajipura,Flat,Furnished,Ready to Move,Resale,Other,1.0,Freehold,1080
1421,Vadodara,390022,3,3,3846,Sayajipura,Flat,Furnished,Ready to Move,Resale,East,5.0,Freehold,910
1422,Vadodara,390022,2,2,3618,Sayajipura Village,Flat,Unfurnished,Ready to Move,Resale,East,1.0,Other,760
1423,Vadodara,390022,3,5,3200,Sel,House,Semi-Furnished,Ready to Move,Resale,Other,,Other,1500
1424,Vadodara,391101,1,1,4636,Sevasi,Flat,Furnished,Ready to Move,Resale,Other,2.0,Other,550
1425,Vadodara,391101,2,2,4375,Sevasi,Flat,Unfurnished,Ready to Move,Resale,Other,6.0,Other,640
1426,Vadodara,391101,2,2,6154,Sevasi,Flat,Semi-Furnished,Ready to Move,Resale,Other,5.0,Other,650
1427,Vadodara,391101,2,2,6471,Sevasi,Flat,Semi-Furnished,Ready to Move,Resale,Other,7.0,Other,649
1428,Vadodara,391101,2,2,3750,Sevasi,Flat,Semi-Furnished,Ready to Move,Resale,Other,3.0,Other,1200
1429,Vadodara,391101,2,2,4211,Sevasi,Flat,Unfurnished,Ready to Move,Resale,Other,2.0,Freehold,950
1430,Vadodara,391101,2,2,6000,Sevasi,Flat,Furnished,Ready to Move,Resale,North,4.0,Freehold,600
1431,Vadodara,391101,2,2,5368,Sevasi,Flat,Semi-Furnished,Ready to Move,Resale,East,6.0,Freehold,652
1432,Vadodara,391101,3,2,4054,Sevasi,Flat,Unfurnished,Ready to Move,Resale,East,10.0,Freehold,1850
1433,Vadodara,391101,2,2,2787,Sevasi,Flat,Unfurnished,Ready to Move,New,Other,3.0,Other,1435
1434,Vadodara,391101,2,2,4462,Sevasi,Flat,Semi-Furnished,Ready to Move,Resale,Other,5.0,Other,650
1435,Vadodara,391101,2,2,4933,Sevasi,Flat,Furnished,Ready to Move,Resale,Other,1.0,Other,750
1436,Vadodara,391101,2,2,5065,Sevasi,Flat,Semi-Furnished,Ready to Move,Resale,Other,2.0,Freehold,691
1437,Vadodara,391101,2,2,4030,Sevasi,Flat,Semi-Furnished,Ready to Move,Resale,East,4.0,Other,670
1438,Vadodara,391101,2,2,6400,Sevasi,Flat,Semi-Furnished,Ready to Move,Resale,East,5.0,Freehold,500
1439,Vadodara,391101,1,2,4348,Sevasi,Flat,Semi-Furnished,Ready to Move,Resale,East,3.0,Freehold,575
1440,Vadodara,391101,2,2,4077,Sevasi,Flat,Furnished,Ready to Move,Resale,East,5.0,Freehold,650
1441,Vadodara,391101,2,2,5263,Sevasi,Flat,Semi-Furnished,Ready to Move,Resale,Other,5.0,Freehold,665
1442,Vadodara,391101,2,2,4000,Sevasi,Flat,Furnished,Ready to Move,Resale,East,5.0,Freehold,650
1443,Vadodara,391101,2,2,5419,Sevasi,Flat,Unfurnished,Ready to Move,Resale,South,6.0,Freehold,609
1444,Vadodara,391101,3,3,6278,Sevasi,Flat,Semi-Furnished,Ready to Move,Resale,Other,1.0,Other,900
1445,Vadodara,391101,3,3,3060,Sevasi,Flat,Unfurnished,Ready to Move,Resale,Other,4.0,Freehold,3105
1446,Vadodara,391101,3,3,9800,Sevasi,Flat,Furnished,Ready to Move,Resale,East,10.0,Freehold,1500
1447,Vadodara,391101,3,3,7840,Sevasi,Flat,Furnished,Ready to Move,New,East,8.0,Other,1250
1448,Vadodara,391101,4,3,5658,Sevasi,Flat,Furnished,Ready to Move,Resale,East,5.0,Other,3800
1449,Vadodara,391101,3,3,6512,Sevasi,Flat,Unfurnished,Ready to Move,New,South - East,8.0,Freehold,1075
1450,Vadodara,391101,3,3,3116,Sevasi,House,Semi-Furnished,Ready to Move,Resale,West,4.0,Freehold,1765
1451,Vadodara,391101,3,3,5000,Sevasi,Flat,Semi-Furnished,Ready to Move,Resale,Other,2.0,Other,1200
1452,Vadodara,391101,3,3,8824,Sevasi,Villa,Furnished,Ready to Move,Resale,West,,Freehold,1700
1453,Vadodara,391101,5,3,5040,Sevasi,Flat,Unfurnished,Ready to Move,Resale,East,8.0,Freehold,2500
1454,Vadodara,391101,4,3,8621,Sevasi,Flat,Furnished,Ready to Move,Resale,East,5.0,Other,2900
1455,Vadodara,391101,3,3,4167,Sevasi,Flat,Semi-Furnished,Ready to Move,Resale,East,2.0,Freehold,1200
1456,Vadodara,391101,4,3,6897,Sevasi,House,Furnished,Ready to Move,Resale,East,2.0,Freehold,2900
1457,Vadodara,391101,4,3,4291,Sevasi,House,Semi-Furnished,Ready to Move,Resale,Other,8.0,Other,2680
1458,Vadodara,391101,3,3,6667,Sevasi,Flat,Unfurnished,Ready to Move,Resale,Other,2.0,Other,1050
1459,Vadodara,391101,3,3,7164,Sevasi,Flat,Unfurnished,Ready to Move,Resale,East,3.0,Freehold,1005
1460,Vadodara,391101,4,3,3765,Sevasi,Flat,Semi-Furnished,Ready to Move,Resale,Other,7.0,Other,1461
1461,Vadodara,391101,3,3,6547,Sevasi,Flat,Furnished,Ready to Move,Resale,East,8.0,Freehold,1370
1462,Vadodara,391101,3,3,4828,Sevasi,Flat,Semi-Furnished,Ready to Move,Resale,West,4.0,Freehold,1450
1463,Vadodara,391101,3,3,5772,Sevasi,Flat,Unfurnished,Ready to Move,Resale,Other,8.0,Other,1379
1464,Vadodara,391101,3,3,4675,Sevasi,Flat,Furnished,Ready to Move,Resale,Other,5.0,Other,1155
1465,Vadodara,391101,2,3,6857,Sevasi,Flat,Furnished,Ready to Move,Resale,West,2.0,Freehold,700
1466,Vadodara,391101,3,3,3121,Sevasi,Flat,Unfurnished,Ready to Move,Resale,Other,9.0,Other,1474
1467,Vadodara,391101,3,3,5157,Sevasi,Flat,Unfurnished,Ready to Move,New,East,6.0,Other,1018
1468,Vadodara,391101,3,3,5889,Sevasi,Flat,Unfurnished,Ready to Move,New,East,3.0,Freehold,900
1469,Vadodara,391101,2,3,4353,Sevasi,House,Furnished,Ready to Move,Resale,Other,,Other,850
1470,Vadodara,391101,3,3,5556,Sevasi,Flat,Unfurnished,Unknown,New,Other,,Other,1350
1471,Vadodara,391101,3,3,4921,Sevasi,Flat,Unfurnished,Unknown,New,Other,,Other,1140
1472,Vadodara,391101,3,3,6132,Sevasi,Flat,Unfurnished,Unknown,New,East,1.0,Freehold,1060
1473,Vadodara,391101,3,3,5634,Sevasi,Flat,Unfurnished,Unknown,New,Other,,Other,820
1474,Vadodara,391101,4,4,6364,Sevasi,Flat,Unfurnished,Unknown,New,Other,,Other,2200
1475,Vadodara,391101,3,4,4668,Sevasi,Flat,Unfurnished,Ready to Move,Resale,North - East,6.0,Other,1264
1476,Vadodara,391101,5,4,5987,Sevasi,Flat,Furnished,Ready to Move,Resale,North,5.0,Freehold,2756
1477,Vadodara,391101,4,4,9333,Sevasi,Villa,Furnished,Ready to Move,Resale,East,,Freehold,1875
1478,Vadodara,391101,3,4,5474,Sevasi,Flat,Semi-Furnished,Ready to Move,Resale,Other,1.0,Other,1370
1479,Vadodara,391101,4,4,3113,Sevasi,Flat,Unfurnished,Unknown,New,Other,,Other,2650
1480,Vadodara,391101,5,4,5769,Sevasi,House,Furnished,Ready to Move,Resale,Other,3.0,Other,6500
1481,Vadodara,391101,4,4,6364,Sevasi,Flat,Semi-Furnished,Ready to Move,Resale,Other,7.0,Other,2200
1482,Vadodara,391101,4,4,9909,Sevasi,Flat,Unfurnished,Ready to Move,New,North - East,1.0,Freehold,3068
1483,Vadodara,391101,4,4,6000,Sevasi,Villa,Furnished,Ready to Move,Resale,East,,Freehold,2500
1484,Vadodara,391101,5,4,6591,Sevasi,Flat,Unfurnished,Unknown,New,Other,,Other,2200
1485,Vadodara,391101,3,4,4035,Sevasi,Flat,Semi-Furnished,Ready to Move,Resale,South -West,6.0,Other,1264
1486,Vadodara,391101,4,4,6379,Sevasi,Flat,Unfurnished,Ready to Move,Resale,West,7.0,Freehold,2900
1487,Vadodara,391101,4,4,6628,Sevasi,Flat,Unfurnished,Unknown,New,Other,,Other,2263
1488,Vadodara,391101,4,4,5648,Sevasi,Flat,Unfurnished,Ready to Move,New,North - East,11.0,Freehold,1505
1489,Vadodara,391101,5,4,10867,Sevasi,Villa,Unfurnished,Ready to Move,Resale,North,,Freehold,4187
1490,Vadodara,391101,4,4,5688,Sevasi,Flat,Unfurnished,Unknown,New,Other,,Other,1600
1491,Vadodara,391101,5,4,6545,Sevasi,Flat,Unfurnished,Unknown,New,Other,,Other,2200
1492,Vadodara,391101,2,4,8081,Sevasi,Villa,Semi-Furnished,Ready to Move,Resale,East,,Freehold,3700
1493,Vadodara,391101,5,4,6455,Sevasi,Flat,Unfurnished,Unknown,New,Other,,Other,2200
1494,Vadodara,391101,5,4,9486,Sevasi,Villa,Semi-Furnished,Ready to Move,Resale,East,,Freehold,3700
1495,Vadodara,391101,4,4,7096,Sevasi,Villa,Unfurnished,Ready to Move,Resale,East,,Freehold,5285
1496,Vadodara,391101,5,4,6409,Sevasi,Flat,Unfurnished,Unknown,New,Other,,Other,2200
1497,Vadodara,391101,6,5,7692,Sevasi,Villa,Unfurnished,Ready to Move,Resale,Other,,Other,6500
1498,Vadodara,391101,5,5,6623,Sevasi,Villa,Unfurnished,Ready to Move,Resale,West,,Freehold,5285
1499,Vadodara,391101,5,5,7231,Sevasi,House,Unfurnished,Unknown,Resale,East,,Freehold,2420
1500,Vadodara,391101,6,5,8730,Sevasi,House,Unfurnished,Ready to Move,Resale,East,9.0,Freehold,3150
1501,Vadodara,391101,6,5,7807,Sevasi,Flat,Unfurnished,Unknown,Resale,North,19.0,Freehold,5713
1502,Vadodara,390022,3,3,3910,Shanti Nagar,Villa,Unfurnished,Unknown,Resale,Other,,Other,2348
1503,Vadodara,390022,2,4,3911,Shanti Nagar,Villa,Semi-Furnished,Unknown,Resale,Other,,Other,1350
1504,Vadodara,390022,3,3,5455,Shashvat Flats,Flat,Semi-Furnished,Ready to Move,Resale,East,2.0,Freehold,1100
1505,Vadodara,390022,1,2,7294,Shiv Bunglows,House,Unfurnished,Ready to Move,Resale,Other,,Other,850
1506,Vadodara,390022,2,2,2687,Shiv Complex,Flat,Furnished,Ready to Move,Resale,North,2.0,Freehold,1340
1507,Vadodara,390022,2,2,2357,Shivam Happy Homes,Flat,Semi-Furnished,Ready to Move,Resale,Other,4.0,Other,1400
1508,Vadodara,390022,2,2,4056,Shiyabaug Shree Square,Flat,Semi-Furnished,Ready to Move,Resale,Other,5.0,Other,789
1509,Vadodara,390022,2,3,3636,Shree Nidhi Residency,Flat,Semi-Furnished,Ready to Move,Resale,Other,2.0,Other,1100
1510,Vadodara,390022,1,1,4111,Shreemay Appartment Atladara,Flat,Furnished,Ready to Move,Resale,Other,2.0,Other,450
1511,Vadodara,390022,3,3,4403,Shreeram Shaligram Karjan,House,Semi-Furnished,Ready to Move,Resale,East,1.0,Freehold,1022
1512,Vadodara,390022,1,2,9375,Shubh Residency Ratanpur Village Near Kapurai Choukry,House,Semi-Furnished,Ready to Move,Resale,Other,,Other,800
1513,Vadodara,390022,4,4,10000,Siddharth Resicome Kapurai,Villa,Semi-Furnished,Ready to Move,Resale,East,,Other,1000
1514,Vadodara,390022,2,2,6552,Sindhrot,Villa,Furnished,Ready to Move,Resale,Other,,Freehold,1450
1515,Vadodara,390022,2,2,3333,Sokhdakhurd,House,Semi-Furnished,Ready to Move,Resale,Other,1.0,Other,1200
1516,Vadodara,390002,1,1,3434,Soma Talav,Flat,Semi-Furnished,Ready to Move,Resale,Other,5.0,Other,495
1517,Vadodara,390002,1,1,7143,Soma Talav,House,Unfurnished,Ready to Move,Resale,East,,Freehold,770
1518,Vadodara,390002,2,1,4322,Soma Talav,Flat,Semi-Furnished,Ready to Move,Resale,North - East,6.0,Other,428
1519,Vadodara,390002,2,2,3553,Soma Talav,Flat,Furnished,Ready to Move,Resale,East,3.0,Freehold,760
1520,Vadodara,390002,2,2,3833,Soma Talav,Flat,Furnished,Ready to Move,Resale,East,1.0,Freehold,600
1521,Vadodara,390002,2,2,3988,Soma Talav,Flat,Semi-Furnished,Ready to Move,Resale,Other,3.0,Other,677
1522,Vadodara,390002,2,2,4160,Soma Talav,Flat,Semi-Furnished,Ready to Move,Resale,Other,2.0,Freehold,625
1523,Vadodara,390002,3,3,7290,Soma Talav,House,Semi-Furnished,Ready to Move,Resale,North,,Freehold,1166
1524,Vadodara,390002,3,3,4160,Soma Talav,Flat,Semi-Furnished,Ready to Move,Resale,Other,4.0,Freehold,1250
1525,Vadodara,390022,4,4,2750,Somnath Society,Flat,Semi-Furnished,Ready to Move,Resale,Other,9.0,Other,2000
1526,Vadodara,390022,2,2,2842,St Colony,Flat,Semi-Furnished,Ready to Move,Resale,South - East,2.0,Freehold,950
1527,Vadodara,390023,1,1,2519,Subhanpura,Flat,Unfurnished,Ready to Move,Resale,Other,3.0,Other,675
1528,Vadodara,390023,1,1,3089,Subhanpura,Flat,Semi-Furnished,Unknown,Resale,East,2.0,Freehold,518
1529,Vadodara,390023,1,1,2545,Subhanpura,House,Unfurnished,Unknown,Resale,Other,1.0,Freehold,550
1530,Vadodara,390023,1,1,10200,Subhanpura,Villa,Unfurnished,Ready to Move,Resale,East,,Freehold,500
1531,Vadodara,390023,2,2,5538,Subhanpura,Flat,Semi-Furnished,Ready to Move,Resale,East,3.0,Freehold,650
1532,Vadodara,390023,1,2,2556,Subhanpura,Builder Floor,Semi-Furnished,Ready to Move,Resale,East,3.0,Freehold,900
1533,Vadodara,390023,2,2,3263,Subhanpura,Flat,Unfurnished,Ready to Move,Resale,South,2.0,Freehold,950
1534,Vadodara,390023,2,2,5455,Subhanpura,Flat,Furnished,Ready to Move,Resale,East,5.0,Other,1100
1535,Vadodara,390023,2,2,3241,Subhanpura,Flat,Semi-Furnished,Ready to Move,Resale,Other,3.0,Freehold,1265
1536,Vadodara,390023,2,2,4333,Subhanpura,House,Semi-Furnished,Ready to Move,Resale,Other,,Other,1500
1537,Vadodara,390023,2,2,4479,Subhanpura,Flat,Furnished,Ready to Move,Resale,Other,5.0,Other,893
1538,Vadodara,390023,2,2,4416,Subhanpura,Flat,Unfurnished,Ready to Move,Resale,North - East,3.0,Freehold,770
1539,Vadodara,390023,2,2,3187,Subhanpura,Flat,Furnished,Ready to Move,Resale,Other,3.0,Other,1067
1540,Vadodara,390023,3,2,5779,Subhanpura,House,Unfurnished,Ready to Move,Resale,East,,Freehold,770
1541,Vadodara,390023,1,2,2900,Subhanpura,Builder Floor,Unfurnished,Ready to Move,Resale,Other,1.0,Other,1000
1542,Vadodara,390023,3,2,6218,Subhanpura,House,Furnished,Ready to Move,Resale,East,,Freehold,780
1543,Vadodara,390023,1,2,5000,Subhanpura,Flat,Semi-Furnished,Ready to Move,Resale,Other,2.0,Other,600
1544,Vadodara,390023,2,2,3571,Subhanpura,Flat,Semi-Furnished,Ready to Move,Resale,Other,3.0,Other,700
1545,Vadodara,390023,2,2,3506,Subhanpura,Flat,Semi-Furnished,Ready to Move,Resale,East,2.0,Other,770
1546,Vadodara,390023,1,2,3472,Subhanpura,Flat,Unfurnished,Ready to Move,Resale,East,2.0,Other,720
1547,Vadodara,390023,1,2,2548,Subhanpura,Builder Floor,Semi-Furnished,Ready to Move,Resale,Other,3.0,Other,785
1548,Vadodara,390023,2,2,5488,Subhanpura,Flat,Semi-Furnished,Ready to Move,Resale,Other,3.0,Other,820
1549,Vadodara,390023,2,2,3810,Subhanpura,Flat,Semi-Furnished,Ready to Move,Resale,North,4.0,Freehold,840
1550,Vadodara,390023,2,3,8500,Subhanpura,House,Furnished,Ready to Move,Resale,North - East,,Freehold,1000
1551,Vadodara,390023,3,3,4646,Subhanpura,Flat,Semi-Furnished,Ready to Move,Resale,North - East,3.0,Freehold,990
1552,Vadodara,390023,3,3,3358,Subhanpura,Flat,Semi-Furnished,Ready to Move,Resale,Other,2.0,Other,2040
1553,Vadodara,390023,3,3,6833,Subhanpura,Villa,Semi-Furnished,Ready to Move,Resale,East,,Freehold,1200
1554,Vadodara,390023,2,3,4000,Subhanpura,Flat,Semi-Furnished,Ready to Move,Resale,East,1.0,Freehold,1450
1555,Vadodara,390023,3,3,5359,Subhanpura,Flat,Semi-Furnished,Ready to Move,Resale,West,4.0,Other,1978
1556,Vadodara,390023,3,3,9195,Subhanpura,House,Semi-Furnished,Ready to Move,Resale,East,,Freehold,870
1557,Vadodara,390023,3,3,5000,Subhanpura,Flat,Semi-Furnished,Ready to Move,Resale,West,3.0,Freehold,1100
1558,Vadodara,390023,4,3,9615,Subhanpura,Flat,Furnished,Ready to Move,Resale,East,4.0,Freehold,1300
1559,Vadodara,390023,3,3,7391,Subhanpura,Flat,Semi-Furnished,Ready to Move,Resale,East,8.0,Freehold,1150
1560,Vadodara,390023,3,3,10733,Subhanpura,Villa,Semi-Furnished,Ready to Move,Resale,East,,Freehold,1500
1561,Vadodara,390023,3,3,3586,Subhanpura,Builder Floor,Semi-Furnished,Ready to Move,Resale,Other,1.0,Other,1450
1562,Vadodara,390023,3,3,4444,Subhanpura,Flat,Furnished,Ready to Move,Resale,East,1.0,Freehold,900
1563,Vadodara,390023,3,3,5200,Subhanpura,Flat,Unfurnished,Ready to Move,Resale,West,4.0,Freehold,1000
1564,Vadodara,390023,3,3,4167,Subhanpura,Flat,Furnished,Ready to Move,Resale,Other,1.0,Other,1800
1565,Vadodara,390023,2,3,6000,Subhanpura,House,Semi-Furnished,Ready to Move,Resale,Other,,Other,1000
1566,Vadodara,390023,3,3,6296,Subhanpura,House,Semi-Furnished,Ready to Move,Resale,East,,Freehold,1350
1567,Vadodara,390023,2,3,8750,Subhanpura,House,Unfurnished,Ready to Move,Resale,East,,Freehold,800
1568,Vadodara,390023,3,3,7846,Subhanpura,House,Semi-Furnished,Ready to Move,Resale,East,,Freehold,1300
1569,Vadodara,390023,2,3,6129,Subhanpura,House,Semi-Furnished,Ready to Move,Resale,East,,Freehold,1550
1570,Vadodara,390023,3,3,7273,Subhanpura,Villa,Furnished,Ready to Move,Resale,East,,Freehold,1650
1571,Vadodara,390023,3,4,3400,Subhanpura,Flat,Semi-Furnished,Ready to Move,Resale,Other,4.0,Freehold,2500
1572,Vadodara,390023,2,4,7778,Subhanpura,House,Unfurnished,Ready to Move,Resale,West,,Freehold,900
1573,Vadodara,390023,2,4,9600,Subhanpura,House,Semi-Furnished,Ready to Move,Resale,East,,Other,1250
1574,Vadodara,390023,3,4,5517,Subhanpura,House,Semi-Furnished,Ready to Move,Resale,East,,Freehold,1450
1575,Vadodara,390023,3,4,7540,Subhanpura,House,Semi-Furnished,Ready to Move,Resale,Other,,Freehold,1260
1576,Vadodara,390023,2,4,4773,Subhanpura,House,Unfurnished,Ready to Move,Resale,Other,1.0,Other,2200
1577,Vadodara,390023,2,4,4484,Subhanpura,Flat,Semi-Furnished,Unknown,Resale,East,1.0,Freehold,1115
1578,Vadodara,390023,2,4,4125,Subhanpura,House,Semi-Furnished,Ready to Move,Resale,Other,1.0,Other,1600
1579,Vadodara,390023,3,4,7222,Subhanpura,Villa,Semi-Furnished,Ready to Move,Resale,North,,Freehold,1800
1580,Vadodara,390023,2,4,12500,Subhanpura,House,Semi-Furnished,Ready to Move,Resale,North,,Freehold,800
1581,Vadodara,390023,5,5,4455,Subhanpura,House,Semi-Furnished,Ready to Move,Resale,Other,,Other,2200
1582,Vadodara,390023,4,5,5600,Subhanpura,Villa,Furnished,Ready to Move,Resale,East,,Freehold,2500
1583,Vadodara,390023,4,5,6900,Subhanpura,Villa,Semi-Furnished,Ready to Move,Resale,East,,Freehold,2000
1584,Vadodara,390022,2,2,3765,Sun Pharma Road,Flat,Unfurnished,Ready to Move,Resale,East,3.0,Freehold,850
1585,Vadodara,390022,1,2,6133,Sun Pharma Road,House,Furnished,Ready to Move,Resale,Other,,Freehold,1500
1586,Vadodara,390022,2,2,4000,Sun Pharma Road,Flat,Furnished,Ready to Move,Resale,East,4.0,Other,750
1587,Vadodara,390022,2,2,2467,Sun Pharma Road,Flat,Semi-Furnished,Ready to Move,Resale,Other,5.0,Other,1500
1588,Vadodara,390022,3,3,3393,Sun Pharma Road,House,Furnished,Ready to Move,Resale,East,4.0,Freehold,1400
1589,Vadodara,390022,3,3,4062,Sun Pharma Road,Flat,Semi-Furnished,Ready to Move,Resale,Other,2.0,Other,1600
1590,Vadodara,390022,3,3,5667,Sun Pharma Road,Flat,Semi-Furnished,Ready to Move,Resale,Other,4.0,Other,900
1591,Vadodara,390022,4,3,2389,Sun Pharma Road,Flat,Unfurnished,Ready to Move,Resale,Other,3.0,Freehold,1800
1592,Vadodara,390022,3,3,3571,Sun Pharma Road,Flat,Semi-Furnished,Ready to Move,Resale,Other,4.0,Freehold,1540
1593,Vadodara,390022,3,3,3444,Sun Pharma Road,Flat,Semi-Furnished,Ready to Move,Resale,Other,1.0,Freehold,1800
1594,Vadodara,390022,3,3,5051,Sun Pharma Road,Flat,Furnished,Ready to Move,Resale,East,2.0,Other,990
1595,Vadodara,390022,3,3,3750,Sun Pharma Road,Flat,Semi-Furnished,Ready to Move,Resale,North,3.0,Freehold,1600
1596,Vadodara,390022,3,3,3462,Sun Pharma Road,Flat,Semi-Furnished,Ready to Move,Resale,Other,4.0,Other,1300
1597,Vadodara,390022,3,3,2391,Sun Pharma Road,Flat,Furnished,Ready to Move,Resale,Other,5.0,Other,2300
1598,Vadodara,390022,3,3,4643,Sun Pharma Road,Flat,Furnished,Ready to Move,Resale,Other,8.0,Other,1400
1599,Vadodara,390022,5,4,7303,Sun Pharma Road,House,Semi-Furnished,Ready to Move,Resale,East,,Freehold,1780
1600,Vadodara,390022,3,4,12277,Sun Pharma Road,House,Furnished,Ready to Move,Resale,North,,Other,2240
1601,Vadodara,390022,3,4,9322,Sun Pharma Road,House,Semi-Furnished,Ready to Move,Resale,East,,Freehold,1770
1602,Vadodara,390022,4,4,8427,Sun Pharma Road,Villa,Unfurnished,Ready to Move,Resale,Other,,Other,1780
1603,Vadodara,390022,2,2,4258,Suryadeep Resi Com Plaza,Flat,Unfurnished,Ready to Move,Resale,Other,1.0,Other,775
1604,Vadodara,390022,3,3,3321,Suryanagar,House,Furnished,Ready to Move,Resale,East,4.0,Freehold,1400
1605,Vadodara,390022,4,4,7353,Suvarnapuri Society,House,Semi-Furnished,Unknown,Resale,East,3.0,Freehold,3400
1606,Vadodara,390022,3,4,2857,Suvernapuri Society Chikuwadi Alkapuri,Flat,Unfurnished,Ready to Move,Resale,South,3.0,Freehold,2800
1607,Vadodara,390012,1,1,4545,Tandalja,Flat,Unfurnished,Ready to Move,Resale,Other,1.0,Other,550
1608,Vadodara,390012,2,2,3043,Tandalja,Flat,Semi-Furnished,Ready to Move,Resale,Other,2.0,Other,1150
1609,Vadodara,390012,1,2,5909,Tandalja,Villa,Semi-Furnished,Ready to Move,Resale,Other,,Freehold,1100
1610,Vadodara,390012,2,2,5625,Tandalja,Flat,Furnished,Ready to Move,Resale,Other,3.0,Other,800
1611,Vadodara,390012,2,2,4242,Tandalja,Flat,Semi-Furnished,Ready to Move,Resale,East,3.0,Other,825
1612,Vadodara,390012,2,2,3733,Tandalja,Flat,Furnished,Ready to Move,Resale,Other,4.0,Other,750
1613,Vadodara,390012,3,3,6884,Tandalja,Flat,Furnished,Ready to Move,Resale,South - East,3.0,Other,1380
1614,Vadodara,390012,2,3,5714,Tandalja,House,Semi-Furnished,Ready to Move,Resale,North - West,1.0,Freehold,2100
1615,Vadodara,390012,3,3,3377,Tandalja,Flat,Unfurnished,Ready to Move,Resale,Other,3.0,Other,1925
1616,Vadodara,390012,3,3,5500,Tandalja,Flat,Unfurnished,Ready to Move,Resale,East,5.0,Freehold,1000
1617,Vadodara,390012,3,3,6542,Tandalja,Flat,Semi-Furnished,Ready to Move,Resale,Other,1.0,Other,1070
1618,Vadodara,390012,3,3,6167,Tandalja,Flat,Furnished,Ready to Move,Resale,East,4.0,Freehold,1800
1619,Vadodara,390012,3,3,11714,Tandalja,Flat,Furnished,Ready to Move,Resale,Other,1.0,Other,700
1620,Vadodara,390012,3,3,4417,Tandalja,Flat,Furnished,Ready to Move,Resale,Other,3.0,Other,1200
1621,Vadodara,390012,3,3,6019,Tandalja,Flat,Semi-Furnished,Ready to Move,Resale,Other,4.0,Other,1080
1622,Vadodara,390012,2,3,2500,Tandalja,Flat,Semi-Furnished,Ready to Move,Resale,Other,4.0,Other,1600
1623,Vadodara,390012,2,3,2465,Tandalja,Flat,Semi-Furnished,Ready to Move,Resale,South -West,4.0,Freehold,1420
1624,Vadodara,390012,3,3,4948,Tandalja,Flat,Furnished,Ready to Move,Resale,Other,3.0,Freehold,1920
1625,Vadodara,390012,4,4,3116,Tandalja,Flat,Semi-Furnished,Ready to Move,Resale,Other,3.0,Other,2590
1626,Vadodara,390012,3,4,4615,Tandalja,Flat,Unfurnished,Ready to Move,Resale,Other,3.0,Other,1300
1627,Vadodara,390012,4,4,5117,Tandalja,Flat,Semi-Furnished,Ready to Move,Resale,Other,3.0,Other,2443
1628,Vadodara,390012,3,4,12000,Tandalja,House,Furnished,Ready to Move,Resale,Other,,Other,1250
1629,Vadodara,390012,5,4,4000,Tandalja,House,Furnished,Ready to Move,Resale,Other,,Other,3750
1630,Vadodara,390012,4,5,4826,Tandalja,House,Furnished,Unknown,Resale,Other,2.0,Freehold,2300
1631,Vadodara,390009,1,1,4713,Tarsali,Flat,Semi-Furnished,Ready to Move,Resale,East,4.0,Freehold,435
1632,Vadodara,390009,1,1,6349,Tarsali,House,Semi-Furnished,Ready to Move,Resale,Other,4.0,Other,504
1633,Vadodara,390009,1,1,3370,Tarsali,Flat,Unfurnished,Ready to Move,Resale,Other,5.0,Other,460
1634,Vadodara,390009,1,1,3778,Tarsali,Flat,Semi-Furnished,Ready to Move,Resale,Other,4.0,Other,450
1635,Vadodara,390009,1,1,4384,Tarsali,Builder Floor,Unfurnished,Ready to Move,Resale,Other,3.0,Other,479
1636,Vadodara,390009,1,1,2782,Tarsali,Flat,Unfurnished,Ready to Move,Resale,North,3.0,Freehold,568
1637,Vadodara,390009,1,1,3513,Tarsali,Flat,Unfurnished,Ready to Move,Resale,East,7.0,Freehold,427
1638,Vadodara,390009,2,2,5140,Tarsali,Flat,Furnished,Ready to Move,Resale,Other,2.0,Other,642
1639,Vadodara,390009,2,2,6055,Tarsali,Flat,Furnished,Ready to Move,Resale,East,4.0,Freehold,578
1640,Vadodara,390009,2,2,2976,Tarsali,Flat,Furnished,Ready to Move,Resale,Other,3.0,Other,840
1641,Vadodara,390009,2,2,3077,Tarsali,Flat,Furnished,Ready to Move,Resale,Other,2.0,Leasehold,780
1642,Vadodara,390009,2,2,5133,Tarsali,Flat,Unfurnished,Unknown,Resale,Other,4.0,Other,565
1643,Vadodara,390009,2,2,4593,Tarsali,Flat,Semi-Furnished,Ready to Move,Resale,East,1.0,Freehold,651
1644,Vadodara,390009,2,2,4385,Tarsali,Flat,Unfurnished,Ready to Move,Resale,East,2.0,Freehold,650
1645,Vadodara,390009,1,2,10563,Tarsali,House,Unfurnished,Ready to Move,Resale,West,,Freehold,710
1646,Vadodara,390009,2,2,2857,Tarsali,Flat,Furnished,Ready to Move,Resale,Other,3.0,Other,980
1647,Vadodara,390009,2,2,3571,Tarsali,Flat,Semi-Furnished,Ready to Move,Resale,Other,6.0,Other,532
1648,Vadodara,390009,2,2,2696,Tarsali,Flat,Semi-Furnished,Ready to Move,Resale,East,4.0,Freehold,1150
1649,Vadodara,390009,2,2,4129,Tarsali,Flat,Furnished,Ready to Move,Resale,North,3.0,Freehold,700
1650,Vadodara,390009,2,2,6000,Tarsali,Flat,Semi-Furnished,Ready to Move,Resale,Other,2.0,Other,700
1651,Vadodara,390009,2,2,4110,Tarsali,Flat,Furnished,Ready to Move,Resale,East,3.0,Other,730
1652,Vadodara,390009,2,2,5498,Tarsali,Flat,Semi-Furnished,Ready to Move,Resale,South - East,1.0,Freehold,582
1653,Vadodara,390009,2,2,2654,Tarsali,Flat,Semi-Furnished,Ready to Move,Resale,Other,3.0,Other,1055
1654,Vadodara,390009,2,2,3385,Tarsali,Flat,Unfurnished,Ready to Move,Resale,Other,4.0,Other,650
1655,Vadodara,390009,2,2,5469,Tarsali,Flat,Furnished,Unknown,Resale,Other,7.0,Freehold,640
1656,Vadodara,390009,2,2,3125,Tarsali,Flat,Semi-Furnished,Unknown,Resale,Other,6.0,Other,800
1657,Vadodara,390009,2,2,6200,Tarsali,House,Semi-Furnished,Ready to Move,Resale,Other,,Other,2500
1658,Vadodara,390009,2,2,2778,Tarsali,Flat,Unfurnished,Unknown,Resale,Other,4.0,Other,900
1659,Vadodara,390009,2,2,4091,Tarsali,Builder Floor,Furnished,Ready to Move,Resale,Other,2.0,Other,1100
1660,Vadodara,390009,1,2,3385,Tarsali,Flat,Semi-Furnished,Ready to Move,Resale,North - East,1.0,Freehold,650
1661,Vadodara,390009,2,2,4599,Tarsali,Flat,Semi-Furnished,Ready to Move,Resale,Other,6.0,Other,674
1662,Vadodara,390009,2,2,3067,Tarsali,Flat,Semi-Furnished,Ready to Move,Resale,North,5.0,Freehold,750
1663,Vadodara,390009,1,2,3286,Tarsali,Flat,Semi-Furnished,Ready to Move,Resale,East,2.0,Freehold,700
1664,Vadodara,390009,2,3,3264,Tarsali,Flat,Unfurnished,Ready to Move,Resale,East,2.0,Other,1440
1665,Vadodara,390009,3,3,4194,Tarsali,Villa,Furnished,Ready to Move,Resale,East,,Freehold,3600
1666,Vadodara,390009,3,3,8000,Tarsali,House,Semi-Furnished,Ready to Move,Resale,Other,,Other,1000
1667,Vadodara,390009,3,3,6972,Tarsali,Villa,Unfurnished,Ready to Move,Resale,East,,Freehold,1004
1668,Vadodara,390009,2,3,6000,Tarsali,House,Semi-Furnished,Ready to Move,Resale,Other,4.0,Other,1000
1669,Vadodara,390009,3,3,9929,Tarsali,House,Furnished,Ready to Move,Resale,East,,Freehold,1400
1670,Vadodara,390009,3,3,7960,Tarsali,Villa,Furnished,Ready to Move,Resale,West,,Freehold,2500
1671,Vadodara,390009,3,3,4251,Tarsali,Flat,Unfurnished,Ready to Move,Resale,Other,7.0,Other,1035
1672,Vadodara,390009,3,3,4929,Tarsali,Flat,Furnished,Ready to Move,Resale,Other,3.0,Other,1400
1673,Vadodara,390009,4,3,10667,Tarsali,Villa,Semi-Furnished,Ready to Move,Resale,Other,,Freehold,1500
1674,Vadodara,390009,2,3,4662,Tarsali,Flat,Unfurnished,Ready to Move,Resale,Other,6.0,Other,622
1675,Vadodara,390009,3,3,2606,Tarsali,House,Furnished,Ready to Move,Resale,Other,4.0,Other,1880
1676,Vadodara,390009,3,3,3333,Tarsali,Flat,Unfurnished,Ready to Move,Resale,Other,2.0,Other,1200
1677,Vadodara,390009,3,3,8000,Tarsali,House,Furnished,Ready to Move,Resale,Other,1.0,Other,1250
1678,Vadodara,390009,3,3,3846,Tarsali,Flat,Unfurnished,Ready to Move,Resale,North,1.0,Freehold,780
1679,Vadodara,390009,2,3,3789,Tarsali,Flat,Furnished,Ready to Move,Resale,East,7.0,Freehold,950
1680,Vadodara,390009,2,3,4444,Tarsali,Flat,Semi-Furnished,Ready to Move,Resale,East,3.0,Freehold,450
1681,Vadodara,390009,2,3,2941,Tarsali,Flat,Semi-Furnished,Ready to Move,Resale,Other,4.0,Other,1360
1682,Vadodara,390009,3,3,9048,Tarsali,House,Semi-Furnished,Ready to Move,Resale,East,,Freehold,2100
1683,Vadodara,390009,3,4,6044,Tarsali,Villa,Semi-Furnished,Ready to Move,Resale,Other,,Other,1125
1684,Vadodara,390009,4,4,10400,Tarsali,Villa,Furnished,Ready to Move,Resale,West,,Freehold,1250
1685,Vadodara,390009,3,4,8231,Tarsali,House,Furnished,Ready to Move,Resale,Other,3.0,Other,1300
1686,Vadodara,390009,4,4,5998,Tarsali,House,Unfurnished,Ready to Move,Resale,West,2.0,Freehold,1017
1687,Vadodara,390009,4,4,5556,Tarsali,House,Semi-Furnished,Ready to Move,Resale,Other,,Freehold,3600
1688,Vadodara,390009,4,4,6167,Tarsali,House,Furnished,Ready to Move,Resale,Other,,Freehold,3000
1689,Vadodara,390009,4,5,6170,Tarsali,House,Semi-Furnished,Ready to Move,Resale,East,,Freehold,2350
1690,Vadodara,390022,2,2,3057,Tarsali Road,Flat,Semi-Furnished,Ready to Move,Resale,East,3.0,Freehold,916
1691,Vadodara,390022,3,2,4250,Time Square Fatehgunj,Flat,Semi-Furnished,Ready to Move,Resale,Other,6.0,Other,1000
1692,Vadodara,390022,1,1,3750,Undera,House,Unfurnished,Ready to Move,Resale,Other,,Other,1200
1693,Vadodara,390022,2,2,2706,Undera,Flat,Semi-Furnished,Ready to Move,Resale,West,3.0,Freehold,850
1694,Vadodara,390022,2,2,2500,Undera,Flat,Furnished,Unknown,Resale,Other,3.0,Other,1400
1695,Vadodara,390022,2,2,2413,Undera,Flat,Semi-Furnished,Ready to Move,Resale,Other,1.0,Freehold,1119
1696,Vadodara,390022,2,2,3294,Undera,Flat,Furnished,Ready to Move,Resale,Other,4.0,Other,850
1697,Vadodara,390022,3,3,8500,Undera,House,Semi-Furnished,Ready to Move,Resale,East,,Freehold,800
1698,Vadodara,390022,3,2,8182,Vadodara,House,Semi-Furnished,Ready to Move,Resale,West,,Freehold,550
1699,Vadodara,390022,2,2,5208,Vadodara,Flat,Unfurnished,Ready to Move,Resale,North,4.0,Other,672
1700,Vadodara,390022,2,3,4571,Vadodara,Flat,Furnished,Ready to Move,Resale,East,4.0,Freehold,1050
1701,Vadodara,390022,2,2,6355,Vadsar,Flat,Semi-Furnished,Ready to Move,Resale,Other,4.0,Other,535
1702,Vadodara,390022,2,2,2627,Vadsar,Flat,Semi-Furnished,Ready to Move,Resale,Other,4.0,Other,1264
1703,Vadodara,390022,2,2,5030,Vadsar,Flat,Semi-Furnished,Ready to Move,Resale,Other,3.0,Other,656
1704,Vadodara,390022,2,2,3659,Vadsar,Flat,Unfurnished,Ready to Move,Resale,East,2.0,Freehold,656
1705,Vadodara,390022,2,2,3923,Vadsar,Flat,Semi-Furnished,Ready to Move,Resale,Other,4.0,Other,650
1706,Vadodara,390022,2,2,5000,Vadsar,Flat,Unfurnished,Ready to Move,Resale,West,2.0,Freehold,650
1707,Vadodara,390022,3,3,7869,Vadsar,House,Semi-Furnished,Ready to Move,Resale,East,,Freehold,2224
1708,Vadodara,390022,3,3,3848,Vadsar,Flat,Semi-Furnished,Unknown,Resale,Other,3.0,Other,1975
1709,Vadodara,390022,3,3,5114,Vadsar,Flat,Furnished,Ready to Move,New,North - West,4.0,Freehold,880
1710,Vadodara,390022,2,3,9677,Vadsar,House,Semi-Furnished,Ready to Move,Resale,West,2.0,Other,775
1711,Vadodara,390022,3,3,4839,Vadsar,Flat,Semi-Furnished,Ready to Move,Resale,South,4.0,Other,930
1712,Vadodara,390022,2,2,2361,Vasant Vihar,Flat,Furnished,Ready to Move,Resale,East,5.0,Freehold,1800
1713,Vadodara,390022,3,3,8668,Vasant Vihar,Flat,Furnished,Ready to Move,Resale,West,2.0,Freehold,1269
1714,Vadodara,390022,3,3,4993,Vasant Vihar,House,Furnished,Ready to Move,Resale,East,4.0,Freehold,1442
1715,Vadodara,390022,4,4,5750,Vasant Vihar,House,Semi-Furnished,Ready to Move,Resale,East,4.0,Other,2000
1716,Vadodara,390007,2,2,4176,Vasna Road,Flat,Semi-Furnished,Ready to Move,Resale,West,3.0,Freehold,910
1717,Vadodara,390007,2,2,4118,Vasna Road,Flat,Unfurnished,Ready to Move,Resale,Other,3.0,Other,850
1718,Vadodara,390007,2,2,3840,Vasna Road,Flat,Furnished,Ready to Move,Resale,East,1.0,Freehold,1250
1719,Vadodara,390007,2,2,4421,Vasna Road,Builder Floor,Furnished,Ready to Move,Resale,West,3.0,Freehold,950
1720,Vadodara,390007,2,2,7576,Vasna Road,House,Semi-Furnished,Ready to Move,Resale,Other,,Other,1650
1721,Vadodara,390007,1,2,10685,Vasna Road,House,Semi-Furnished,Ready to Move,Resale,West,,Freehold,730
1722,Vadodara,390007,2,2,4000,Vasna Road,Flat,Semi-Furnished,Ready to Move,Resale,Other,4.0,Other,650
1723,Vadodara,390007,2,2,2688,Vasna Road,Flat,Furnished,Ready to Move,Resale,Other,4.0,Other,1600
1724,Vadodara,390007,2,2,3526,Vasna Road,Builder Floor,Unfurnished,Ready to Move,Resale,North - East,2.0,Freehold,970
1725,Vadodara,390007,2,2,2805,Vasna Road,Flat,Semi-Furnished,Ready to Move,Resale,East,3.0,Freehold,1105
1726,Vadodara,390007,2,2,4103,Vasna Road,Flat,Furnished,Ready to Move,Resale,East,3.0,Freehold,780
1727,Vadodara,390007,2,2,3646,Vasna Road,Flat,Furnished,Ready to Move,Resale,East,1.0,Freehold,960
1728,Vadodara,390007,2,2,3500,Vasna Road,Flat,Semi-Furnished,Ready to Move,Resale,North,1.0,Freehold,1000
1729,Vadodara,390007,3,3,4722,Vasna Road,Flat,Furnished,Ready to Move,Resale,North,3.0,Other,1800
1730,Vadodara,390007,3,3,5288,Vasna Road,Flat,Furnished,Ready to Move,Resale,East,6.0,Freehold,1040
1731,Vadodara,390007,3,3,7214,Vasna Road,Flat,Furnished,Ready to Move,Resale,North,1.0,Freehold,1400
1732,Vadodara,390007,3,3,6153,Vasna Road,Flat,Unfurnished,Unknown,New,Other,,Other,1240
1733,Vadodara,390007,2,3,3444,Vasna Road,Flat,Semi-Furnished,Ready to Move,Resale,Other,3.0,Other,1800
1734,Vadodara,390007,3,3,6190,Vasna Road,Flat,Unfurnished,Ready to Move,Resale,North - East,1.0,Other,2100
1735,Vadodara,390007,3,3,10606,Vasna Road,Villa,Unfurnished,Ready to Move,Resale,East,,Other,660
1736,Vadodara,390007,2,3,4000,Vasna Road,Flat,Semi-Furnished,Ready to Move,Resale,East,2.0,Freehold,1250
1737,Vadodara,390007,3,3,7558,Vasna Road,Builder Floor,Furnished,Ready to Move,Resale,East,1.0,Freehold,1257
1738,Vadodara,390007,3,3,4483,Vasna Road,Flat,Semi-Furnished,Ready to Move,Resale,Other,2.0,Other,1450
1739,Vadodara,390007,3,3,6923,Vasna Road,House,Semi-Furnished,Ready to Move,Resale,North,,Freehold,1300
1740,Vadodara,390007,3,3,3750,Vasna Road,Flat,Semi-Furnished,Ready to Move,Resale,Other,2.0,Other,1200
1741,Vadodara,390007,3,3,6000,Vasna Road,Villa,Semi-Furnished,Ready to Move,Resale,Other,,Other,1250
1742,Vadodara,390007,2,3,4400,Vasna Road,Flat,Furnished,Ready to Move,Resale,North,4.0,Other,1250
1743,Vadodara,390007,3,3,3462,Vasna Road,Flat,Semi-Furnished,Ready to Move,Resale,Other,3.0,Other,1300
1744,Vadodara,390007,3,3,3662,Vasna Road,Flat,Semi-Furnished,Ready to Move,Resale,East,3.0,Other,1420
1745,Vadodara,390007,3,3,6000,Vasna Road,Villa,Unfurnished,Ready to Move,Resale,East,,Other,1500
1746,Vadodara,390007,4,4,9796,Vasna Road,House,Furnished,Ready to Move,Resale,Other,,Other,2450
1747,Vadodara,390007,3,4,8587,Vasna Road,Flat,Furnished,Ready to Move,Resale,North - East,2.0,Freehold,1281
1748,Vadodara,390007,4,4,3580,Vasna Road,Flat,Semi-Furnished,Ready to Move,Resale,Other,3.0,Other,2933
1749,Vadodara,390007,3,4,4850,Vasna Road,Flat,Furnished,Ready to Move,Resale,Other,4.0,Other,2165
1750,Vadodara,390007,4,4,11348,Vasna Road,Villa,Furnished,Ready to Move,Resale,Other,,Freehold,705
1751,Vadodara,390007,4,6,6333,Vasna Road,Flat,Furnished,Ready to Move,Resale,Other,3.0,Other,3000
1752,Vadodara,390022,1,2,2696,Vasna-Bhayli Road,Flat,Unknown,Ready to Move,Resale,Other,,Other,1150
1753,Vadodara,390022,2,2,5204,Vasna-Bhayli Road,Flat,Furnished,Ready to Move,Resale,Other,3.0,Other,980
1754,Vadodara,390022,2,2,4000,Vasna-Bhayli Road,Flat,Semi-Furnished,Ready to Move,Resale,Other,2.0,Freehold,1100
1755,Vadodara,390022,2,2,5067,Vasna-Bhayli Road,Flat,Semi-Furnished,Ready to Move,Resale,West,1.0,Freehold,750
1756,Vadodara,390022,2,2,3333,Vasna-Bhayli Road,Flat,Unfurnished,Ready to Move,Resale,West,4.0,Freehold,900
1757,Vadodara,390022,2,2,3846,Vasna-Bhayli Road,Flat,Unfurnished,Ready to Move,Resale,West,2.0,Other,650
1758,Vadodara,390022,2,2,2949,Vasna-Bhayli Road,Flat,Unfurnished,Unknown,Resale,North,1.0,Other,780
1759,Vadodara,390022,2,2,3111,Vasna-Bhayli Road,Flat,Unfurnished,Ready to Move,New,Other,1.0,Other,900
1760,Vadodara,390022,2,2,6118,Vasna-Bhayli Road,Flat,Unfurnished,Ready to Move,Resale,East,3.0,Freehold,850
1761,Vadodara,390022,2,2,4375,Vasna-Bhayli Road,Flat,Unfurnished,Ready to Move,Resale,Other,3.0,Other,800
1762,Vadodara,390022,2,2,4487,Vasna-Bhayli Road,Flat,Semi-Furnished,Ready to Move,Resale,Other,3.0,Other,780
1763,Vadodara,390022,2,2,3182,Vasna-Bhayli Road,Flat,Semi-Furnished,Ready to Move,Resale,Other,2.0,Other,1100
1764,Vadodara,390022,2,2,3406,Vasna-Bhayli Road,Flat,Furnished,Ready to Move,Resale,Other,3.0,Other,1057
1765,Vadodara,390022,2,2,5556,Vasna-Bhayli Road,Flat,Furnished,Ready to Move,Resale,East,4.0,Freehold,900
1766,Vadodara,390022,2,2,5400,Vasna-Bhayli Road,Flat,Unfurnished,Ready to Move,Resale,Other,5.0,Other,500
1767,Vadodara,390022,2,2,3525,Vasna-Bhayli Road,Flat,Semi-Furnished,Ready to Move,Resale,North - East,3.0,Other,1305
1768,Vadodara,390022,2,2,3571,Vasna-Bhayli Road,Flat,Furnished,Ready to Move,Resale,East,4.0,Freehold,700
1769,Vadodara,390022,2,2,2419,Vasna-Bhayli Road,Flat,Semi-Furnished,Ready to Move,Resale,Other,3.0,Other,1075
1770,Vadodara,390022,2,2,5973,Vasna-Bhayli Road,Flat,Unfurnished,Ready to Move,New,Other,,Other,904
1771,Vadodara,390022,2,2,3600,Vasna-Bhayli Road,Flat,Furnished,Ready to Move,Resale,Other,2.0,Other,750
1772,Vadodara,390022,3,3,5392,Vasna-Bhayli Road,Flat,Semi-Furnished,Ready to Move,Resale,East,1.0,Other,1020
1773,Vadodara,390022,3,3,3548,Vasna-Bhayli Road,Flat,Unfurnished,Ready to Move,Resale,North,6.0,Other,1550
1774,Vadodara,390022,3,3,6122,Vasna-Bhayli Road,Flat,Furnished,Ready to Move,New,Other,1.0,Freehold,980
1775,Vadodara,390022,3,3,4543,Vasna-Bhayli Road,Flat,Furnished,Ready to Move,Resale,Other,3.0,Other,1871
1776,Vadodara,390022,3,3,11111,Vasna-Bhayli Road,Villa,Semi-Furnished,Ready to Move,Resale,Other,,Other,1350
1777,Vadodara,390022,3,3,5221,Vasna-Bhayli Road,Flat,Unfurnished,Ready to Move,New,Other,,Other,952
1778,Vadodara,390022,3,3,4509,Vasna-Bhayli Road,Flat,Semi-Furnished,Ready to Move,Resale,South - East,7.0,Other,998
1779,Vadodara,390022,3,3,4667,Vasna-Bhayli Road,Flat,Semi-Furnished,Ready to Move,Resale,Other,2.0,Other,750
1780,Vadodara,390022,3,3,3214,Vasna-Bhayli Road,House,Semi-Furnished,Ready to Move,Resale,East,5.0,Freehold,1400
1781,Vadodara,390022,3,3,3889,Vasna-Bhayli Road,Flat,Furnished,Ready to Move,Resale,East,3.0,Freehold,1800
1782,Vadodara,390022,3,3,3824,Vasna-Bhayli Road,Flat,Unfurnished,Ready to Move,Resale,Other,6.0,Freehold,1700
1783,Vadodara,390022,2,3,2560,Vasna-Bhayli Road,Builder Floor,Semi-Furnished,Ready to Move,Resale,Other,2.0,Other,1250
1784,Vadodara,390022,3,3,5625,Vasna-Bhayli Road,Flat,Furnished,Ready to Move,Resale,Other,3.0,Other,800
1785,Vadodara,390022,3,3,3750,Vasna-Bhayli Road,Flat,Semi-Furnished,Ready to Move,Resale,Other,3.0,Freehold,960
1786,Vadodara,390022,3,3,11017,Vasna-Bhayli Road,Flat,Furnished,Ready to Move,Resale,Other,11.0,Other,1180
1787,Vadodara,390022,3,3,10408,Vasna-Bhayli Road,Flat,Semi-Furnished,Ready to Move,Resale,Other,3.0,Freehold,1153
1788,Vadodara,390022,3,3,6111,Vasna-Bhayli Road,Flat,Unfurnished,Ready to Move,Resale,Other,2.0,Other,900
1789,Vadodara,390022,3,3,3310,Vasna-Bhayli Road,Flat,Furnished,Ready to Move,Resale,East,7.0,Other,1420
1790,Vadodara,390022,3,3,8000,Vasna-Bhayli Road,Flat,Semi-Furnished,Ready to Move,New,North,5.0,Leasehold,400
1791,Vadodara,390022,3,3,3571,Vasna-Bhayli Road,House,Semi-Furnished,Ready to Move,Resale,Other,4.0,Other,2800
1792,Vadodara,390022,3,3,5773,Vasna-Bhayli Road,Flat,Semi-Furnished,Ready to Move,Resale,East,7.0,Freehold,918
1793,Vadodara,390022,3,3,3198,Vasna-Bhayli Road,Flat,Unfurnished,Ready to Move,New,East,5.0,Freehold,1501
1794,Vadodara,390022,3,3,4000,Vasna-Bhayli Road,Flat,Furnished,Unknown,Resale,Other,4.0,Other,1750
1795,Vadodara,390022,3,3,4571,Vasna-Bhayli Road,House,Unfurnished,Ready to Move,New,West,5.0,Other,1400
1796,Vadodara,390022,3,3,4615,Vasna-Bhayli Road,House,Semi-Furnished,Ready to Move,Resale,South,4.0,Freehold,1300
1797,Vadodara,390022,3,3,9504,Vasna-Bhayli Road,Flat,Furnished,Unknown,Resale,Other,2.0,Other,1210
1798,Vadodara,390022,3,3,5000,Vasna-Bhayli Road,House,Furnished,Ready to Move,Resale,South -West,5.0,Freehold,900
1799,Vadodara,390022,3,3,8125,Vasna-Bhayli Road,Flat,Furnished,Ready to Move,New,North - East,10.0,Freehold,1600
1800,Vadodara,390022,2,3,4667,Vasna-Bhayli Road,Flat,Semi-Furnished,Ready to Move,Resale,North,4.0,Freehold,1500
1801,Vadodara,390022,3,3,5000,Vasna-Bhayli Road,Flat,Semi-Furnished,Ready to Move,Resale,East,4.0,Freehold,1400
1802,Vadodara,390022,3,3,8668,Vasna-Bhayli Road,Flat,Furnished,Ready to Move,Resale,West,2.0,Freehold,1269
1803,Vadodara,390022,3,3,4505,Vasna-Bhayli Road,Flat,Semi-Furnished,Ready to Move,Resale,East,4.0,Other,910
1804,Vadodara,390022,3,3,7353,Vasna-Bhayli Road,Flat,Furnished,Ready to Move,Resale,Other,1.0,Other,1700
1805,Vadodara,390022,3,3,5143,Vasna-Bhayli Road,Flat,Furnished,Ready to Move,Resale,Other,6.0,Other,1400
1806,Vadodara,390022,2,3,5424,Vasna-Bhayli Road,Flat,Furnished,Ready to Move,Resale,Other,5.0,Other,931
1807,Vadodara,390022,3,3,4100,Vasna-Bhayli Road,Flat,Semi-Furnished,Ready to Move,Resale,Other,3.0,Other,1000
1808,Vadodara,390022,4,4,5804,Vasna-Bhayli Road,Flat,Unfurnished,Ready to Move,Resale,East,5.0,Freehold,1568
1809,Vadodara,390022,4,4,5882,Vasna-Bhayli Road,Flat,Furnished,Ready to Move,Resale,Other,13.0,Other,2635
1810,Vadodara,390022,5,4,4696,Vasna-Bhayli Road,Flat,Unfurnished,Ready to Move,Resale,Other,6.0,Other,3450
1811,Vadodara,390022,4,4,7692,Vasna-Bhayli Road,House,Furnished,Ready to Move,Resale,Other,4.0,Freehold,1560
1812,Vadodara,390022,5,4,6087,Vasna-Bhayli Road,Flat,Furnished,Ready to Move,Resale,East,8.0,Freehold,2300
1813,Vadodara,390022,4,4,10543,Vasna-Bhayli Road,Villa,Semi-Furnished,Ready to Move,Resale,Other,,Other,1565
1814,Vadodara,390022,4,4,6071,Vasna-Bhayli Road,Flat,Unfurnished,Unknown,New,Other,,Other,1527
1815,Vadodara,390022,4,4,6780,Vasna-Bhayli Road,Flat,Unfurnished,Unknown,New,Other,,Other,2065
1816,Vadodara,390022,4,4,8708,Vasna-Bhayli Road,Flat,Unfurnished,Unknown,New,Other,,Other,2400
1817,Vadodara,390022,4,4,6148,Vasna-Bhayli Road,Flat,Unfurnished,Unknown,New,Other,,Other,1903
1818,Vadodara,390022,5,5,9335,Vasna-Bhayli Road,Villa,Furnished,Ready to Move,Resale,East,,Freehold,3535
1819,Vadodara,390022,3,6,4545,Vasna-Bhayli Road,Flat,Unfurnished,Ready to Move,New,South - East,6.0,Freehold,2200
1820,Vadodara,390022,5,6,8835,Vasna-Bhayli Road,Villa,Furnished,Ready to Move,Resale,East,,Other,8500
1821,Vadodara,390022,1,1,5882,Vemali,Flat,Semi-Furnished,Ready to Move,Resale,Other,2.0,Other,510
1822,Vadodara,390022,1,1,3600,Vemali,Flat,Unfurnished,Ready to Move,Resale,Other,1.0,Other,500
1823,Vadodara,390022,1,1,4358,Vemali,Builder Floor,Semi-Furnished,Ready to Move,Resale,Other,4.0,Freehold,413
1824,Vadodara,390022,2,2,5000,Vemali,Flat,Furnished,Ready to Move,Resale,East,2.0,Freehold,700
1825,Vadodara,390022,2,2,6933,Vemali,Flat,Semi-Furnished,Ready to Move,Resale,Other,8.0,Freehold,750
1826,Vadodara,390022,2,2,4861,Vemali,Builder Floor,Unfurnished,Ready to Move,Resale,Other,4.0,Other,720
1827,Vadodara,390022,2,2,3659,Vemali,Flat,Furnished,Ready to Move,Resale,North - East,5.0,Other,850
1828,Vadodara,390022,2,2,4500,Vemali,Flat,Furnished,Ready to Move,Resale,Other,4.0,Other,700
1829,Vadodara,390022,2,2,3600,Vemali,Flat,Furnished,Ready to Move,Resale,East,2.0,Freehold,1250
1830,Vadodara,390022,2,2,4667,Vemali,Flat,Furnished,Ready to Move,Resale,East,2.0,Freehold,750
1831,Vadodara,390022,3,3,6138,Vemali,House,Semi-Furnished,Ready to Move,Resale,Other,4.0,Other,896
1832,Vadodara,390022,3,3,4576,Vemali,House,Unfurnished,Ready to Move,Resale,North,5.0,Freehold,1180
1833,Vadodara,390022,5,5,10000,Vemali,House,Furnished,Ready to Move,Resale,East,2.0,Freehold,2750
1834,Vadodara,390022,1,1,2750,Verai Mata Chock,Flat,Unfurnished,Ready to Move,Resale,East,2.0,Freehold,400
1835,Vadodara,390022,2,4,7684,Viharika Park Society,House,Semi-Furnished,Ready to Move,Resale,North - East,,Other,976
1836,Vadodara,390022,1,1,3333,Vijay Nagar,Builder Floor,Semi-Furnished,Ready to Move,Resale,South,2.0,Freehold,600
1837,Vadodara,390022,2,2,6500,Vip Road,Flat,Semi-Furnished,Ready to Move,Resale,Other,1.0,Other,800
1838,Vadodara,390022,2,2,3300,Vip Road,Flat,Furnished,Ready to Move,New,Other,1.0,Freehold,1000
1839,Vadodara,390022,3,3,2909,Virod,Flat,Unfurnished,Ready to Move,Resale,East,4.0,Other,1100
1840,Vadodara,390022,2,2,8182,Vishwas Colony,Flat,Furnished,Ready to Move,Resale,North,2.0,Other,1100
1841,Vadodara,390022,3,3,6833,Vishwas Colony,Flat,Semi-Furnished,Ready to Move,Resale,Other,2.0,Other,1200
1842,Vadodara,390022,2,3,9375,Vraj Dham Society,House,Unfurnished,Ready to Move,Resale,East,,Freehold,800
1843,Vadodara,390022,2,2,2857,Vrundavan,Flat,Unfurnished,Unknown,Resale,Other,,Other,770
1844,Vadodara,390022,1,1,2667,Wadi,Flat,Semi-Furnished,Ready to Move,Resale,Other,5.0,Other,450
1845,Vadodara,390022,1,1,4000,Wadi,Flat,Unfurnished,Ready to Move,Resale,East,1.0,Freehold,250
1846,Vadodara,390025,1,1,4726,Waghodia,Flat,Semi-Furnished,Ready to Move,Resale,East,1.0,Leasehold,402
1847,Vadodara,390025,1,1,3385,Waghodia,Flat,Semi-Furnished,Ready to Move,Resale,Other,3.0,Other,650
1848,Vadodara,390025,1,1,6340,Waghodia,Flat,Semi-Furnished,Ready to Move,Resale,Other,8.0,Other,347
1849,Vadodara,390025,1,1,7759,Waghodia,Flat,Furnished,Ready to Move,Resale,Other,9.0,Other,348
1850,Vadodara,390025,1,1,4186,Waghodia,Flat,Semi-Furnished,Ready to Move,Resale,West,5.0,Freehold,430
1851,Vadodara,390025,2,2,4559,Waghodia,Flat,Semi-Furnished,Ready to Move,Resale,Other,4.0,Other,680
1852,Vadodara,390025,2,2,4923,Waghodia,Flat,Semi-Furnished,Ready to Move,Resale,Other,4.0,Other,650
1853,Vadodara,390025,2,2,5034,Waghodia,Flat,Furnished,Ready to Move,Resale,Other,7.0,Other,735
1854,Vadodara,390025,2,2,5526,Waghodia,House,Furnished,Ready to Move,Resale,Other,6.0,Other,760
1855,Vadodara,390025,2,2,3647,Waghodia,Flat,Semi-Furnished,Ready to Move,Resale,East,6.0,Freehold,850
1856,Vadodara,390025,2,2,4632,Waghodia,House,Semi-Furnished,Ready to Move,Resale,Other,,Other,950
1857,Vadodara,390025,2,3,4222,Waghodia,Flat,Unfurnished,Ready to Move,Resale,Other,3.0,Other,900
1858,Vadodara,390025,2,3,5517,Waghodia,House,Unfurnished,Ready to Move,Resale,Other,2.0,Other,580
1859,Vadodara,390025,1,1,3690,Waghodia Road,Builder Floor,Furnished,Unknown,New,South - East,4.0,Freehold,420
1860,Vadodara,390025,1,1,11000,Waghodia Road,Villa,Semi-Furnished,Ready to Move,Resale,Other,,Other,500
1861,Vadodara,390025,1,1,3827,Waghodia Road,Builder Floor,Unfurnished,Ready to Move,Resale,North - East,1.0,Freehold,1176
1862,Vadodara,390025,1,1,3797,Waghodia Road,Flat,Unfurnished,Ready to Move,Resale,Other,2.0,Other,474
1863,Vadodara,390025,1,1,5905,Waghodia Road,House,Unfurnished,Ready to Move,Resale,Other,,Other,525
1864,Vadodara,390025,1,1,2786,Waghodia Road,Flat,Unfurnished,Ready to Move,Resale,East,5.0,Freehold,700
1865,Vadodara,390025,1,1,4709,Waghodia Road,House,Unfurnished,Ready to Move,Resale,North,1.0,Other,858
1866,Vadodara,390025,1,1,2429,Waghodia Road,Builder Floor,Unfurnished,Ready to Move,Resale,Other,2.0,Other,700
1867,Vadodara,390025,2,1,3385,Waghodia Road,Flat,Semi-Furnished,Ready to Move,Resale,Other,2.0,Other,650
1868,Vadodara,390025,1,1,5641,Waghodia Road,House,Unfurnished,Ready to Move,Resale,Other,,Other,585
1869,Vadodara,390025,1,1,5301,Waghodia Road,House,Unfurnished,Ready to Move,Resale,Other,5.0,Other,415
1870,Vadodara,390025,2,2,4118,Waghodia Road,Flat,Semi-Furnished,Ready to Move,Resale,East,2.0,Freehold,850
1871,Vadodara,390025,2,2,4000,Waghodia Road,Flat,Semi-Furnished,Ready to Move,Resale,East,1.0,Freehold,750
1872,Vadodara,390025,2,2,3830,Waghodia Road,Flat,Semi-Furnished,Ready to Move,Resale,Other,1.0,Other,1175
1873,Vadodara,390025,2,2,3954,Waghodia Road,Flat,Furnished,Ready to Move,Resale,North,5.0,Other,784
1874,Vadodara,390025,2,2,5368,Waghodia Road,Flat,Unfurnished,Ready to Move,Resale,North - West,7.0,Other,950
1875,Vadodara,390025,2,2,3048,Waghodia Road,Flat,Semi-Furnished,Ready to Move,Resale,East,5.0,Freehold,1050
1876,Vadodara,390025,2,2,4658,Waghodia Road,Flat,Furnished,Ready to Move,Resale,Other,2.0,Other,966
1877,Vadodara,390025,1,2,2769,Waghodia Road,House,Unknown,Ready to Move,Resale,Other,,Other,1600
1878,Vadodara,390025,2,2,4500,Waghodia Road,Flat,Semi-Furnished,Ready to Move,Resale,West,3.0,Freehold,1000
1879,Vadodara,390025,2,2,3634,Waghodia Road,Flat,Semi-Furnished,Ready to Move,Resale,North - East,1.0,Freehold,710
1880,Vadodara,390025,2,2,4054,Waghodia Road,Flat,Semi-Furnished,Ready to Move,Resale,West,3.0,Freehold,740
1881,Vadodara,390025,1,2,3769,Waghodia Road,Flat,Unfurnished,Ready to Move,Resale,North,1.0,Freehold,650
1882,Vadodara,390025,1,2,3000,Waghodia Road,Flat,Furnished,Ready to Move,Resale,Other,4.0,Other,800
1883,Vadodara,390025,1,2,7778,Waghodia Road,House,Unfurnished,Ready to Move,Resale,Other,,Other,900
1884,Vadodara,390025,1,2,5261,Waghodia Road,House,Semi-Furnished,Ready to Move,Resale,Other,1.0,Other,1245
1885,Vadodara,390025,2,2,3600,Waghodia Road,Flat,Semi-Furnished,Ready to Move,Resale,Other,9.0,Other,750
1886,Vadodara,390025,2,2,5789,Waghodia Road,House,Unfurnished,Ready to Move,Resale,Other,2.0,Other,950
1887,Vadodara,390025,2,2,2883,Waghodia Road,Flat,Furnished,Ready to Move,Resale,Other,3.0,Other,1110
1888,Vadodara,390025,2,2,2609,Waghodia Road,Flat,Semi-Furnished,Ready to Move,Resale,Other,4.0,Other,1150
1889,Vadodara,390025,2,2,4110,Waghodia Road,Flat,Unfurnished,Ready to Move,Resale,West,3.0,Other,730
1890,Vadodara,390025,2,2,3297,Waghodia Road,Flat,Unfurnished,Ready to Move,Resale,West,2.0,Freehold,910
1891,Vadodara,390025,2,2,3706,Waghodia Road,Flat,Unfurnished,Ready to Move,Resale,East,4.0,Freehold,850
1892,Vadodara,390025,2,2,2991,Waghodia Road,Flat,Furnished,Ready to Move,Resale,East,8.0,Freehold,1170
1893,Vadodara,390025,2,2,3538,Waghodia Road,Flat,Unfurnished,Ready to Move,Resale,East,1.0,Freehold,650
1894,Vadodara,390025,2,2,2308,Waghodia Road,House,Semi-Furnished,Ready to Move,Resale,East,5.0,Leasehold,1300
1895,Vadodara,390025,2,2,3636,Waghodia Road,Builder Floor,Furnished,Ready to Move,Resale,Other,1.0,Other,1100
1896,Vadodara,390025,2,2,5806,Waghodia Road,Flat,Furnished,Ready to Move,Resale,Other,4.0,Other,775
1897,Vadodara,390025,2,2,5778,Waghodia Road,House,Furnished,Ready to Move,Resale,Other,7.0,Other,1125
1898,Vadodara,390025,2,2,5000,Waghodia Road,Flat,Semi-Furnished,Ready to Move,Resale,East,5.0,Freehold,900
1899,Vadodara,390025,2,2,3471,Waghodia Road,Flat,Semi-Furnished,Ready to Move,Resale,Other,4.0,Other,1498
1900,Vadodara,390025,2,2,3071,Waghodia Road,Flat,Semi-Furnished,Ready to Move,Resale,East,4.0,Freehold,1498
1901,Vadodara,390025,2,2,3200,Waghodia Road,Flat,Unfurnished,Ready to Move,Resale,Other,1.0,Other,1000
1902,Vadodara,390025,2,2,3548,Waghodia Road,Flat,Semi-Furnished,Ready to Move,Resale,North,11.0,Other,1071
1903,Vadodara,390025,3,2,2619,Waghodia Road,House,Unfurnished,Ready to Move,Resale,Other,2.0,Other,840
1904,Vadodara,390025,2,2,3500,Waghodia Road,Flat,Unfurnished,Ready to Move,Resale,East,4.0,Freehold,700
1905,Vadodara,390025,2,2,2694,Waghodia Road,Flat,Semi-Furnished,Ready to Move,Resale,Other,2.0,Freehold,1225
1906,Vadodara,390025,1,2,4587,Waghodia Road,House,Unknown,Ready to Move,Resale,North,,Freehold,1417
1907,Vadodara,390025,2,2,3782,Waghodia Road,Flat,Unfurnished,Ready to Move,Resale,Other,1.0,Other,1190
1908,Vadodara,390025,2,2,5774,Waghodia Road,House,Semi-Furnished,Ready to Move,Resale,Other,2.0,Other,866
1909,Vadodara,390025,2,2,3219,Waghodia Road,Flat,Semi-Furnished,Unknown,Resale,Other,5.0,Other,1050
1910,Vadodara,390025,2,2,2762,Waghodia Road,Flat,Semi-Furnished,Ready to Move,Resale,Other,3.0,Other,1050
1911,Vadodara,390025,2,2,5083,Waghodia Road,Flat,Unfurnished,Ready to Move,Resale,South,2.0,Freehold,600
1912,Vadodara,390025,3,3,6207,Waghodia Road,House,Semi-Furnished,Ready to Move,Resale,Other,,Other,1450
1913,Vadodara,390025,3,3,6400,Waghodia Road,House,Semi-Furnished,Ready to Move,Resale,East,,Leasehold,1250
1914,Vadodara,390025,3,3,7586,Waghodia Road,House,Furnished,Ready to Move,Resale,East,,Freehold,1015
1915,Vadodara,390025,3,3,5250,Waghodia Road,House,Unfurnished,Ready to Move,Resale,East,,Other,800
1916,Vadodara,390025,3,3,4828,Waghodia Road,Flat,Unfurnished,Unknown,New,Other,,Other,1160
1917,Vadodara,390025,3,3,3444,Waghodia Road,Flat,Unfurnished,Unknown,New,Other,,Other,1800
1918,Vadodara,390025,3,3,12000,Waghodia Road,Villa,Furnished,Ready to Move,Resale,Other,,Other,1250
1919,Vadodara,390025,3,3,6452,Waghodia Road,Villa,Unfurnished,Ready to Move,Resale,North - East,,Freehold,3100
1920,Vadodara,390025,3,3,11630,Waghodia Road,House,Furnished,Ready to Move,Resale,East,,Freehold,920
1921,Vadodara,390025,3,3,3362,Waghodia Road,Flat,Semi-Furnished,Ready to Move,Resale,East,3.0,Freehold,1056
1922,Vadodara,390025,2,3,12500,Waghodia Road,Villa,Furnished,Ready to Move,Resale,West,,Freehold,1200
1923,Vadodara,390025,3,3,8252,Waghodia Road,House,Unfurnished,Ready to Move,Resale,West,,Freehold,1030
1924,Vadodara,390025,3,3,3594,Waghodia Road,House,Unfurnished,Ready to Move,Resale,Other,1.0,Freehold,1085
1925,Vadodara,390025,3,3,8235,Waghodia Road,Villa,Unfurnished,Ready to Move,Resale,North,,Freehold,850
1926,Vadodara,390025,3,3,4500,Waghodia Road,House,Furnished,Unknown,Resale,East,,Freehold,1500
1927,Vadodara,390025,3,3,3929,Waghodia Road,Flat,Semi-Furnished,Ready to Move,Resale,West,5.0,Freehold,1400
1928,Vadodara,390025,3,3,12486,Waghodia Road,House,Semi-Furnished,Ready to Move,Resale,East,,Other,921
1929,Vadodara,390025,3,3,5385,Waghodia Road,Flat,Furnished,Ready to Move,Resale,North,5.0,Freehold,1300
1930,Vadodara,390025,2,3,4520,Waghodia Road,Flat,Semi-Furnished,Ready to Move,Resale,East,1.0,Freehold,885
1931,Vadodara,390025,3,3,6842,Waghodia Road,Villa,Unfurnished,Unknown,Resale,North - East,,Other,950
1932,Vadodara,390025,3,3,3819,Waghodia Road,House,Furnished,Ready to Move,Resale,Other,2.0,Other,1440
1933,Vadodara,390025,4,3,4667,Waghodia Road,House,Semi-Furnished,Ready to Move,Resale,South -West,1.0,Freehold,1500
1934,Vadodara,390025,3,3,4995,Waghodia Road,House,Furnished,Ready to Move,Resale,East,2.0,Freehold,2000
1935,Vadodara,390025,3,3,5385,Waghodia Road,Villa,Furnished,Ready to Move,Resale,East,,Freehold,1300
1936,Vadodara,390025,3,3,2571,Waghodia Road,Flat,Semi-Furnished,Ready to Move,Resale,Other,4.0,Freehold,1750
1937,Vadodara,390025,3,3,8974,Waghodia Road,House,Semi-Furnished,Ready to Move,Resale,East,,Other,780
1938,Vadodara,390025,3,3,4762,Waghodia Road,Villa,Semi-Furnished,Ready to Move,Resale,East,,Freehold,1260
1939,Vadodara,390025,2,3,2500,Waghodia Road,Flat,Unfurnished,Ready to Move,New,Other,2.0,Other,1200
1940,Vadodara,390025,2,3,6250,Waghodia Road,Villa,Unfurnished,Ready to Move,Resale,Other,,Other,1600
1941,Vadodara,390025,3,3,7042,Waghodia Road,House,Unfurnished,Ready to Move,Resale,Other,2.0,Other,1420
1942,Vadodara,390025,3,3,4857,Waghodia Road,Villa,Semi-Furnished,Ready to Move,Resale,North - East,,Freehold,1750
1943,Vadodara,390025,3,3,6986,Waghodia Road,Flat,Unfurnished,Ready to Move,Resale,Other,6.0,Other,730
1944,Vadodara,390025,2,3,6250,Waghodia Road,House,Semi-Furnished,Ready to Move,Resale,Other,,Other,1200
1945,Vadodara,390025,2,3,3240,Waghodia Road,Flat,Unfurnished,Ready to Move,New,Other,8.0,Other,1250
1946,Vadodara,390025,3,3,6087,Waghodia Road,House,Unfurnished,Ready to Move,Resale,Other,,Other,1150
1947,Vadodara,390025,2,3,6250,Waghodia Road,House,Furnished,Ready to Move,Resale,East,,Freehold,1200
1948,Vadodara,390025,2,3,6522,Waghodia Road,House,Unfurnished,Ready to Move,Resale,Other,,Other,1150
1949,Vadodara,390025,3,3,5882,Waghodia Road,House,Unfurnished,Ready to Move,Resale,East,,Freehold,1700
1950,Vadodara,390025,2,3,9000,Waghodia Road,House,Semi-Furnished,Ready to Move,Resale,Other,,Other,500
1951,Vadodara,390025,3,3,4743,Waghodia Road,House,Semi-Furnished,Unknown,New,East,3.0,Other,1265
1952,Vadodara,390025,3,3,6021,Waghodia Road,House,Semi-Furnished,Ready to Move,Resale,Other,1.0,Other,681
1953,Vadodara,390025,3,3,5293,Waghodia Road,House,Unfurnished,Ready to Move,Resale,East,,Freehold,1417
1954,Vadodara,390025,3,3,6938,Waghodia Road,House,Unfurnished,Ready to Move,Resale,East,2.0,Freehold,800
1955,Vadodara,390025,3,3,4756,Waghodia Road,Flat,Unfurnished,Unknown,New,Other,,Other,1190
1956,Vadodara,390025,2,3,4639,Waghodia Road,Flat,Unfurnished,Ready to Move,Resale,East,6.0,Freehold,970
1957,Vadodara,390025,3,4,2720,Waghodia Road,House,Unfurnished,Ready to Move,Resale,East,,Freehold,2500
1958,Vadodara,390025,4,4,7733,Waghodia Road,House,Semi-Furnished,Ready to Move,Resale,Other,,Other,2250
1959,Vadodara,390025,5,4,4636,Waghodia Road,Villa,Unfurnished,Ready to Move,Resale,South - East,,Other,3430
1960,Vadodara,390025,4,4,10000,Waghodia Road,Villa,Unfurnished,Ready to Move,New,West,,Freehold,2000
1961,Vadodara,390025,3,4,4600,Waghodia Road,House,Semi-Furnished,Ready to Move,Resale,Other,,Other,2500
1962,Vadodara,390025,3,4,5000,Waghodia Road,House,Semi-Furnished,Ready to Move,Resale,Other,2.0,Freehold,2200
1963,Vadodara,390025,3,4,6818,Waghodia Road,Villa,Furnished,Ready to Move,Resale,East,,Freehold,3300
1964,Vadodara,390025,4,4,7727,Waghodia Road,Villa,Semi-Furnished,Ready to Move,Resale,North - East,,Other,2200
1965,Vadodara,390025,3,4,8946,Waghodia Road,Villa,Semi-Furnished,Ready to Move,Resale,Other,,Freehold,1006
1966,Vadodara,390025,4,4,6787,Waghodia Road,Villa,Semi-Furnished,Ready to Move,Resale,Other,,Freehold,2225
1967,Vadodara,390025,3,4,8947,Waghodia Road,Villa,Furnished,Ready to Move,Resale,West,,Freehold,1900
1968,Vadodara,390025,2,4,4250,Waghodia Road,House,Semi-Furnished,Ready to Move,Resale,Other,1.0,Other,1200
1969,Vadodara,390025,4,4,5629,Waghodia Road,Villa,Semi-Furnished,Ready to Move,Resale,North,,Freehold,2132
1970,Vadodara,390025,4,4,4235,Waghodia Road,House,Semi-Furnished,Ready to Move,Resale,Other,,Other,1700
1971,Vadodara,390025,4,4,3600,Waghodia Road,House,Semi-Furnished,Ready to Move,Resale,Other,4.0,Other,1000
1972,Vadodara,390025,3,4,4474,Waghodia Road,House,Semi-Furnished,Ready to Move,Resale,Other,,Other,1900
1973,Vadodara,390025,4,5,11667,Waghodia Road,Villa,Furnished,Ready to Move,Resale,East,,Freehold,900
1974,Vadodara,390025,5,5,5882,Waghodia Road,House,Unfurnished,Ready to Move,Resale,West,,Freehold,1955
1975,Vadodara,390025,7,6,11033,Waghodia Road,Villa,Furnished,Ready to Move,Resale,Other,,Other,3000
1976,Vadodara,390022,3,3,4563,Warasiya,House,Unfurnished,Ready to Move,Resale,Other,1.0,Other,1260
1977,Vadodara,390022,2,4,4566,Warasiya,Flat,Unfurnished,Ready to Move,Resale,Other,2.0,Other,876
1978,Vadodara,390022,3,5,9000,Warasiya,Villa,Furnished,Ready to Move,New,Other,,Freehold,1000
1979,Vadodara,390022,4,5,5714,Warasiya,House,Semi-Furnished,Ready to Move,Resale,East,,Freehold,1400
1980,Vadodara,390022,1,1,2667,Welcome Apartment,Flat,Semi-Furnished,Ready to Move,Resale,Other,3.0,Other,750
1981,Vadodara,390022,2,2,2785,Yakutpura,Flat,Unfurnished,Unknown,Resale,Other,,Other,650
1982,Vadodara,390022,3,3,2569,Yakutpura,House,Semi-Furnished,Unknown,Resale,Other,,Other,1600
1983,Vadodara,390022,2,2,3133,Zavernagar,Flat,Furnished,Ready to Move,Resale,Other,3.0,Other,750
1984,Vadodara,390022,2,3,3810,Zavernagar,Flat,Furnished,Ready to Move,Resale,East,5.0,Freehold,1050
