sr no,city,zip code,No Bathroom,No bedroom,price  per squrefoot,area_name,property type,furnishing,status,transaction,facing,floor,ownership,area sqft
1,Vadodara,391410,2,2,5556,Bhayli,Apartment,Furnished,Ready to Move,Resale,East,4.0,Freehold,900
2,Vadodara,390022,2,2,3386,Pashabhai Park,Apartment,Semi-Furnished,Ready to Move,Resale,Unknown,4.0,Unknown,945
3,Vadodara,390022,2,2,5000,Vemali,Apartment,Furnished,Ready to Move,Resale,East,2.0,Freehold,700
4,Vadodara,390025,3,4,2720,Waghodia Road,House,Unfurnished,Ready to Move,Resale,East,,Freehold,2500
5,Vadodara,390025,2,2,4118,Waghodia Road,Apartment,Semi-Furnished,Ready to Move,Resale,East,2.0,Freehold,850
6,Vadodara,390022,1,3,4533,Old Padra Road,Apartment,Unknown,Unknown,Unknown,East,2.0,Freehold,1765
7,Vadodara,390012,2,2,3043,Tandalja,Apartment,Semi-Furnished,Ready to Move,Resale,Unknown,2.0,Co-operative Society,1150
8,Vadodara,390020,4,5,6038,Akota Road,House,Semi-Furnished,Ready to Move,Resale,East,,Freehold,1325
9,Vadodara,390021,2,2,5223,Gotri,Apartment,Semi-Furnished,Ready to Move,Resale,East,1.0,Unknown,762
10,Vadodara,390022,2,2,4924,Sama Savli Road,Apartment,Furnished,Ready to Move,Resale,East,2.0,Freehold,853
11,Vadodara,390022,2,2,6000,Sama Road,Apartment,Semi-Furnished,Ready to Move,Resale,Unknown,3.0,Freehold,1000
12,Vadodara,390012,4,4,3814,Atladara,Builder Floor,Semi-Furnished,Ready to Move,Resale,West,4.0,Freehold,1180
13,Vadodara,390012,3,3,3519,Kalali,Apartment,Unfurnished,Ready to Move,Resale,East,5.0,Freehold,1080
14,Vadodara,390021,2,2,4163,Gotri,Apartment,Semi-Furnished,Ready to Move,Resale,North - East,2.0,Freehold,1225
15,Vadodara,390019,3,3,4216,New Alkapuri,Apartment,Semi-Furnished,Ready to Move,Resale,North,5.0,Freehold,1850
16,Vadodara,390022,3,3,5392,Vasna Bhayli Main Road,Apartment,Semi-Furnished,Ready to Move,Resale,East,1.0,Unknown,1020
17,Vadodara,390025,2,2,4000,Waghodia Road,Apartment,Semi-Furnished,Ready to Move,Resale,East,1.0,Freehold,750
18,Vadodara,390022,5,4,7303,Sun Pharma Road,House,Semi-Furnished,Ready to Move,Resale,East,,Freehold,1780
19,Vadodara,390022,3,4,12277,Sun Pharma Road,House,Furnished,Ready to Move,Resale,North,,Unknown,2240
20,Vadodara,390007,4,4,9796,Vasna Road,House,Furnished,Ready to Move,Resale,Unknown,,Unknown,2450
21,Vadodara,390022,2,2,3863,Panchvati,Apartment,Furnished,Ready to Move,Resale,East,1.0,Freehold,906
22,Vadodara,390022,3,3,4367,Jambuva,House,Unfurnished,Ready to Move,Resale,Unknown,1.0,Unknown,1500
23,Vadodara,390009,1,1,2092,Tarsali,Apartment,Semi-Furnished,Ready to Move,Resale,West,4.0,Freehold,741
24,Vadodara,390022,3,4,8000,Pashabhai Park,Villa,Furnished,Ready to Move,New Property,Unknown,,Co-operative Society,2000
25,Vadodara,390022,2,2,5429,New Kareli Baug,Apartment,Semi-Furnished,Ready to Move,Resale,Unknown,2.0,Unknown,700
26,Vadodara,390022,9,9,11667,Harni Road,House,Semi-Furnished,Ready to Move,Resale,North - East,,Co-operative Society,3000
27,Vadodara,390019,5,5,8929,New Alkapuri,Villa,Furnished,Ready to Move,Resale,East,,Freehold,5600
28,Vadodara,390022,2,2,8571,Makarpura Road,House,Semi-Furnished,Ready to Move,Resale,South,2.0,Freehold,1750
29,Vadodara,390007,1,1,10769,Saiyed Vasna,House,Semi-Furnished,Ready to Move,Resale,East,1.0,Freehold,650
30,Vadodara,390011,4,4,5556,Manjalpur,Apartment,Unfurnished,Ready to Move,Resale,East,3.0,Unknown,2700
31,Vadodara,390012,3,4,5769,Kalali,Villa,Furnished,Ready to Move,Resale,North,,Co-operative Society,2600
32,Vadodara,390022,2,1,4973,Rasulabad,Villa,Semi-Furnished,Ready to Move,New Property,North - East,,Freehold,915
33,Vadodara,390022,3,6,4545,Vasna Bhayli Main Road,Apartment,Unfurnished,Ready to Move,New Property,South - East,6.0,Freehold,2200
34,Vadodara,390025,2,2,3830,Waghodia Road,Apartment,Semi-Furnished,Ready to Move,Resale,Unknown,1.0,Unknown,1175
35,Vadodara,390012,2,2,3347,Atladara,Apartment,Unfurnished,Ready to Move,Resale,East,4.0,Freehold,1195
36,Vadodara,391410,2,2,5400,Bhayli,Apartment,Unfurnished,Ready to Move,Resale,Unknown,5.0,Unknown,500
37,Vadodara,390022,4,4,6316,Old Padra Road,Villa,Unfurnished,Ready to Move,Resale,North,,Freehold,1900
38,Vadodara,390022,3,3,5727,Sama Savli Road,Apartment,Semi-Furnished,Ready to Move,Resale,South -West,6.0,Freehold,1100
39,Vadodara,390007,4,4,9697,Alkapuri,Apartment,Furnished,Ready to Move,Resale,East,3.0,Freehold,1650
40,Vadodara,390025,2,2,3954,Waghodia Road,Apartment,Furnished,Ready to Move,Resale,North,5.0,Co-operative Society,784
41,Vadodara,390018,1,2,5455,Karelibaug,Apartment,Furnished,Ready to Move,Resale,Unknown,7.0,Freehold,550
42,Vadodara,391740,1,1,4149,Chhani,Apartment,Unfurnished,Ready to Move,Resale,East,3.0,Co-operative Society,723
43,Vadodara,391740,3,3,5833,Chhani,Apartment,Unfurnished,Ready to Move,Resale,West,4.0,Freehold,1200
44,Vadodara,390022,5,5,8000,Bhakti Nagar,House,Furnished,Ready to Move,Resale,Unknown,1.0,Unknown,5000
45,Vadodara,390009,2,3,3264,Tarsali,Apartment,Unfurnished,Ready to Move,Resale,East,2.0,Unknown,1440
46,Vadodara,390022,3,4,8182,Sama Road,Apartment,Furnished,Ready to Move,Resale,East,4.0,Freehold,2200
47,Vadodara,390022,2,2,2692,Dabhoi Road,House,Unfurnished,Ready to Move,Resale,Unknown,3.0,Unknown,650
48,Vadodara,390019,3,3,6300,New Alkapuri,Apartment,Furnished,Ready to Move,Resale,North,3.0,Freehold,1000
49,Vadodara,390022,3,2,6048,Old Padra Road,Villa,Furnished,Ready to Move,Resale,Unknown,,Unknown,1240
50,Vadodara,390022,3,3,8668,Vasant Vihar,Apartment,Furnished,Ready to Move,Resale,West,2.0,Freehold,1269
51,Vadodara,390022,2,2,2593,Ajwa Road,Apartment,Unfurnished,Ready to Move,Resale,Unknown,7.0,Freehold,1350
52,Vadodara,390007,2,2,6780,Alkapuri,Apartment,Furnished,Ready to Move,Resale,Unknown,3.0,Unknown,1180
53,Vadodara,390022,3,4,10448,Chhani Jakat Naka,House,Semi-Furnished,Ready to Move,Resale,East,,Freehold,1005
54,Vadodara,390022,1,1,3083,Mandvi,Apartment,Semi-Furnished,Ready to Move,Resale,Unknown,1.0,Unknown,600
55,Vadodara,390012,2,2,4222,Atladra,Apartment,Semi-Furnished,Ready to Move,Resale,East,4.0,Freehold,900
56,Vadodara,390012,4,4,10479,Atladra,Villa,Furnished,Ready to Move,Resale,West,,Freehold,1336
57,Vadodara,390019,2,2,4444,New Alkapuri,Apartment,Unfurnished,Ready to Move,New Property,West,1.0,Freehold,900
58,Vadodara,390022,2,2,3380,Nehru Chacha Nagar,Apartment,Semi-Furnished,Ready to Move,Resale,North - East,4.0,Co-operative Society,710
59,Vadodara,391770,2,2,4881,Savli,Apartment,Furnished,Ready to Move,Resale,West,3.0,Freehold,717
60,Vadodara,390022,3,3,3548,Vasna Bhayli Main Road,Apartment,Unfurnished,Ready to Move,Resale,North,6.0,Co-operative Society,1550
61,Vadodara,390022,1,1,5882,Vemali,Apartment,Semi-Furnished,Ready to Move,Resale,Unknown,2.0,Unknown,510
62,Vadodara,390022,3,3,6500,Harni Road,Apartment,Semi-Furnished,Ready to Move,Resale,East,6.0,Freehold,1000
63,Vadodara,390021,3,3,6240,Gotri,Apartment,Furnished,Ready to Move,Resale,East,5.0,Unknown,1250
64,Vadodara,390022,2,2,2919,Pashabhai Park,Apartment,Semi-Furnished,Ready to Move,Resale,Unknown,2.0,Freehold,925
65,Vadodara,390022,2,2,7545,Harni Road,House,Semi-Furnished,Ready to Move,Resale,East,,Co-operative Society,2200
66,Vadodara,390025,2,2,5368,Waghodia Road,Apartment,Unfurnished,Ready to Move,Resale,North - West,7.0,Unknown,950
67,Vadodara,390022,5,5,3521,Sama Savli Road,Apartment,Unfurnished,Ready to Move,Resale,Unknown,9.0,Unknown,3550
68,Vadodara,390022,2,2,1997,Undera,House,Furnished,Ready to Move,Resale,Unknown,5.0,Freehold,1252
69,Vadodara,390012,1,3,2427,Atladara,Apartment,Unknown,Ready to Move,Resale,Unknown,,Unknown,1566
70,Vadodara,390022,5,4,8485,Sama Savli Road,House,Furnished,Ready to Move,Resale,East,,Freehold,3300
71,Vadodara,390012,1,2,5909,Tandalja,Villa,Semi-Furnished,Ready to Move,Resale,Unknown,,Freehold,1100
72,Vadodara,390022,3,3,6818,Sayajigunj,House,Semi-Furnished,Ready to Move,Resale,Unknown,,Unknown,2200
73,Vadodara,390021,2,2,4000,Gotri,Apartment,Furnished,Ready to Move,Resale,Unknown,7.0,Unknown,900
74,Vadodara,390012,2,2,4000,Atladra,Apartment,Semi-Furnished,Ready to Move,Resale,East,1.0,Freehold,750
75,Vadodara,391410,3,3,4505,Bhayli,Apartment,Semi-Furnished,Ready to Move,Resale,East,4.0,Unknown,910
76,Vadodara,390022,2,3,2857,New Kareli Baug,Apartment,Unfurnished,Ready to Move,Resale,North - West,3.0,Co-operative Society,1470
77,Vadodara,391410,2,2,3525,Bhayli,Apartment,Semi-Furnished,Ready to Move,Resale,North - East,3.0,Unknown,1305
78,Vadodara,390022,2,2,4267,Kendranagar,Apartment,Semi-Furnished,Ready to Move,Resale,East,3.0,Freehold,750
79,Vadodara,390025,3,3,6207,Waghodia Road,House,Semi-Furnished,Ready to Move,Resale,Unknown,,Unknown,1450
80,Vadodara,390025,2,2,3048,Waghodia Road,Apartment,Semi-Furnished,Ready to Move,Resale,East,5.0,Freehold,1050
81,Vadodara,390022,3,3,7783,Old Padra Road,Villa,Furnished,Ready to Move,Resale,Unknown,,Freehold,2120
82,Vadodara,390009,2,2,5140,Tarsali,Apartment,Furnished,Ready to Move,Resale,Unknown,2.0,Power Of Attorney,642
83,Vadodara,390021,3,3,4181,Gotri,Apartment,Semi-Furnished,Ready to Move,Resale,East,2.0,Co-operative Society,1435
84,Vadodara,390012,2,2,2294,Kalali,Apartment,Furnished,Ready to Move,Resale,Unknown,3.0,Unknown,1090
85,Vadodara,390022,4,4,5804,Vasna Bhayli Main Road,Apartment,Unfurnished,Ready to Move,Resale,East,5.0,Freehold,1568
86,Vadodara,390019,6,5,14000,New Alkapuri,House,Furnished,Ready to Move,Resale,East,,Freehold,7500
87,Vadodara,390021,2,2,3315,Gotri,Apartment,Unfurnished,Ready to Move,Resale,Unknown,5.0,Unknown,905
88,Vadodara,390022,2,2,6963,Sama Savli Road,Apartment,Furnished,Ready to Move,New Property,East,3.0,Freehold,675
89,Vadodara,390024,4,4,2353,Sama,Penthouse,Furnished,Ready to Move,Resale,Unknown,4.0,Unknown,3400
90,Vadodara,390011,2,3,5913,Manjalpur,Apartment,Furnished,Ready to Move,Resale,Unknown,3.0,Unknown,1150
91,Vadodara,390022,3,3,7699,Ankhol,House,Unfurnished,Ready to Move,Resale,South,,Unknown,1130
92,Vadodara,390007,3,3,4722,Vasna Road,Apartment,Furnished,Ready to Move,Resale,North,3.0,Co-operative Society,1800
93,Vadodara,390002,2,2,6429,Diwalipura,Apartment,Furnished,Ready to Move,Resale,East,2.0,Freehold,700
94,Vadodara,390022,3,3,13556,Vasna Bhayli Main Road,House,Furnished,Ready to Move,Resale,Unknown,,Unknown,2213
95,Vadodara,390022,3,3,6122,Vasna Bhayli Main Road,Apartment,Furnished,Ready to Move,New Property,Unknown,1.0,Freehold,980
96,Vadodara,390009,2,2,6055,Tarsali,Apartment,Furnished,Ready to Move,Resale,East,4.0,Freehold,578
97,Vadodara,390022,3,3,6182,Harni,Apartment,Semi-Furnished,Ready to Move,Resale,East,5.0,Freehold,1100
98,Vadodara,390025,4,4,7733,Waghodia Road,House,Semi-Furnished,Ready to Move,Resale,Unknown,,Unknown,2250
99,Vadodara,390011,1,1,3556,Manjalpur,Apartment,Semi-Furnished,Ready to Move,Resale,Unknown,3.0,Unknown,450
100,Vadodara,390022,3,3,4543,Vasna Bhayli Main Road,Apartment,Furnished,Ready to Move,Resale,Unknown,3.0,Unknown,1871
101,Vadodara,390012,3,3,6884,Tandalja,Apartment,Furnished,Ready to Move,Resale,South - East,3.0,Co-operative Society,1380
102,Vadodara,391410,2,2,3571,Bhayli,Apartment,Furnished,Ready to Move,Resale,East,4.0,Freehold,700
103,Vadodara,390018,1,1,2182,Karelibaug,Apartment,Unfurnished,Ready to Move,Resale,East,5.0,Unknown,550
104,Vadodara,390007,2,2,4176,Vasna Road,Apartment,Semi-Furnished,Ready to Move,Resale,West,3.0,Freehold,910
105,Vadodara,391740,3,3,5934,Chhani,Apartment,Semi-Furnished,Ready to Move,Resale,Unknown,6.0,Unknown,910
106,Vadodara,390009,2,2,2976,Tarsali,Apartment,Furnished,Ready to Move,Resale,Unknown,3.0,Unknown,840
107,Vadodara,390022,2,4,7778,Dandia Bazar,House,Semi-Furnished,Ready to Move,New Property,North,,Freehold,900
108,Vadodara,391410,2,2,2419,Bhayli,Apartment,Semi-Furnished,Ready to Move,Resale,Unknown,3.0,Unknown,1075
109,Vadodara,391740,2,2,4118,Chhani,Apartment,Furnished,Ready to Move,Resale,West,3.0,Freehold,850
110,Vadodara,391101,3,3,6278,Sevasi,Apartment,Semi-Furnished,Ready to Move,Resale,Unknown,1.0,Unknown,900
111,Vadodara,390002,1,1,3667,Fatehgunj,Apartment,Semi-Furnished,Ready to Move,Resale,East,2.0,Freehold,450
112,Vadodara,390022,3,3,3125,Harni,Apartment,Furnished,Ready to Move,Resale,East,4.0,Freehold,1440
113,Vadodara,390025,3,3,6400,Waghodia Road,House,Semi-Furnished,Ready to Move,Resale,East,,Leasehold,1250
114,Vadodara,390022,2,2,5833,Bhayli Road,Apartment,Furnished,Ready to Move,New Property,East,5.0,Freehold,600
115,Vadodara,390021,5,5,9500,Gotri,House,Furnished,Ready to Move,Resale,North - West,,Power Of Attorney,2000
116,Vadodara,391101,2,2,4375,Sevasi,Apartment,Unfurnished,Ready to Move,Resale,Unknown,6.0,Unknown,640
117,Vadodara,390022,2,2,3093,Hari nagar,Apartment,Unfurnished,Ready to Move,Resale,East,1.0,Freehold,970
118,Vadodara,390022,5,5,13942,Bhayli Road,Villa,Furnished,Ready to Move,Resale,North,,Freehold,5200
119,Vadodara,390022,2,4,7273,Gorwa Road,House,Semi-Furnished,Ready to Move,Resale,East,,Freehold,1650
120,Vadodara,390021,3,3,5721,Gotri,Apartment,Furnished,Ready to Move,Resale,East,11.0,Unknown,2080
121,Vadodara,390023,2,3,8500,Subhanpura,House,Furnished,Ready to Move,Resale,North - East,,Freehold,1000
122,Vadodara,391410,3,3,7353,Bhayli,Apartment,Furnished,Ready to Move,Resale,Unknown,1.0,Unknown,1700
123,Vadodara,391740,2,2,2778,Chhani,Apartment,Furnished,Ready to Move,Resale,East,1.0,Leasehold,1080
124,Vadodara,390022,2,2,3200,Bill,Apartment,Unfurnished,Ready to Move,Resale,East,3.0,Freehold,750
125,Vadodara,390022,2,3,2569,Khatamba,House,Semi-Furnished,Unknown,Resale,Unknown,,Unknown,1600
126,Vadodara,390022,3,3,2565,Amodar,House,Unfurnished,Unknown,Resale,Unknown,,Unknown,1185
127,Vadodara,390022,3,3,2569,Amodar,House,Furnished,Unknown,Resale,Unknown,,Unknown,1300
128,Vadodara,390022,1,2,1910,Babajipura,Apartment,Unfurnished,Unknown,Resale,Unknown,,Unknown,775
129,Vadodara,390012,2,2,2762,Atladra,Apartment,Semi-Furnished,Ready to Move,Resale,Unknown,2.0,Freehold,1195
130,Vadodara,390021,2,2,4266,Gotri,Apartment,Semi-Furnished,Ready to Move,Resale,North,1.0,Power Of Attorney,668
131,Vadodara,390022,2,4,8333,Khodiyar Nagar,House,Unfurnished,Ready to Move,Resale,Unknown,2.0,Unknown,1200
132,Vadodara,390012,2,2,2676,Kalali,Apartment,Semi-Furnished,Ready to Move,Resale,Unknown,3.0,Freehold,1196
133,Vadodara,390021,2,2,3333,Gotri,Apartment,Furnished,Ready to Move,New Property,Unknown,3.0,Freehold,1200
134,Vadodara,390022,3,3,3321,Suryanagar,Penthouse,Furnished,Ready to Move,Resale,East,4.0,Freehold,1400
135,Vadodara,390022,3,3,6138,Vemali,Penthouse,Semi-Furnished,Ready to Move,Resale,Unknown,4.0,Unknown,896
136,Vadodara,390007,3,3,5288,Vasna Road,Apartment,Furnished,Ready to Move,Resale,East,6.0,Freehold,1040
137,Vadodara,390022,2,2,6840,Sama Savli Road,Apartment,Furnished,Ready to Move,Resale,Unknown,2.0,Freehold,731
138,Vadodara,390022,1,1,2000,Shree nathji flat mandvi vadodara,Apartment,Unfurnished,Ready to Move,Resale,East,3.0,Freehold,650
139,Vadodara,390022,2,2,5641,Makar Pura,House,Unfurnished,Ready to Move,Resale,Unknown,1.0,Unknown,1950
140,Vadodara,390022,4,4,6086,Bill,Villa,Unfurnished,Ready to Move,Resale,Unknown,,Freehold,3040
141,Vadodara,390009,3,3,4194,Tarsali,Villa,Furnished,Ready to Move,Resale,East,,Freehold,3600
142,Vadodara,390022,4,3,5500,Old Padra Road,House,Unfurnished,Ready to Move,Resale,East,,Freehold,2000
143,Vadodara,390022,2,3,4086,Khodiyar Nagar,Penthouse,Semi-Furnished,Ready to Move,Resale,West,5.0,Freehold,1346
144,Vadodara,390025,3,3,7586,Waghodia Road,House,Furnished,Ready to Move,Resale,East,,Freehold,1015
145,Vadodara,390021,2,2,2264,Gotri,Apartment,Unfurnished,Ready to Move,Resale,Unknown,3.0,Co-operative Society,1038
146,Vadodara,390022,3,3,2568,Khatamba,House,Semi-Furnished,Unknown,Resale,Unknown,,Unknown,1250
147,Vadodara,390022,1,2,1906,Nani Bapod,Apartment,Semi-Furnished,Unknown,Resale,Unknown,,Unknown,850
148,Vadodara,390022,1,1,2400,Babajipura,Builder Floor,Unfurnished,Unknown,Resale,Unknown,,Unknown,750
149,Vadodara,390022,8,10,8146,Makarpura Road,House,Furnished,Ready to Move,Resale,West,3.0,Co-operative Society,4800
150,Vadodara,390022,2,4,3911,Shanti Nagar,Villa,Semi-Furnished,Unknown,Resale,Unknown,,Unknown,1350
151,Vadodara,390022,2,2,1910,Anandvan Society,Apartment,Semi-Furnished,Unknown,Resale,Unknown,,Unknown,1000
152,Vadodara,390002,3,3,5986,Diwalipura,Builder Floor,Unfurnished,Ready to Move,Resale,Unknown,3.0,Freehold,1420
153,Vadodara,390022,2,2,2938,Bhayli Road,Apartment,Semi-Furnished,Ready to Move,Resale,Unknown,3.0,Unknown,1120
154,Vadodara,391410,3,3,5143,Bhayli,Apartment,Furnished,Ready to Move,Resale,Unknown,6.0,Unknown,1400
155,Vadodara,391101,3,3,3060,Sevasi,Apartment,Unfurnished,Ready to Move,Resale,Unknown,4.0,Freehold,3105
156,Vadodara,390025,2,2,4658,Waghodia Road,Apartment,Furnished,Ready to Move,Resale,Unknown,2.0,Unknown,966
157,Vadodara,390012,2,3,3516,Kalali,Apartment,Furnished,Ready to Move,Resale,Unknown,5.0,Unknown,1280
158,Vadodara,390012,2,2,5231,Kalali,Apartment,Furnished,Ready to Move,Resale,East,5.0,Freehold,650
159,Vadodara,390019,4,4,13396,New Alkapuri,House,Furnished,Ready to Move,Resale,Unknown,,Unknown,1605
160,Vadodara,390022,3,3,11111,Vasna Bhayli Main Road,Villa,Semi-Furnished,Ready to Move,Resale,Unknown,,Unknown,1350
161,Vadodara,390012,4,3,5561,Kalali,Apartment,Unfurnished,Ready to Move,Resale,North - East,8.0,Freehold,1115
162,Vadodara,390021,3,3,6940,Gotri,Apartment,Furnished,Ready to Move,Resale,Unknown,9.0,Unknown,1585
163,Vadodara,390022,4,4,7353,Suvarnapuri SOCIETY,Penthouse,Semi-Furnished,Unknown,Resale,East,3.0,Freehold,3400
164,Vadodara,390007,3,3,7214,Vasna Road,Apartment,Furnished,Ready to Move,Resale,North,1.0,Freehold,1400
165,Vadodara,390007,3,4,8587,Vasna Road,Apartment,Furnished,Ready to Move,Resale,North - East,2.0,Freehold,1281
166,Vadodara,390022,3,3,3750,Nani Bapod,House,Semi-Furnished,Ready to Move,Resale,Unknown,,Unknown,1200
167,Vadodara,390025,1,1,3690,Waghodia Road,Builder Floor,Furnished,Unknown,New Property,South - East,4.0,Freehold,420
168,Vadodara,390023,2,2,5538,Subhanpura,Apartment,Semi-Furnished,Ready to Move,Resale,East,3.0,Freehold,650
169,Vadodara,390025,3,3,5250,Waghodia Road,House,Unfurnished,Ready to Move,Resale,East,,Unknown,800
170,Vadodara,390022,3,3,9929,Karelibagh,House,Furnished,Ready to Move,Resale,East,,Freehold,1400
171,Vadodara,391410,4,4,6071,Bhayli,Apartment,Unfurnished,Poss. by May &#x27;28,New Property,Unknown,,Unknown,1527
172,Vadodara,391410,2,2,5973,Bhayli,Apartment,Unfurnished,Ready to Move,New Property,Unknown,,Unknown,904
173,Vadodara,390012,3,3,6131,Atladara,Apartment,Unfurnished,Poss. by Dec &#x27;28,New Property,Unknown,,Unknown,1070
174,Vadodara,390012,3,3,5386,Atladara,Apartment,Unfurnished,Poss. by Apr &#x27;29,New Property,Unknown,,Unknown,1114
175,Vadodara,391410,4,5,12700,Bhayli,Villa,Unfurnished,Poss. by Dec &#x27;31,New Property,Unknown,,Unknown,4000
176,Vadodara,391101,4,4,6364,Sevasi,Apartment,Unfurnished,Poss. by Dec &#x27;26,New Property,Unknown,,Unknown,2200
177,Vadodara,390022,3,3,4789,Sama Savli Road,Apartment,Unfurnished,Poss. by Jun &#x27;27,New Property,Unknown,,Unknown,1044
178,Vadodara,390022,5,4,6476,Ankhol,Villa,Unfurnished,Poss. by Dec &#x27;29,New Property,Unknown,,Unknown,1714
179,Vadodara,390011,3,3,6746,Manjalpur,Apartment,Unfurnished,Poss. by Dec &#x27;26,New Property,Unknown,,Unknown,1423
180,Vadodara,390018,4,4,8537,Karelibaug,Apartment,Unfurnished,Ready to Move,New Property,Unknown,,Unknown,2085
181,Vadodara,390012,5,5,12803,Atladra,Villa,Unfurnished,Ready to Move,New Property,Unknown,,Unknown,1195
182,Vadodara,390025,3,3,4828,Waghodia Road,Apartment,Unfurnished,Poss. by Jun &#x27;27,New Property,Unknown,,Unknown,1160
183,Vadodara,390022,3,3,6529,Harni,Apartment,Unfurnished,Poss. by Dec &#x27;26,New Property,Unknown,,Unknown,1501
184,Vadodara,391410,4,4,6780,Bhayli,Apartment,Unfurnished,Poss. by Dec &#x27;26,New Property,Unknown,,Unknown,2065
185,Vadodara,390022,3,3,5589,Harni,Apartment,Unfurnished,Ready to Move,New Property,Unknown,,Unknown,1163
186,Vadodara,390011,3,3,5634,Manjalpur,Apartment,Unfurnished,Poss. by Dec &#x27;26,New Property,Unknown,,Unknown,1065
187,Vadodara,390025,3,3,3444,Waghodia Road,Apartment,Unfurnished,Poss. by Dec &#x27;26,New Property,Unknown,,Unknown,1800
188,Vadodara,390021,4,4,6238,Gotri,Apartment,Unfurnished,Poss. by Dec &#x27;29,New Property,Unknown,,Unknown,2164
189,Vadodara,390011,5,5,7654,Manjalpur,Villa,Unfurnished,Ready to Move,New Property,Unknown,,Unknown,2025
190,Vadodara,391410,4,4,8708,Bhayli,Apartment,Unfurnished,Poss. by Mar &#x27;28,New Property,Unknown,,Unknown,2400
191,Vadodara,390007,4,4,9029,Alkapuri,Apartment,Unfurnished,Ready to Move,New Property,Unknown,,Unknown,1628
192,Vadodara,390022,3,3,6614,Harni,Apartment,Unfurnished,Poss. by Nov &#x27;26,New Property,Unknown,,Unknown,1512
193,Vadodara,390022,3,3,5221,Vasna Bhayli Main Road,Apartment,Unfurnished,Ready to Move,New Property,Unknown,,Unknown,952
194,Vadodara,390007,3,3,6153,Vasna Road,Apartment,Unfurnished,Poss. by Dec &#x27;30,New Property,Unknown,,Unknown,1240
195,Vadodara,390022,4,4,13200,Nilambar Oriens atladra,House,Furnished,Ready to Move,Resale,Unknown,,Unknown,1250
196,Vadodara,391410,2,3,5424,Bhayli,Apartment,Furnished,Ready to Move,Resale,Unknown,5.0,Unknown,931
197,Vadodara,391740,3,3,3067,Chhani,Apartment,Unfurnished,Ready to Move,Resale,East,5.0,Freehold,2119
198,Vadodara,390022,3,3,7652,Harni,Apartment,Semi-Furnished,Ready to Move,New Property,East,1.0,Freehold,1150
199,Vadodara,390012,2,2,4308,Atladra,Apartment,Furnished,Ready to Move,Resale,East,3.0,Freehold,650
200,Vadodara,390022,2,3,4829,Sama Road,Apartment,Furnished,Ready to Move,Resale,Unknown,4.0,Freehold,1346
201,Vadodara,391410,2,2,3600,Bhayli,Apartment,Furnished,Ready to Move,Resale,Unknown,2.0,Unknown,750
202,Vadodara,390021,4,4,4474,Gotri,House,Semi-Furnished,Ready to Move,Resale,East,,Co-operative Society,1900
203,Vadodara,390012,2,3,3200,Kalali,Apartment,Semi-Furnished,Ready to Move,Resale,West,2.0,Freehold,1250
204,Vadodara,391410,3,3,4100,Bhayli,Apartment,Semi-Furnished,Ready to Move,Resale,Unknown,3.0,Unknown,1000
205,Vadodara,391410,4,4,6148,Bhayli,Apartment,Unfurnished,Poss. by Aug &#x27;26,New Property,Unknown,,Unknown,1903
206,Vadodara,390012,3,3,5333,Atladra,Apartment,Unfurnished,Poss. by Jun &#x27;28,New Property,Unknown,,Unknown,900
207,Vadodara,390022,2,2,4229,Nani Bapod,Apartment,Unfurnished,Poss. by Dec &#x27;30,New Property,Unknown,,Unknown,532
208,Vadodara,390022,4,4,7031,Karjan,Penthouse,Unfurnished,Poss. by Jan &#x27;27,New Property,Unknown,,Unknown,1280
209,Vadodara,390002,3,3,7222,Fatehgunj,Apartment,Unfurnished,Ready to Move,Resale,East,4.0,Freehold,900
210,Vadodara,390022,3,3,4912,Gotri Sevasi Road,Apartment,Unfurnished,Ready to Move,New Property,East,6.0,Freehold,1018
211,Vadodara,390022,3,3,5365,Harni,Apartment,Unfurnished,Ready to Move,Resale,East,6.0,Unknown,1286
212,Vadodara,390021,2,2,2040,Gotri,Apartment,Unfurnished,Ready to Move,Resale,East,5.0,Freehold,1250
213,Vadodara,390022,3,3,4509,Vasna Bhayli Main Road,Apartment,Semi-Furnished,Ready to Move,Resale,South - East,7.0,Co-operative Society,998
214,Vadodara,390012,2,2,5241,Atladra,Apartment,Semi-Furnished,Ready to Move,Resale,Unknown,4.0,Unknown,725
215,Vadodara,390019,2,2,4224,New Alkapuri,Apartment,Semi-Furnished,Ready to Move,Resale,South - East,2.0,Co-operative Society,947
216,Vadodara,390022,2,2,4375,New VIP Road Baikunth,Apartment,Semi-Furnished,Ready to Move,Resale,East,4.0,Unknown,800
217,Vadodara,390022,2,2,3802,Jambuva,Apartment,Unfurnished,Ready to Move,Resale,Unknown,1.0,Unknown,655
218,Vadodara,390022,2,2,6355,Vadsar,Apartment,Semi-Furnished,Ready to Move,Resale,Unknown,4.0,Unknown,535
219,Vadodara,390022,3,3,6087,Ananta Shubhlabh,House,Unfurnished,Ready to Move,Resale,Unknown,,Unknown,690
220,Vadodara,390022,3,4,9322,Sun Pharma Road,House,Semi-Furnished,Ready to Move,Resale,East,,Freehold,1770
221,Vadodara,390022,1,2,3846,Dandia Bazar,Apartment,Unknown,Ready to Move,Resale,Unknown,,Unknown,624
222,Vadodara,390022,1,1,6000,Dabhoi Road,Apartment,Semi-Furnished,Ready to Move,Resale,East,3.0,Freehold,300
223,Vadodara,390025,5,4,4636,Waghodia Road,Villa,Unfurnished,Ready to Move,Resale,South - East,,Co-operative Society,3430
224,Vadodara,390012,2,2,4194,Atladra,Apartment,Semi-Furnished,Ready to Move,Resale,North - East,4.0,Leasehold,620
225,Vadodara,390022,3,3,4667,Vasna Bhayli Main Road,Apartment,Semi-Furnished,Ready to Move,Resale,Unknown,2.0,Co-operative Society,750
226,Vadodara,391740,2,2,17500,Chhani,Apartment,Semi-Furnished,Ready to Move,New Property,North - East,4.0,Freehold,1200
227,Vadodara,391740,2,2,3556,Chhani,Apartment,Unfurnished,Ready to Move,Resale,East,3.0,Leasehold,900
228,Vadodara,390007,2,2,4118,Vasna Road,Apartment,Unfurnished,Ready to Move,Resale,Unknown,3.0,Unknown,850
229,Vadodara,390020,3,3,4483,Akota,Apartment,Unfurnished,Ready to Move,Resale,East,3.0,Freehold,1450
230,Vadodara,390022,2,3,9375,Vraj Dham Society,House,Unfurnished,Ready to Move,Resale,East,,Freehold,800
231,Vadodara,390025,4,4,10000,Waghodia Road,Villa,Unfurnished,Ready to Move,New Property,West,,Freehold,2000
232,Vadodara,391440,2,2,3333,Padra,Apartment,Unfurnished,Ready to Move,Resale,North - East,3.0,Freehold,600
233,Vadodara,390025,1,2,2769,Waghodia Road,Penthouse,Unknown,Ready to Move,Resale,Unknown,,Unknown,1600
234,Vadodara,390012,2,2,4062,Atladra,Apartment,Unfurnished,Ready to Move,Resale,North,2.0,Freehold,800
235,Vadodara,390012,4,3,3840,Kalali,Apartment,Semi-Furnished,Ready to Move,Resale,Unknown,11.0,Unknown,1914
236,Vadodara,390022,3,3,3393,Sun Pharma Road,Penthouse,Furnished,Ready to Move,Resale,East,4.0,Freehold,1400
237,Vadodara,390022,1,3,2308,Dandia Bazar,Builder Floor,Semi-Furnished,Ready to Move,Resale,East,3.0,Unknown,650
238,Vadodara,390022,3,3,6842,Old Padra Road,Apartment,Furnished,Ready to Move,Resale,West,6.0,Freehold,760
239,Vadodara,390022,3,3,4576,Vemali,Penthouse,Unfurnished,Ready to Move,Resale,North,5.0,Freehold,1180
240,Vadodara,390022,1,2,3360,Samiyala,Apartment,Semi-Furnished,Ready to Move,Resale,Unknown,3.0,Unknown,625
241,Vadodara,390022,2,3,5053,Bapod,House,Unfurnished,Ready to Move,Resale,East,,Co-operative Society,1425
242,Vadodara,390022,3,3,3917,Dabhoi,House,Unfurnished,Ready to Move,Resale,Unknown,,Unknown,1200
243,Vadodara,390020,2,2,4500,Akota,Apartment,Semi-Furnished,Ready to Move,Resale,East,3.0,Freehold,1000
244,Vadodara,390022,3,3,3214,Vasna Bhayli Main Road,Penthouse,Semi-Furnished,Ready to Move,Resale,East,5.0,Freehold,1400
245,Vadodara,390022,2,3,3333,Sayajipura,Builder Floor,Semi-Furnished,Ready to Move,Resale,Unknown,1.0,Unknown,1200
246,Vadodara,390022,2,2,6552,Sindhrot,Villa,Furnished,Ready to Move,Resale,Unknown,,Freehold,1450
247,Vadodara,390022,1,1,2000,Goya gate society,Apartment,Semi-Furnished,Ready to Move,Resale,Unknown,2.0,Unknown,800
248,Vadodara,391101,3,3,9800,Sevasi,Apartment,Furnished,Ready to Move,Resale,East,10.0,Freehold,1500
249,Vadodara,390009,3,3,8000,Tarsali,House,Semi-Furnished,Ready to Move,Resale,Unknown,,Unknown,1000
250,Vadodara,390020,3,3,8021,Akota,House,Furnished,Ready to Move,Resale,East,,Freehold,1870
251,Vadodara,390022,3,3,5537,Sama Savli Road,Apartment,Semi-Furnished,Ready to Move,Resale,East,7.0,Freehold,1174
252,Vadodara,390022,2,4,8095,Pushpak Township,House,Semi-Furnished,Ready to Move,Resale,Unknown,,Unknown,1050
253,Vadodara,390022,1,1,2000,Kendranagar,Apartment,Unfurnished,Ready to Move,Resale,Unknown,2.0,Unknown,750
254,Vadodara,390022,3,7,4545,Navapura,House,Semi-Furnished,Ready to Move,Resale,East,,Freehold,2200
255,Vadodara,390022,3,3,3571,Dak Bunglaw,Apartment,Furnished,Const. Age 5 to 10 years,Unknown,East,3.0,Unknown,1400
256,Vadodara,390022,1,2,3350,Makar Pura,Apartment,Unknown,Ready to Move,Resale,Unknown,,Unknown,985
257,Vadodara,390022,2,2,4385,Baroda heights manjalpur,Apartment,Semi-Furnished,Ready to Move,Resale,East,12.0,Freehold,650
258,Vadodara,391740,1,3,4000,Chhani,Apartment,Unknown,Ready to Move,Resale,Unknown,,Unknown,2500
259,Vadodara,390022,2,2,3562,Makar Pura,Apartment,Unfurnished,Ready to Move,Resale,South,1.0,Freehold,800
260,Vadodara,390002,2,2,6102,Nizampura,House,Unfurnished,Ready to Move,Resale,Unknown,,Unknown,1180
261,Vadodara,390022,1,2,9375,Shubh Residency Ratanpur Village Near Kapurai Choukry,House,Semi-Furnished,Ready to Move,Resale,Unknown,,Unknown,800
262,Vadodara,390025,3,4,4600,Waghodia Road,House,Semi-Furnished,Ready to Move,Resale,Unknown,,Unknown,2500
263,Vadodara,390025,2,2,4500,Waghodia Road,Apartment,Semi-Furnished,Ready to Move,Resale,West,3.0,Freehold,1000
264,Vadodara,391101,3,4,4668,Sevasi,Apartment,Unfurnished,Ready to Move,Resale,North - East,6.0,Unknown,1264
265,Vadodara,390023,1,2,2556,Subhanpura,Builder Floor,Semi-Furnished,Ready to Move,Resale,East,3.0,Freehold,900
266,Vadodara,390012,3,3,4946,Kalali,Penthouse,Unfurnished,Ready to Move,Resale,East,4.0,Co-operative Society,930
267,Vadodara,390022,2,3,3983,Danteshwar,Apartment,Semi-Furnished,Ready to Move,Resale,Unknown,1.0,Co-operative Society,1180
268,Vadodara,390022,3,3,11423,Sama Savli Road,Apartment,Furnished,Ready to Move,Resale,Unknown,2.0,Unknown,963
269,Vadodara,391440,2,2,3125,Padra,Apartment,Unfurnished,Ready to Move,Resale,Unknown,6.0,Unknown,800
270,Vadodara,390022,2,2,7000,Harni,Apartment,Furnished,Ready to Move,Resale,Unknown,1.0,Unknown,700
271,Vadodara,390022,3,3,3333,New VIP Road Baikunth,Apartment,Furnished,Ready to Move,Resale,Unknown,2.0,Unknown,1650
272,Vadodara,390022,3,3,3889,Vasna Bhayli Main Road,Apartment,Furnished,Ready to Move,Resale,East,3.0,Freehold,1800
273,Vadodara,390022,2,2,6500,VIP Road,Apartment,Semi-Furnished,Ready to Move,Resale,Unknown,1.0,Unknown,800
274,Vadodara,390007,2,3,3444,Vasna Road,Apartment,Semi-Furnished,Ready to Move,Resale,Unknown,3.0,Unknown,1800
275,Vadodara,390022,3,3,3824,Vasna Bhayli Main Road,Apartment,Unfurnished,Ready to Move,Resale,Unknown,6.0,Freehold,1700
276,Vadodara,391410,5,5,3889,Bhayli,Penthouse,Unfurnished,Ready to Move,Resale,Unknown,5.0,Unknown,2700
277,Vadodara,390012,2,2,5625,Tandalja,Apartment,Furnished,Ready to Move,Resale,Unknown,3.0,Unknown,800
278,Vadodara,390022,3,4,4375,Ajwa Road,House,Semi-Furnished,Ready to Move,Resale,West,,Freehold,1600
279,Vadodara,390022,2,2,3480,Sama Savli Road,Apartment,Unfurnished,Ready to Move,Resale,East,3.0,Freehold,1250
280,Vadodara,390022,3,3,3412,New VIP Road Baikunth,Apartment,Unfurnished,Ready to Move,Resale,South -West,5.0,Freehold,850
281,Vadodara,390022,5,6,8835,Vasna Bhayli Main Road,Villa,Furnished,Ready to Move,Resale,East,,Co-operative Society,8500
282,Vadodara,390025,2,2,4559,Waghodia,Apartment,Semi-Furnished,Ready to Move,Resale,Unknown,4.0,Unknown,680
283,Vadodara,390022,2,2,3600,Makar Pura,Apartment,Unfurnished,Ready to Move,Resale,East,5.0,Freehold,750
284,Vadodara,390009,2,2,3077,Tarsali,Apartment,Furnished,Ready to Move,Resale,Unknown,2.0,Leasehold,780
285,Vadodara,390002,2,2,3553,Soma Talav,Apartment,Furnished,Ready to Move,Resale,East,3.0,Freehold,760
286,Vadodara,390022,3,5,9000,Warasiya,Villa,Furnished,Ready to Move,New Property,Unknown,,Freehold,1000
287,Vadodara,390022,3,4,6122,Padra Road,House,Furnished,Ready to Move,Resale,East,,Freehold,1960
288,Vadodara,390009,3,3,6972,Tarsali,Villa,Unfurnished,Ready to Move,Resale,East,,Freehold,1004
289,Vadodara,390022,1,2,6000,Dandia Bazar,Apartment,Unfurnished,Ready to Move,Resale,East,1.0,Co-operative Society,650
290,Vadodara,390012,3,3,1644,Kalali,Apartment,Semi-Furnished,Ready to Move,Resale,East,4.0,Co-operative Society,2190
291,Vadodara,390012,2,2,3820,Atladra,Apartment,Semi-Furnished,Ready to Move,Resale,Unknown,3.0,Unknown,1178
292,Vadodara,390022,3,3,5455,Shashvat Flats,Apartment,Semi-Furnished,Ready to Move,Resale,East,2.0,Freehold,1100
293,Vadodara,390012,2,2,2348,Atladra,Apartment,Unfurnished,Ready to Move,Resale,East,2.0,Unknown,1150
294,Vadodara,390022,1,2,2696,Vasna Bhayli Main Road,Apartment,Unknown,Ready to Move,Resale,Unknown,,Unknown,1150
295,Vadodara,390022,2,2,5204,Vasna Bhayli Main Road,Apartment,Furnished,Ready to Move,Resale,Unknown,3.0,Unknown,980
296,Vadodara,389350,3,6,3448,Halol,House,Furnished,Ready to Move,Resale,Unknown,1.0,Unknown,2030
297,Vadodara,390022,1,1,2800,Kevdabaug,Builder Floor,Semi-Furnished,Ready to Move,Resale,Unknown,4.0,Unknown,750
298,Vadodara,390022,2,2,4702,Maneja,Apartment,Semi-Furnished,Ready to Move,Resale,East,5.0,Freehold,638
299,Vadodara,390023,2,2,15556,Subhanpura,Apartment,Furnished,Ready to Move,Resale,Unknown,2.0,Unknown,1800
300,Vadodara,390012,3,3,8333,Atladra,Villa,Furnished,Ready to Move,Resale,East,,Unknown,1200
301,Vadodara,390022,4,4,6790,Kalali Road,Villa,Unfurnished,Ready to Move,Resale,Unknown,,Unknown,1620
302,Vadodara,390012,3,4,5833,Kalali,House,Semi-Furnished,Ready to Move,Resale,Unknown,2.0,Unknown,3000
303,Vadodara,390022,3,3,7732,Padra Road,House,Semi-Furnished,Ready to Move,Resale,Unknown,,Freehold,970
304,Vadodara,390022,4,4,16602,Makar Pura,House,Furnished,Ready to Move,Resale,North,,Freehold,1030
305,Vadodara,391740,2,2,4651,Chhani,Apartment,Unfurnished,Ready to Move,Resale,South,8.0,Freehold,860
306,Vadodara,390022,2,3,3684,Bill,Apartment,Semi-Furnished,Ready to Move,Resale,North - East,3.0,Freehold,760
307,Vadodara,390022,2,2,5462,Sayajigunj,Apartment,Semi-Furnished,Ready to Move,Resale,Unknown,4.0,Unknown,650
308,Vadodara,390022,3,3,4062,Sun Pharma Road,Apartment,Semi-Furnished,Ready to Move,Resale,Unknown,2.0,Unknown,1600
309,Vadodara,390025,3,3,12000,Waghodia Road,Villa,Furnished,Ready to Move,Resale,Unknown,,Unknown,1250
310,Vadodara,390007,2,2,3840,Vasna Road,Apartment,Furnished,Ready to Move,Resale,East,1.0,Freehold,1250
311,Vadodara,390023,2,2,3263,Subhanpura,Apartment,Unfurnished,Ready to Move,Resale,South,2.0,Freehold,950
312,Vadodara,390022,3,4,7609,near cross ward,House,Unfurnished,Ready to Move,Resale,Unknown,,Unknown,4600
313,Vadodara,390022,3,3,4104,Laxmipura Road,Apartment,Furnished,Ready to Move,Resale,Unknown,4.0,Unknown,999
314,Vadodara,390012,2,2,2980,Kalali,Apartment,Furnished,Ready to Move,Resale,Unknown,3.0,Unknown,990
315,Vadodara,390022,4,4,8427,Sun Pharma Road,Villa,Unfurnished,Ready to Move,Resale,Unknown,,Unknown,1780
316,Vadodara,390002,1,1,4800,Diwalipura,Apartment,Semi-Furnished,Ready to Move,Resale,East,2.0,Unknown,375
317,Vadodara,390022,2,2,4032,Maneja,Apartment,Unfurnished,Ready to Move,Resale,Unknown,2.0,Freehold,620
318,Vadodara,390022,2,2,3182,Gotri Road Gotri,Apartment,Unfurnished,Ready to Move,Resale,Unknown,2.0,Freehold,1100
319,Vadodara,390022,1,2,2577,Ajwa Road,Apartment,Unfurnished,Ready to Move,Resale,Unknown,2.0,Unknown,1261
320,Vadodara,390012,2,3,2948,Atladra,Apartment,Semi-Furnished,Ready to Move,Resale,East,8.0,Unknown,1730
321,Vadodara,390022,4,4,2273,Vadsar,Apartment,Unfurnished,Ready to Move,Resale,Unknown,4.0,Unknown,3300
322,Vadodara,390022,2,2,3208,Guru Gobindsinhji Marg,Apartment,Unfurnished,Ready to Move,Resale,Unknown,3.0,Unknown,530
323,Vadodara,390022,3,3,5603,Harni,Apartment,Semi-Furnished,Ready to Move,Resale,Unknown,6.0,Unknown,1160
324,Vadodara,390022,2,2,3830,New Sama Road,Apartment,Semi-Furnished,Ready to Move,Resale,South,2.0,Unknown,1175
325,Vadodara,390022,2,3,3636,Shree Nidhi Residency,Apartment,Semi-Furnished,Ready to Move,Resale,Unknown,2.0,Unknown,1100
326,Vadodara,390023,3,4,3400,Subhanpura,Apartment,Semi-Furnished,Ready to Move,Resale,Unknown,4.0,Freehold,2500
327,Vadodara,390022,2,2,3107,Makar Pura,Apartment,Semi-Furnished,Unknown,Resale,Unknown,,Unknown,1210
328,Vadodara,391740,3,3,6742,Chhani,Apartment,Furnished,Ready to Move,Resale,Unknown,7.0,Unknown,890
329,Vadodara,390022,1,2,2857,RV Desai Road,Apartment,Semi-Furnished,Ready to Move,Resale,East,2.0,Co-operative Society,735
330,Vadodara,390022,3,3,5667,Sun Pharma Road,Apartment,Semi-Furnished,Ready to Move,Resale,Unknown,4.0,Unknown,900
331,Vadodara,390007,3,3,6190,Vasna Road,Apartment,Unfurnished,Ready to Move,Resale,North - East,1.0,Co-operative Society,2100
332,Vadodara,390022,3,3,7372,Hari nagar,Apartment,Semi-Furnished,Ready to Move,Resale,East,3.0,Freehold,1153
333,Vadodara,390022,2,3,2560,Vasna Bhayli Main Road,Builder Floor,Semi-Furnished,Ready to Move,Resale,Unknown,2.0,Unknown,1250
334,Vadodara,390022,3,3,2292,Kamla Nagar,Apartment,Unfurnished,Ready to Move,Resale,Unknown,2.0,Unknown,1200
335,Vadodara,390022,2,5,4286,Raopura Road,House,Unfurnished,Ready to Move,Resale,Unknown,,Power Of Attorney,700
336,Vadodara,390022,1,1,3600,Vemali,Apartment,Unfurnished,Ready to Move,Resale,Unknown,1.0,Unknown,500
337,Vadodara,390012,2,2,3882,Kalali,Apartment,Semi-Furnished,Ready to Move,Resale,East,2.0,Co-operative Society,850
338,Vadodara,390022,2,2,4000,Vasna Bhayli Main Road,Apartment,Semi-Furnished,Ready to Move,Resale,Unknown,2.0,Freehold,1100
339,Vadodara,390024,3,3,7619,Sama,Apartment,Furnished,Ready to Move,Resale,Unknown,1.0,Unknown,1050
340,Vadodara,390022,2,3,3913,Ramwadi,Apartment,Semi-Furnished,Ready to Move,Resale,Unknown,4.0,Unknown,1150
341,Vadodara,390023,3,3,4646,Subhanpura,Apartment,Semi-Furnished,Ready to Move,Resale,North - East,3.0,Freehold,990
342,Vadodara,390011,9,10,13333,Manjalpur,House,Semi-Furnished,Ready to Move,Resale,Unknown,,Co-operative Society,3000
343,Vadodara,390022,2,2,5103,Chhani canel Road,Apartment,Furnished,Ready to Move,Resale,East,6.0,Co-operative Society,823
344,Vadodara,390021,2,2,5714,Gotri,Apartment,Unfurnished,Ready to Move,Resale,Unknown,2.0,Freehold,700
345,Vadodara,390011,1,1,4228,Manjalpur,Apartment,Semi-Furnished,Ready to Move,Resale,Unknown,3.0,Freehold,473
346,Vadodara,390025,3,4,5000,Waghodia Road,House,Semi-Furnished,Ready to Move,Resale,Unknown,2.0,Freehold,2200
347,Vadodara,390022,1,3,4722,Race Course circle,Apartment,Unfurnished,Ready to Move,Resale,Unknown,1.0,Freehold,1800
348,Vadodara,390022,3,3,7869,Vadsar,House,Semi-Furnished,Ready to Move,Resale,East,,Freehold,2224
349,Vadodara,390022,4,4,4615,Bill,House,Unfurnished,Ready to Move,Resale,Unknown,,Unknown,2600
350,Vadodara,390025,4,5,11667,Waghodia Road,Villa,Furnished,Ready to Move,Resale,East,,Freehold,900
351,Vadodara,390022,2,2,3385,earth icon II,Apartment,Semi-Furnished,Ready to Move,Resale,East,1.0,Freehold,650
352,Vadodara,390022,4,4,7225,Dabhoi Road,House,Semi-Furnished,Ready to Move,Resale,North - East,,Freehold,955
353,Vadodara,390009,2,2,5133,Tarsali,Apartment,Unfurnished,Unknown,Resale,Unknown,4.0,Unknown,565
354,Vadodara,390022,2,2,6553,Sama Savli Road,Apartment,Furnished,Ready to Move,Resale,Unknown,13.0,Unknown,763
355,Vadodara,390022,4,3,2389,Sun Pharma Road,Apartment,Unfurnished,Ready to Move,Resale,Unknown,3.0,Freehold,1800
356,Vadodara,390022,4,3,6071,Gotri Sevasi Road,Apartment,Furnished,Ready to Move,Resale,Unknown,7.0,Unknown,1400
357,Vadodara,390022,3,3,7500,Harni,Villa,Furnished,Ready to Move,Resale,Unknown,,Unknown,2000
358,Vadodara,390022,3,3,7363,Behind Bankers Heart Institute,Apartment,Semi-Furnished,Ready to Move,Resale,North,3.0,Freehold,1073
359,Vadodara,390022,2,3,5862,Pashabhai Park,Apartment,Semi-Furnished,Ready to Move,Resale,Unknown,9.0,Freehold,1450
360,Vadodara,390022,3,3,7619,Harni,Apartment,Furnished,Ready to Move,Resale,North - East,4.0,Freehold,1050
361,Vadodara,390022,3,3,5093,Sayajipura,Apartment,Furnished,Ready to Move,Resale,Unknown,1.0,Freehold,1080
362,Vadodara,390022,2,2,4154,Sayajipura,Apartment,Semi-Furnished,Ready to Move,Resale,West,4.0,Freehold,650
363,Vadodara,390022,3,3,5625,Vasna Bhayli Main Road,Apartment,Furnished,Ready to Move,Resale,Unknown,3.0,Unknown,800
364,Vadodara,390022,4,4,13051,Vadsar,Villa,Semi-Furnished,Ready to Move,Resale,Unknown,,Unknown,1111
365,Vadodara,390022,3,3,3750,Vasna Bhayli Main Road,Apartment,Semi-Furnished,Ready to Move,Resale,Unknown,3.0,Freehold,960
366,Vadodara,390012,2,2,3190,Atladra,Builder Floor,Unfurnished,Ready to Move,Resale,Unknown,3.0,Unknown,721
367,Vadodara,390022,3,3,11017,Vasna Bhayli Main Road,Apartment,Furnished,Ready to Move,Resale,Unknown,11.0,Unknown,1180
368,Vadodara,390022,2,1,6352,Ajwa Road,House,Furnished,Ready to Move,Resale,East,,Unknown,551
369,Vadodara,390022,2,2,4769,Samta,Apartment,Semi-Furnished,Ready to Move,Resale,East,4.0,Freehold,713
370,Vadodara,390025,1,1,4726,Waghodia,Apartment,Semi-Furnished,Ready to Move,Resale,East,1.0,Leasehold,402
371,Vadodara,390022,2,2,5083,Makar Pura,Apartment,Furnished,Ready to Move,Resale,Unknown,5.0,Unknown,600
372,Vadodara,390022,6,6,6494,Harni Road,House,Furnished,Ready to Move,Resale,Unknown,,Unknown,3850
373,Vadodara,390022,3,3,10408,Vasna Bhayli Main Road,Apartment,Semi-Furnished,Ready to Move,Resale,Unknown,3.0,Freehold,1153
374,Vadodara,390022,4,4,2750,Somnath Society,Apartment,Semi-Furnished,Ready to Move,Resale,Unknown,9.0,Unknown,2000
375,Vadodara,390022,2,2,3401,Koyali,Apartment,Unfurnished,Ready to Move,Resale,Unknown,5.0,Unknown,735
376,Vadodara,391740,2,2,4189,Chhani,Apartment,Unfurnished,Ready to Move,Resale,Unknown,1.0,Freehold,740
377,Vadodara,390022,2,2,6667,Ayodhya Township,House,Semi-Furnished,Ready to Move,Resale,Unknown,,Unknown,900
378,Vadodara,390019,3,3,5631,New Alkapuri,Apartment,Semi-Furnished,Ready to Move,Resale,Unknown,7.0,Unknown,1332
379,Vadodara,390012,2,2,3435,Atladra,Apartment,Unfurnished,Ready to Move,Resale,Unknown,8.0,Unknown,1150
380,Vadodara,390022,4,5,10938,Kalpana Nagar,House,Semi-Furnished,Ready to Move,Resale,Unknown,,Unknown,1600
381,Vadodara,390022,2,2,4286,Gotri Road Gotri,Apartment,Furnished,Ready to Move,Resale,Unknown,4.0,Unknown,1050
382,Vadodara,391101,6,5,7692,Sevasi,Villa,Unfurnished,Ready to Move,Resale,Unknown,,Unknown,6500
383,Vadodara,390022,2,2,3619,Chhani Jakat Naka,Apartment,Unfurnished,Ready to Move,Resale,East,3.0,Freehold,1050
384,Vadodara,390022,2,2,15000,Karelibagh,House,Unfurnished,Ready to Move,Resale,Unknown,,Unknown,600
385,Vadodara,390022,2,3,5474,Old Padra Road,Apartment,Semi-Furnished,Ready to Move,Resale,South - East,3.0,Freehold,950
386,Vadodara,390025,2,2,4923,Waghodia,Apartment,Semi-Furnished,Ready to Move,Resale,Unknown,4.0,Unknown,650
387,Vadodara,390022,3,3,5417,Pratapgunj,Apartment,Semi-Furnished,Ready to Move,Resale,Unknown,,Freehold,1200
388,Vadodara,390020,2,3,8125,Akota,Villa,Unfurnished,Ready to Move,Resale,Unknown,,Freehold,1600
389,Vadodara,390022,1,1,11333,Ajwa Road,House,Unfurnished,Ready to Move,Resale,East,,Freehold,465
390,Vadodara,390025,1,1,3385,Waghodia,Apartment,Semi-Furnished,Ready to Move,Resale,Unknown,3.0,Unknown,650
391,Vadodara,390020,5,4,13630,Akota,Apartment,Unfurnished,Ready to Move,Resale,Unknown,5.0,Co-operative Society,2678
392,Vadodara,390025,3,4,6818,Waghodia Road,Villa,Furnished,Ready to Move,Resale,East,,Freehold,3300
393,Vadodara,391101,3,3,7840,Sevasi,Apartment,Furnished,Ready to Move,New Property,East,8.0,Co-operative Society,1250
394,Vadodara,390020,1,1,3246,Akota,Apartment,Semi-Furnished,Ready to Move,Resale,Unknown,2.0,Unknown,647
395,Vadodara,390022,3,3,3529,Padra Road,Apartment,Semi-Furnished,Ready to Move,Resale,East,2.0,Freehold,1190
396,Vadodara,390022,3,3,3848,Vadsar,Apartment,Semi-Furnished,Poss. by Dec &#x27;26,Resale,Unknown,3.0,Unknown,1975
397,Vadodara,390025,2,2,5034,Waghodia,Apartment,Furnished,Ready to Move,Resale,Unknown,7.0,Unknown,735
398,Vadodara,390012,2,3,2899,Kalali,Apartment,Unfurnished,Ready to Move,Resale,East,3.0,Co-operative Society,1104
399,Vadodara,390009,2,3,6000,Tarsali,Penthouse,Semi-Furnished,Ready to Move,Resale,Unknown,4.0,Unknown,1000
400,Vadodara,390022,3,3,6111,Vasna Bhayli Main Road,Apartment,Unfurnished,Ready to Move,Resale,Unknown,2.0,Unknown,900
401,Vadodara,390022,3,3,5357,Gotri Road Gotri,Apartment,Furnished,Ready to Move,Resale,South -West,4.0,Freehold,1400
402,Vadodara,390022,2,2,3354,Bill,Apartment,Furnished,Ready to Move,Resale,East,7.0,Co-operative Society,790
403,Vadodara,390020,3,3,2727,Akota,Apartment,Semi-Furnished,Ready to Move,Resale,East,3.0,Power Of Attorney,1650
404,Vadodara,391410,3,3,3158,Bhayli,Apartment,Semi-Furnished,Ready to Move,Resale,Unknown,5.0,Freehold,1900
405,Vadodara,390012,2,3,5789,Kalali,Apartment,Semi-Furnished,Ready to Move,Resale,East,2.0,Freehold,950
406,Vadodara,390022,3,3,3310,Vasna Bhayli Main Road,Apartment,Furnished,Ready to Move,Resale,East,7.0,Unknown,1420
407,Vadodara,390020,2,3,4762,Akota,Apartment,Unfurnished,Ready to Move,Resale,South - East,3.0,Freehold,1050
408,Vadodara,390009,2,2,4593,Tarsali,Apartment,Semi-Furnished,Ready to Move,Resale,East,1.0,Freehold,651
409,Vadodara,390022,1,1,4000,Savali,Apartment,Semi-Furnished,Ready to Move,Resale,Unknown,1.0,Unknown,450
410,Vadodara,390022,1,2,3271,Samiyala,Apartment,Unfurnished,Ready to Move,Resale,West,3.0,Freehold,535
411,Vadodara,390024,4,5,5000,Sama,Apartment,Furnished,Ready to Move,Resale,Unknown,5.0,Freehold,2400
412,Vadodara,390022,1,1,8923,Makarpura Road,House,Semi-Furnished,Ready to Move,Resale,Unknown,,Unknown,650
413,Vadodara,390025,3,3,6452,Waghodia Road,Villa,Unfurnished,Ready to Move,Resale,North - East,,Freehold,3100
414,Vadodara,390022,2,2,6933,Vemali,Apartment,Semi-Furnished,Ready to Move,Resale,Unknown,8.0,Freehold,750
415,Vadodara,390018,4,4,9615,Karelibaug,Apartment,Unfurnished,Ready to Move,Resale,East,5.0,Freehold,1560
416,Vadodara,390011,3,5,5556,Manjalpur,Penthouse,Unfurnished,Ready to Move,Resale,Unknown,8.0,Freehold,1350
417,Vadodara,390012,3,3,4400,Atladra,Apartment,Semi-Furnished,Ready to Move,Resale,North,2.0,Freehold,1250
418,Vadodara,390022,2,2,3378,Bill,Apartment,Semi-Furnished,Ready to Move,Resale,South - East,3.0,Co-operative Society,740
419,Vadodara,391410,2,2,4286,Bhayli,Apartment,Unfurnished,Ready to Move,Resale,Unknown,3.0,Unknown,700
420,Vadodara,390022,3,3,4507,Dabhoi Road,House,Unfurnished,Ready to Move,Resale,Unknown,,Unknown,1531
421,Vadodara,390022,1,2,1714,Sokhda,House,Semi-Furnished,Ready to Move,Resale,North - West,1.0,Freehold,3500
422,Vadodara,390022,4,4,5882,Vasna Bhayli Main Road,Apartment,Furnished,Ready to Move,Resale,Unknown,13.0,Unknown,2635
423,Vadodara,390012,3,3,10651,Atladra,House,Unfurnished,Ready to Move,Resale,Unknown,,Freehold,676
424,Vadodara,390025,2,2,5526,Waghodia,Penthouse,Furnished,Ready to Move,Resale,Unknown,6.0,Power Of Attorney,760
425,Vadodara,390022,4,5,5714,Warasiya,House,Semi-Furnished,Ready to Move,Resale,East,,Freehold,1400
426,Vadodara,390020,2,3,4667,Akota Road,House,Semi-Furnished,Ready to Move,Resale,South - East,2.0,Co-operative Society,1500
427,Vadodara,390022,3,4,5417,Gotri Sevasi Road,Villa,Furnished,Ready to Move,Resale,East,,Freehold,2400
428,Vadodara,390021,2,2,4684,Gotri,Apartment,Furnished,Ready to Move,Resale,East,2.0,Freehold,790
429,Vadodara,391740,2,2,5112,Chhani,Apartment,Furnished,Ready to Move,Resale,East,9.0,Freehold,1565
430,Vadodara,390022,2,2,3333,Eshanya,Apartment,Semi-Furnished,Ready to Move,Resale,Unknown,2.0,Freehold,750
431,Vadodara,390022,3,3,3571,Sun Pharma Road,Apartment,Semi-Furnished,Ready to Move,Resale,Unknown,4.0,Freehold,1540
432,Vadodara,390022,2,2,2687,Shiv Complex,Apartment,Furnished,Ready to Move,Resale,North,2.0,Freehold,1340
433,Vadodara,390012,2,3,5714,Tandalja,House,Semi-Furnished,Ready to Move,Resale,North - West,1.0,Freehold,2100
434,Vadodara,390022,3,2,8182,Vadodara,House,Semi-Furnished,Ready to Move,Resale,West,,Freehold,550
435,Vadodara,390022,2,2,4776,RV Desai Road,Apartment,Unfurnished,Ready to Move,New Property,East,1.0,Freehold,670
436,Vadodara,390018,2,3,3333,Karelibaug,Apartment,Furnished,Ready to Move,Resale,North,1.0,Unknown,1500
437,Vadodara,390022,4,4,2571,Ellora Park,Apartment,Furnished,Ready to Move,Resale,Unknown,3.0,Unknown,1400
438,Vadodara,390022,2,2,3217,Makar Pura,Apartment,Semi-Furnished,Ready to Move,Resale,Unknown,4.0,Unknown,1150
439,Vadodara,390025,1,1,11000,Waghodia Road,Villa,Semi-Furnished,Ready to Move,Resale,Unknown,,Unknown,500
440,Vadodara,390022,1,2,5625,Samrat Apartment Nizampura,Apartment,Unknown,Ready to Move,Resale,Unknown,,Unknown,800
441,Vadodara,390022,2,2,2706,Undera,Apartment,Semi-Furnished,Ready to Move,Resale,West,3.0,Freehold,850
442,Vadodara,390007,2,2,4421,Vasna Road,Builder Floor,Furnished,Ready to Move,Resale,West,3.0,Freehold,950
443,Vadodara,390012,2,3,2356,Atladra,Apartment,Unfurnished,Ready to Move,Resale,East,3.0,Freehold,1316
444,Vadodara,390022,3,3,7368,Pratapgunj,Apartment,Semi-Furnished,Ready to Move,Resale,East,3.0,Freehold,1330
445,Vadodara,390012,3,3,2824,Atladra,Apartment,Furnished,Ready to Move,Resale,North - East,3.0,Freehold,1700
446,Vadodara,390002,2,2,3833,Soma Talav,Apartment,Furnished,Ready to Move,Resale,East,1.0,Freehold,600
447,Vadodara,390022,3,3,4762,Dev Deep Nagar,Apartment,Semi-Furnished,Ready to Move,Resale,South -West,6.0,Freehold,1050
448,Vadodara,390022,7,5,10000,Preet banglows channi canal road,Villa,Furnished,Ready to Move,Resale,East,,Freehold,4000
449,Vadodara,391410,3,3,4000,Bhayli,Apartment,Furnished,Ready to Move,Resale,South -West,5.0,Freehold,2250
450,Vadodara,390022,3,3,10278,Gotri Road Gotri,House,Furnished,Ready to Move,New Property,South - East,,Freehold,1800
451,Vadodara,391740,3,3,7234,Chhani,Apartment,Furnished,Ready to Move,Resale,East,7.0,Freehold,1175
452,Vadodara,390022,3,3,7960,Karelibagh,Villa,Furnished,Ready to Move,Resale,West,,Freehold,2500
453,Vadodara,390022,4,4,2292,Ajwa Road,Penthouse,Unfurnished,Ready to Move,New Property,Unknown,5.0,Freehold,2400
454,Vadodara,390025,4,4,7727,Waghodia Road,Villa,Semi-Furnished,Ready to Move,Resale,North - East,,Co-operative Society,2200
455,Vadodara,390022,2,2,4221,Sama Road,Apartment,Semi-Furnished,Ready to Move,Resale,North,4.0,Freehold,995
456,Vadodara,390012,4,4,7115,Atladra,House,Furnished,Ready to Move,Resale,Unknown,,Unknown,2600
457,Vadodara,390022,2,2,2361,Vasant Vihar,Apartment,Furnished,Ready to Move,Resale,East,5.0,Freehold,1800
458,Vadodara,390022,2,2,3810,RV Desai Road,Apartment,Unfurnished,Ready to Move,Resale,East,5.0,Unknown,1050
459,Vadodara,390022,2,3,4516,Pratap gunj,Apartment,Semi-Furnished,Ready to Move,Resale,Unknown,4.0,Unknown,1550
460,Vadodara,391410,5,4,7170,Bhayli,Villa,Unfurnished,Ready to Move,New Property,North - East,,Freehold,2371
461,Vadodara,390022,4,4,7353,Sayajigunj,Apartment,Furnished,Ready to Move,Resale,West,7.0,Freehold,1700
462,Vadodara,390022,3,3,3444,Sun Pharma Road,Apartment,Semi-Furnished,Ready to Move,Resale,Unknown,1.0,Freehold,1800
463,Vadodara,390024,2,2,5867,Sama,Apartment,Unfurnished,Ready to Move,Resale,Unknown,3.0,Unknown,600
464,Vadodara,390022,2,2,2778,Madhavpura,Apartment,Unfurnished,Ready to Move,Resale,East,4.0,Co-operative Society,900
465,Vadodara,390002,3,2,7967,Diwalipura,House,Unfurnished,Ready to Move,Resale,East,,Co-operative Society,1230
466,Vadodara,390022,2,2,4667,Karadiya,Apartment,Semi-Furnished,Ready to Move,Resale,South - East,3.0,Freehold,750
467,Vadodara,390022,2,3,3810,Zavernagar,Apartment,Furnished,Ready to Move,Resale,East,5.0,Freehold,1050
468,Vadodara,390009,2,2,4385,Tarsali,Apartment,Unfurnished,Ready to Move,Resale,East,2.0,Freehold,650
469,Vadodara,390007,2,2,7576,Vasna Road,House,Semi-Furnished,Ready to Move,Resale,Unknown,,Unknown,1650
470,Vadodara,390012,3,3,3377,Tandalja,Apartment,Unfurnished,Ready to Move,Resale,Unknown,3.0,Unknown,1925
471,Vadodara,391740,2,2,2977,Chhani,Apartment,Furnished,Ready to Move,Resale,Unknown,3.0,Freehold,1075
472,Vadodara,390022,3,3,4403,Shreeram Shaligram karjan,House,Semi-Furnished,Ready to Move,Resale,East,1.0,Freehold,1022
473,Vadodara,390022,2,6,9474,Harni Road,House,Semi-Furnished,Ready to Move,New Property,North - East,,Freehold,950
474,Vadodara,390022,2,2,3525,Ajwa Road,Apartment,Furnished,Ready to Move,Resale,East,8.0,Freehold,800
475,Vadodara,390011,1,1,4356,Manjalpur,Apartment,Semi-Furnished,Ready to Move,Resale,North - East,4.0,Freehold,505
476,Vadodara,390025,3,3,11630,Waghodia Road,House,Furnished,Ready to Move,Resale,East,,Freehold,920
477,Vadodara,390022,2,2,5067,Vasna Bhayli Main Road,Apartment,Semi-Furnished,Ready to Move,Resale,West,1.0,Freehold,750
478,Vadodara,390022,3,3,3905,Bhayli Road,Penthouse,Semi-Furnished,Ready to Move,Resale,North - West,5.0,Leasehold,1050
479,Vadodara,391101,4,3,5658,Sevasi,Apartment,Furnished,Ready to Move,Resale,East,5.0,Unknown,3800
480,Vadodara,390020,3,3,6240,Akota,Apartment,Furnished,Ready to Move,Resale,Unknown,3.0,Freehold,1923
481,Vadodara,390012,2,2,3571,Atladra,Apartment,Semi-Furnished,Ready to Move,Resale,South -West,3.0,Freehold,700
482,Vadodara,390022,2,2,3812,Nehru Chacha Nagar,Apartment,Semi-Furnished,Ready to Move,Resale,South,4.0,Freehold,800
483,Vadodara,390022,1,1,2231,Dandia Bazar,Apartment,Furnished,Ready to Move,Resale,Unknown,1.0,Unknown,650
484,Vadodara,390025,3,2,1974,Waghodia,Apartment,Semi-Furnished,Ready to Move,Resale,North - East,3.0,Co-operative Society,1165
485,Vadodara,390022,2,2,7143,Manher Park Society,Apartment,Semi-Furnished,Ready to Move,Resale,North - East,5.0,Unknown,770
486,Vadodara,390022,2,2,3158,Kendranagar,Apartment,Semi-Furnished,Ready to Move,Resale,North,4.0,Co-operative Society,950
487,Vadodara,390022,1,2,5378,Gotri Road Gotri,House,Semi-Furnished,Ready to Move,Resale,North - East,1.0,Co-operative Society,2250
488,Vadodara,390012,3,3,8383,Atladra,Apartment,Furnished,Ready to Move,Resale,East,2.0,Co-operative Society,1014
489,Vadodara,390012,2,2,3766,Atladra,Apartment,Unfurnished,Ready to Move,Resale,Unknown,5.0,Freehold,1195
490,Vadodara,390022,1,1,4214,Ajwa Road,House,Unfurnished,Ready to Move,Resale,East,,Freehold,700
491,Vadodara,390022,1,1,2065,Karjan,Apartment,Unfurnished,Ready to Move,Resale,Unknown,3.0,Unknown,460
492,Vadodara,390022,3,3,3137,Harni Road,Penthouse,Semi-Furnished,Ready to Move,Resale,Unknown,9.0,Unknown,2550
493,Vadodara,390022,4,4,7941,Aksharvilla,House,Furnished,Ready to Move,Resale,Unknown,,Unknown,1700
494,Vadodara,390022,2,2,5286,Chhani Jakat Naka,Apartment,Furnished,Ready to Move,Resale,East,2.0,Freehold,700
495,Vadodara,390022,2,2,3000,Radhesharnam flats near vadsar bridge,Apartment,Semi-Furnished,Ready to Move,Resale,Unknown,1.0,Unknown,1100
496,Vadodara,390022,3,3,7173,Aanta Swagtam Atladra,Villa,Furnished,Ready to Move,Resale,East,,Unknown,1185
497,Vadodara,390022,1,1,4400,Nizampura Main Road,Apartment,Unfurnished,Ready to Move,Resale,North - East,1.0,Freehold,500
498,Vadodara,390012,3,3,5500,Tandalja,Apartment,Unfurnished,Ready to Move,Resale,East,5.0,Freehold,1000
499,Vadodara,390022,2,3,6355,Race Course Road,Apartment,Furnished,Ready to Move,Resale,North - East,7.0,Co-operative Society,1100
500,Vadodara,390022,1,1,2750,verai mata chock,Apartment,Unfurnished,Ready to Move,Resale,East,2.0,Freehold,400
501,Vadodara,390025,2,2,3634,Waghodia Road,Apartment,Semi-Furnished,Ready to Move,Resale,North - East,1.0,Freehold,710
502,Vadodara,390022,2,2,8182,Vishwas Colony,Apartment,Furnished,Ready to Move,Resale,North,2.0,Co-operative Society,1100
503,Vadodara,390022,2,2,6196,Ajwa Road,House,Semi-Furnished,Ready to Move,Resale,North,,Freehold,807
504,Vadodara,390002,2,2,5258,Nizampura,Apartment,Furnished,Ready to Move,Resale,East,4.0,Freehold,1065
505,Vadodara,390022,2,2,4211,Harni Road,Apartment,Semi-Furnished,Ready to Move,New Property,East,4.0,Freehold,950
506,Vadodara,390022,2,2,3026,Gotri Road Gotri,Apartment,Semi-Furnished,Ready to Move,Resale,Unknown,5.0,Unknown,1021
507,Vadodara,390020,2,2,4000,Akota,Builder Floor,Semi-Furnished,Ready to Move,Resale,East,2.0,Freehold,1000
508,Vadodara,390007,1,2,3737,Alkapuri,Apartment,Semi-Furnished,Ready to Move,Resale,East,3.0,Co-operative Society,950
509,Vadodara,391101,3,3,6512,Sevasi,Apartment,Unfurnished,Ready to Move,New Property,South - East,8.0,Freehold,1075
510,Vadodara,390022,3,3,5583,Hari nagar,Apartment,Unfurnished,Ready to Move,Resale,Unknown,3.0,Unknown,1200
511,Vadodara,390022,2,2,2357,Shivam Happy homes,Apartment,Semi-Furnished,Ready to Move,Resale,Unknown,4.0,Unknown,1400
512,Vadodara,390022,4,5,12500,Mujmahuda,House,Semi-Furnished,Ready to Move,Resale,North,2.0,Freehold,2600
513,Vadodara,390022,3,3,7371,Gorwa,Villa,Furnished,Ready to Move,Resale,Unknown,,Unknown,1506
514,Vadodara,390007,4,4,3580,Vasna Road,Apartment,Semi-Furnished,Ready to Move,Resale,Unknown,3.0,Unknown,2933
515,Vadodara,390002,2,3,4762,Nizampura,Apartment,Semi-Furnished,Ready to Move,Resale,South -West,6.0,Freehold,1050
516,Vadodara,390022,3,3,6833,Vishwas Colony,Apartment,Semi-Furnished,Ready to Move,Resale,Unknown,2.0,Unknown,1200
517,Vadodara,390022,1,2,3129,Sai Ganga Apartment,Apartment,Furnished,Ready to Move,Resale,Unknown,4.0,Unknown,735
518,Vadodara,390022,1,1,3409,Dabhoi Road,Apartment,Unfurnished,Ready to Move,Resale,West,3.0,Freehold,440
519,Vadodara,390002,3,3,4274,Diwalipura,Apartment,Unfurnished,Ready to Move,Resale,Unknown,5.0,Co-operative Society,1170
520,Vadodara,390021,2,2,3750,Gotri,Apartment,Semi-Furnished,Ready to Move,Resale,Unknown,5.0,Unknown,800
521,Vadodara,390021,3,4,8140,Gotri,Villa,Furnished,Ready to Move,Resale,East,,Freehold,2150
522,Vadodara,390022,3,3,7114,sampat residency,Apartment,Unfurnished,Ready to Move,Resale,Unknown,1.0,Unknown,1757
523,Vadodara,390022,2,2,3060,New Kareli Baug,Apartment,Furnished,Ready to Move,Resale,Unknown,3.0,Unknown,915
524,Vadodara,390022,2,2,4938,KRISHNA EMPIRE,Apartment,Unfurnished,Ready to Move,Resale,Unknown,3.0,Unknown,810
525,Vadodara,390022,3,3,8000,Vasna Bhayli Main Road,Apartment,Semi-Furnished,Ready to Move,New Property,North,5.0,Leasehold,400
526,Vadodara,390025,2,2,4054,Waghodia Road,Apartment,Semi-Furnished,Ready to Move,Resale,West,3.0,Freehold,740
527,Vadodara,390007,2,2,5294,Alkapuri,Apartment,Unfurnished,Ready to Move,Resale,East,3.0,Freehold,850
528,Vadodara,390022,2,2,3333,Vasna Bhayli Main Road,Apartment,Unfurnished,Ready to Move,Resale,West,4.0,Freehold,900
529,Vadodara,390020,2,2,4464,Akota,Apartment,Semi-Furnished,Ready to Move,Resale,East,2.0,Freehold,896
530,Vadodara,390022,1,1,3846,Harni Road,Apartment,Semi-Furnished,Ready to Move,Resale,Unknown,1.0,Freehold,650
531,Vadodara,390025,3,4,8946,Waghodia Road,Villa,Semi-Furnished,Ready to Move,Resale,Unknown,,Freehold,1006
532,Vadodara,390020,3,3,7075,Akota,Villa,Unknown,Ready to Move,Resale,South,,Freehold,1272
533,Vadodara,390022,6,8,8000,RV Desai Road,House,Semi-Furnished,Ready to Move,Resale,Unknown,,Unknown,1800
534,Vadodara,390011,3,4,7389,Manjalpur,House,Furnished,Ready to Move,Resale,Unknown,2.0,Unknown,2030
535,Vadodara,390022,2,2,1733,Dashrath,Apartment,Semi-Furnished,Ready to Move,Resale,Unknown,5.0,Unknown,1500
536,Vadodara,390022,2,2,4636,New Sama Road Chanakyapuri Society,Apartment,Unfurnished,Ready to Move,Resale,Unknown,1.0,Freehold,755
537,Vadodara,390007,3,3,10606,Vasna Road,Villa,Unfurnished,Ready to Move,Resale,East,,Unknown,660
538,Vadodara,390022,3,3,3571,Vasna Bhayli Main Road,Penthouse,Semi-Furnished,Ready to Move,Resale,Unknown,4.0,Unknown,2800
539,Vadodara,390020,4,4,10000,Akota,Apartment,Semi-Furnished,Ready to Move,Resale,East,4.0,Freehold,1800
540,Vadodara,390018,1,1,4545,Karelibaug,Apartment,Furnished,Ready to Move,Resale,East,1.0,Freehold,550
541,Vadodara,390022,1,1,3000,Chokhandi,House,Semi-Furnished,Ready to Move,Resale,East,1.0,Freehold,650
542,Vadodara,390022,2,2,3846,Vasna Bhayli Main Road,Apartment,Unfurnished,Ready to Move,Resale,West,2.0,Unknown,650
543,Vadodara,390025,2,2,3647,Waghodia,Apartment,Semi-Furnished,Ready to Move,Resale,East,6.0,Freehold,850
544,Vadodara,390002,1,1,3434,Soma Talav,Apartment,Semi-Furnished,Ready to Move,Resale,Unknown,5.0,Unknown,495
545,Vadodara,390018,3,4,6750,Karelibaug,House,Semi-Furnished,Ready to Move,Resale,West,,Co-operative Society,2000
546,Vadodara,390022,2,3,3571,Bansidhar Complex,Apartment,Semi-Furnished,Ready to Move,Resale,East,5.0,Freehold,1400
547,Vadodara,390022,1,2,3460,Maneja,Apartment,Unfurnished,Ready to Move,Resale,East,1.0,Freehold,500
548,Vadodara,390021,3,3,5238,Gotri,Builder Floor,Furnished,Ready to Move,Resale,West,4.0,Freehold,1050
549,Vadodara,391101,2,2,6154,Sevasi,Apartment,Semi-Furnished,Ready to Move,Resale,Unknown,5.0,Unknown,650
550,Vadodara,390022,3,3,4444,Ajwa Road,Villa,Unfurnished,Ready to Move,Resale,Unknown,,Unknown,2700
551,Vadodara,390025,3,3,3362,Waghodia Road,Apartment,Semi-Furnished,Ready to Move,Resale,East,3.0,Freehold,1056
552,Vadodara,390022,1,1,2667,Wadi,Apartment,Semi-Furnished,Ready to Move,Resale,Unknown,5.0,Unknown,450
553,Vadodara,390025,2,3,12500,Waghodia Road,Villa,Furnished,Ready to Move,Resale,West,,Freehold,1200
554,Vadodara,390022,2,2,4267,Dabhoi Road,Apartment,Semi-Furnished,Ready to Move,Resale,Unknown,3.0,Unknown,750
555,Vadodara,390022,2,2,4444,Dashrath,Apartment,Furnished,Ready to Move,Resale,Unknown,2.0,Unknown,900
556,Vadodara,390012,1,1,2667,Kalali,Apartment,Semi-Furnished,Ready to Move,Resale,Unknown,3.0,Unknown,600
557,Vadodara,390022,2,2,8451,Limda,House,Semi-Furnished,Ready to Move,Resale,Unknown,,Unknown,710
558,Vadodara,390012,2,2,5294,Atladara,Apartment,Furnished,Ready to Move,Resale,Unknown,2.0,Unknown,850
559,Vadodara,391740,2,2,3280,Chhani,Apartment,Furnished,Ready to Move,Resale,Unknown,2.0,Unknown,1250
560,Vadodara,390022,2,2,3618,Sayajipura Village,Apartment,Unfurnished,Ready to Move,Resale,East,1.0,Co-operative Society,760
561,Vadodara,390012,3,3,4456,Atladra,Apartment,Semi-Furnished,Ready to Move,Resale,Unknown,9.0,Unknown,1369
562,Vadodara,390009,1,2,10563,Tarsali,House,Unfurnished,Ready to Move,Resale,West,,Freehold,710
563,Vadodara,391101,2,2,6471,Sevasi,Apartment,Semi-Furnished,Ready to Move,Resale,Unknown,7.0,Unknown,649
564,Vadodara,390022,3,3,8763,Danteshwar,House,Furnished,Ready to Move,Resale,Unknown,1.0,Unknown,970
565,Vadodara,390021,2,2,3474,Gotri,Apartment,Furnished,Ready to Move,Resale,Unknown,1.0,Unknown,950
566,Vadodara,390022,2,2,8140,Laxmipura Road,House,Semi-Furnished,Ready to Move,Resale,East,,Unknown,516
567,Vadodara,390002,2,2,5235,Diwalipura,Builder Floor,Semi-Furnished,Ready to Move,Resale,Unknown,3.0,Unknown,936
568,Vadodara,390022,2,4,7684,Viharika Park Society,House,Semi-Furnished,Ready to Move,Resale,North - East,,Co-operative Society,976
569,Vadodara,390022,3,3,4114,Gorwa,Apartment,Semi-Furnished,Ready to Move,Resale,West,1.0,Power Of Attorney,1750
570,Vadodara,390020,4,4,10605,Akota,Apartment,Furnished,Ready to Move,Resale,South - East,3.0,Freehold,2593
571,Vadodara,391410,5,4,5749,Bhayli,Penthouse,Furnished,Ready to Move,New Property,South,1.0,Freehold,1670
572,Vadodara,390007,2,2,2667,Saiyed Vasna,Apartment,Semi-Furnished,Ready to Move,Resale,Unknown,3.0,Unknown,1200
573,Vadodara,390020,3,4,15682,Akota,Villa,Furnished,Ready to Move,Resale,East,,Co-operative Society,2200
574,Vadodara,391410,3,3,3111,Bhayli,Penthouse,Unknown,Ready to Move,Resale,East,5.0,Co-operative Society,2250
575,Vadodara,390012,2,2,5469,Atladra,Apartment,Furnished,Ready to Move,Resale,Unknown,7.0,Unknown,640
576,Vadodara,390022,2,2,4557,Madhavpura,Apartment,Semi-Furnished,Ready to Move,Resale,East,5.0,Freehold,768
577,Vadodara,390022,3,3,5114,Vadsar,Apartment,Furnished,Ready to Move,New Property,North - West,4.0,Freehold,880
578,Vadodara,390022,2,2,2949,Vasna Bhayli Main Road,Apartment,Unfurnished,Unknown,Resale,North,1.0,Power Of Attorney,780
579,Vadodara,390022,1,2,4500,New Sama,Apartment,Furnished,Ready to Move,Resale,Unknown,4.0,Unknown,1000
580,Vadodara,391410,4,4,5246,Bhayli,Penthouse,Unfurnished,Ready to Move,Resale,Unknown,5.0,Unknown,1506
581,Vadodara,390022,3,3,13940,Kendranagar,House,Furnished,Ready to Move,Resale,East,,Freehold,868
582,Vadodara,390002,2,2,3988,Soma Talav,Apartment,Semi-Furnished,Ready to Move,Resale,Unknown,3.0,Unknown,677
583,Vadodara,390022,1,2,4861,Sama Road,Apartment,Unfurnished,Unknown,Resale,West,1.0,Freehold,720
584,Vadodara,390012,2,2,3590,Kalali,House,Semi-Furnished,Ready to Move,Resale,South -West,1.0,Freehold,780
585,Vadodara,390022,3,3,5599,Harni,Apartment,Unfurnished,Ready to Move,Resale,Unknown,6.0,Unknown,1286
586,Vadodara,390022,5,4,17065,Vasna Bhayli Main Road,Villa,Semi-Furnished,Unknown,Resale,Unknown,,Unknown,2051
587,Vadodara,390022,4,4,8186,Padra Road,Villa,Unfurnished,Ready to Move,Resale,Unknown,,Freehold,1466
588,Vadodara,390023,3,3,3358,Subhanpura,Apartment,Semi-Furnished,Ready to Move,Resale,Unknown,2.0,Unknown,2040
589,Vadodara,390022,3,3,5391,Gadapura,Apartment,Furnished,Ready to Move,Resale,Unknown,3.0,Freehold,1150
590,Vadodara,390022,2,2,7650,New Sama Road Chanakyapuri Society,Apartment,Furnished,Ready to Move,Resale,Unknown,4.0,Unknown,719
591,Vadodara,390022,2,2,2435,Kanha Dreams,Apartment,Semi-Furnished,Ready to Move,Resale,Unknown,3.0,Unknown,1150
592,Vadodara,390022,2,2,4802,Sayajipura,Apartment,Semi-Furnished,Ready to Move,Resale,East,4.0,Leasehold,833
593,Vadodara,390007,2,3,4000,Vasna Road,Apartment,Semi-Furnished,Ready to Move,Resale,East,2.0,Freehold,1250
594,Vadodara,390018,1,2,6210,Karelibaug,Apartment,Furnished,Ready to Move,Resale,Unknown,2.0,Unknown,620
595,Vadodara,390022,1,1,2857,Salatwada,Apartment,Unfurnished,Ready to Move,Resale,East,3.0,Freehold,700
596,Vadodara,390007,3,3,4114,Alkapuri,Apartment,Unfurnished,Ready to Move,Resale,North - West,2.0,Unknown,1750
597,Vadodara,390009,2,2,2857,Tarsali,Apartment,Furnished,Ready to Move,Resale,Unknown,3.0,Unknown,980
598,Vadodara,390012,3,3,4076,Atladra,Apartment,Furnished,Unknown,Resale,West,5.0,Co-operative Society,1840
599,Vadodara,390022,3,3,3611,Gotri Sevasi Road,Penthouse,Semi-Furnished,Ready to Move,Resale,Unknown,4.0,Freehold,1800
600,Vadodara,390022,3,3,9444,Bhakti Nagar-Makarpura,House,Semi-Furnished,Unknown,Resale,West,3.0,Freehold,900
601,Vadodara,390022,3,3,11382,Gotri Road Gotri,Villa,Furnished,Ready to Move,Resale,North - East,,Co-operative Society,1230
602,Vadodara,390020,2,2,6000,Akota,House,Unfurnished,Ready to Move,Resale,Unknown,,Unknown,1250
603,Vadodara,390012,4,5,4826,Tandalja,House,Furnished,Unknown,Resale,Unknown,2.0,Freehold,2300
604,Vadodara,390022,2,3,4556,New Kareli Baug,Apartment,Unfurnished,Ready to Move,Resale,East,3.0,Co-operative Society,900
605,Vadodara,390012,4,4,3000,Atladra,Apartment,Semi-Furnished,Ready to Move,Resale,Unknown,8.0,Unknown,2250
606,Vadodara,390022,1,1,4889,Maneja,House,Unfurnished,Ready to Move,Resale,Unknown,,Unknown,1125
607,Vadodara,390011,3,3,8943,Manjalpur,Apartment,Semi-Furnished,Ready to Move,Resale,North,3.0,Freehold,1230
608,Vadodara,390022,4,4,3432,Bodeli,Villa,Semi-Furnished,Ready to Move,Resale,Unknown,,Unknown,1311
609,Vadodara,391410,2,3,6641,Bhayli,Apartment,Furnished,Ready to Move,Resale,North - East,5.0,Leasehold,1280
610,Vadodara,390019,3,3,5714,New Alkapuri,Apartment,Furnished,Ready to Move,New Property,East,3.0,Freehold,1050
611,Vadodara,390022,3,3,3889,Harni,Apartment,Furnished,Ready to Move,New Property,East,2.0,Unknown,1800
612,Vadodara,390012,5,4,4269,Atladara,Penthouse,Unfurnished,Ready to Move,Resale,Unknown,8.0,Unknown,2600
613,Vadodara,390022,2,2,3765,Sun Pharma Road,Apartment,Unfurnished,Ready to Move,Resale,East,3.0,Freehold,850
614,Vadodara,390022,2,2,5529,Sayajipura,Apartment,Semi-Furnished,Ready to Move,Resale,Unknown,5.0,Unknown,624
615,Vadodara,390022,2,2,2632,Gorwa,Apartment,Semi-Furnished,Ready to Move,Resale,West,3.0,Freehold,950
616,Vadodara,391410,5,4,8387,Bhayli,Villa,Unfurnished,Ready to Move,New Property,East,,Freehold,3100
617,Vadodara,390021,2,2,3627,Gotri,Apartment,Semi-Furnished,Ready to Move,Resale,North - East,3.0,Freehold,1020
618,Vadodara,390022,2,2,3500,Gorwa,Apartment,Semi-Furnished,Ready to Move,Resale,East,5.0,Co-operative Society,1000
619,Vadodara,390022,5,5,9335,Vasna Bhayli Main Road,Villa,Furnished,Ready to Move,Resale,East,,Freehold,3535
620,Vadodara,390012,4,4,4833,Kalali,Apartment,Unfurnished,Ready to Move,Resale,East,2.0,Freehold,1800
621,Vadodara,390025,1,2,3769,Waghodia Road,Apartment,Unfurnished,Ready to Move,Resale,North,1.0,Freehold,650
622,Vadodara,390021,2,3,2521,Gotri,Apartment,Semi-Furnished,Ready to Move,Resale,East,5.0,Freehold,1428
623,Vadodara,390022,2,2,4007,Sayajigunj,Apartment,Semi-Furnished,Ready to Move,Resale,Unknown,5.0,Unknown,1123
624,Vadodara,390019,3,3,5833,New Alkapuri,Apartment,Unfurnished,Ready to Move,Resale,North - East,8.0,Freehold,1200
625,Vadodara,390019,4,3,6733,New Alkapuri,Apartment,Unfurnished,Ready to Move,New Property,East,1.0,Freehold,1500
626,Vadodara,391410,3,3,5217,Bhayli,Penthouse,Semi-Furnished,Ready to Move,Resale,East,4.0,Freehold,1150
627,Vadodara,391410,4,4,7143,Bhayli,House,Furnished,Ready to Move,Resale,Unknown,,Unknown,2800
628,Vadodara,390022,3,3,5773,Vasna Bhayli Main Road,Apartment,Semi-Furnished,Ready to Move,Resale,East,7.0,Freehold,918
629,Vadodara,390022,3,3,5051,Sun Pharma Road,Apartment,Furnished,Ready to Move,Resale,East,2.0,Co-operative Society,990
630,Vadodara,390022,1,2,3303,Samiyala,Apartment,Unfurnished,Ready to Move,Resale,Unknown,3.0,Unknown,545
631,Vadodara,390007,1,2,10685,Vasna Road,House,Semi-Furnished,Ready to Move,Resale,West,,Freehold,730
632,Vadodara,390022,4,4,4688,Bill,Villa,Furnished,Ready to Move,Resale,Unknown,,Unknown,1920
633,Vadodara,390022,3,3,7895,Gotri Sevasi Road,Apartment,Furnished,Ready to Move,Resale,East,7.0,Freehold,1026
634,Vadodara,390012,4,4,5500,Atladra,Apartment,Semi-Furnished,Ready to Move,Resale,East,5.0,Freehold,1400
635,Vadodara,390022,2,2,4000,Sama Savli Road,Apartment,Unfurnished,Ready to Move,New Property,Unknown,1.0,Freehold,750
636,Vadodara,390022,2,2,4231,Maneja Crossing Road,House,Furnished,Ready to Move,Resale,Unknown,,Unknown,1300
637,Vadodara,390018,3,3,6545,Karelibaug,Apartment,Semi-Furnished,Ready to Move,Resale,East,1.0,Freehold,1100
638,Vadodara,390022,3,3,3199,Sama Savli Road,Apartment,Furnished,Ready to Move,Resale,Unknown,8.0,Unknown,1688
639,Vadodara,390022,3,4,2857,Suvernapuri Society Chikuwadi Alkapuri,Apartment,Unfurnished,Ready to Move,Resale,South,3.0,Freehold,2800
640,Vadodara,390022,2,2,2627,Vadsar,Apartment,Semi-Furnished,Ready to Move,Resale,Unknown,4.0,Unknown,1264
641,Vadodara,390022,2,2,5529,Khodiyar Nagar,Apartment,Furnished,Ready to Move,Resale,East,5.0,Freehold,850
642,Vadodara,390007,3,3,7558,Vasna Road,Builder Floor,Furnished,Ready to Move,Resale,East,1.0,Freehold,1257
643,Vadodara,390022,2,2,2383,Ajwa Road,Apartment,Semi-Furnished,Ready to Move,Resale,Unknown,2.0,Unknown,1200
644,Vadodara,390022,3,3,4074,Khatamba,House,Semi-Furnished,Ready to Move,Resale,Unknown,2.0,Unknown,1350
645,Vadodara,390022,3,3,7500,Gotri Road Gotri,Villa,Semi-Furnished,Ready to Move,Resale,North,,Freehold,1400
646,Vadodara,390022,4,4,9231,Race Course Road,Villa,Furnished,Ready to Move,Resale,East,,Freehold,6500
647,Vadodara,390022,4,4,12857,Karelibagh,House,Unfurnished,Ready to Move,Resale,East,,Freehold,2100
648,Vadodara,390007,3,3,4818,Saiyed Vasna,Apartment,Semi-Furnished,Ready to Move,Resale,East,3.0,Freehold,1100
649,Vadodara,391410,3,3,6926,Bhayli,Apartment,Unfurnished,Ready to Move,New Property,East,6.0,Freehold,1184
650,Vadodara,390012,3,3,6315,Kalali,Apartment,Semi-Furnished,Ready to Move,Resale,East,5.0,Freehold,1346
651,Vadodara,390007,4,4,8000,Alkapuri,Apartment,Furnished,Ready to Move,Resale,East,4.0,Freehold,2000
652,Vadodara,390023,2,4,7778,Subhanpura,House,Unfurnished,Ready to Move,Resale,West,,Freehold,900
653,Vadodara,390022,3,3,3198,Vasna Bhayli Main Road,Apartment,Unfurnished,Ready to Move,New Property,East,5.0,Freehold,1501
654,Vadodara,390023,3,3,6833,Subhanpura,Villa,Semi-Furnished,Ready to Move,Resale,East,,Freehold,1200
655,Vadodara,390019,5,4,9909,New Alkapuri,Apartment,Unfurnished,Ready to Move,Resale,East,5.0,Unknown,3835
656,Vadodara,390022,2,2,6618,Laxmipura Road,Apartment,Unfurnished,Ready to Move,New Property,South - East,3.0,Freehold,680
657,Vadodara,390022,2,2,1992,Old Padra Road,House,Semi-Furnished,Ready to Move,Resale,East,,Freehold,1230
658,Vadodara,390022,4,4,11290,Sama Savli Road,Apartment,Furnished,Ready to Move,Resale,East,14.0,Freehold,1860
659,Vadodara,390022,3,3,4954,Gorwa,Apartment,Semi-Furnished,Ready to Move,Resale,South - East,1.0,Freehold,1978
660,Vadodara,390012,4,4,5111,Atladara,House,Unfurnished,Ready to Move,Resale,East,,Freehold,2250
661,Vadodara,390022,3,4,15100,New Sama Road Chanakyapuri Society,Apartment,Furnished,Ready to Move,Resale,East,3.0,Co-operative Society,1000
662,Vadodara,390022,2,2,5455,Sama Savli Road,Apartment,Furnished,Ready to Move,Resale,East,3.0,Freehold,770
663,Vadodara,390023,2,4,9600,Subhanpura,House,Semi-Furnished,Ready to Move,Resale,East,,Unknown,1250
664,Vadodara,391410,4,4,11312,Bhayli,Apartment,Furnished,Ready to Move,Resale,North - East,3.0,Freehold,2210
665,Vadodara,390021,2,2,3509,Gotri,Apartment,Unfurnished,Unknown,Resale,Unknown,5.0,Unknown,1140
666,Vadodara,390007,4,4,9929,Alkapuri,Apartment,Unfurnished,Ready to Move,New Property,North,1.0,Freehold,2518
667,Vadodara,390012,4,4,5882,Kalali,Villa,Semi-Furnished,Ready to Move,Resale,East,,Freehold,1955
668,Vadodara,390022,4,4,6944,Old Padra Road,Villa,Furnished,Ready to Move,Resale,West,,Freehold,1800
669,Vadodara,390022,2,3,6181,Samta,House,Semi-Furnished,Ready to Move,Resale,Unknown,,Unknown,1050
670,Vadodara,390022,2,2,4286,Punit Nagar,Apartment,Furnished,Ready to Move,Resale,East,3.0,Unknown,1050
671,Vadodara,391101,2,2,3750,Sevasi,Apartment,Semi-Furnished,Ready to Move,Resale,Unknown,3.0,Unknown,1200
672,Vadodara,391740,3,3,8730,Chhani,Apartment,Furnished,Ready to Move,Resale,East,2.0,Co-operative Society,1260
673,Vadodara,391410,4,4,6720,Bhayli,Apartment,Unfurnished,Ready to Move,Resale,East,8.0,Freehold,2009
674,Vadodara,390009,3,4,6044,Tarsali,Villa,Semi-Furnished,Ready to Move,Resale,Unknown,,Unknown,1125
675,Vadodara,390012,4,4,3111,Atladra,Apartment,Semi-Furnished,Ready to Move,Resale,Unknown,8.0,Unknown,2250
676,Vadodara,390012,2,2,2486,Atladra,Apartment,Unfurnished,Ready to Move,Resale,Unknown,9.0,Unknown,1207
677,Vadodara,390022,3,3,4286,Ajwa Road,Apartment,Unfurnished,Ready to Move,New Property,East,10.0,Freehold,1400
678,Vadodara,390021,3,3,3750,Gotri,Apartment,Furnished,Ready to Move,Resale,Unknown,4.0,Freehold,2000
679,Vadodara,390022,2,2,2435,Dabhoi Road,Apartment,Semi-Furnished,Ready to Move,Resale,Unknown,1.0,Unknown,1150
680,Vadodara,390019,2,2,5963,New Alkapuri,Apartment,Furnished,Ready to Move,Resale,Unknown,1.0,Freehold,805
681,Vadodara,390022,2,2,6371,Makar Pura,Apartment,Unfurnished,Ready to Move,Resale,East,6.0,Freehold,620
682,Vadodara,390022,2,2,5652,Makar Pura,Apartment,Furnished,Ready to Move,Resale,Unknown,7.0,Unknown,690
683,Vadodara,390022,3,3,6056,Harni,Apartment,Unfurnished,Ready to Move,Resale,Unknown,7.0,Unknown,1321
684,Vadodara,390022,3,3,7143,Harni,Apartment,Semi-Furnished,Ready to Move,Resale,Unknown,9.0,Freehold,1400
685,Vadodara,390022,5,4,4696,Vasna Bhayli Main Road,Apartment,Unfurnished,Ready to Move,Resale,Unknown,6.0,Unknown,3450
686,Vadodara,390021,2,2,3551,Gotri,Apartment,Semi-Furnished,Ready to Move,Resale,East,5.0,Co-operative Society,1225
687,Vadodara,390007,3,3,4483,Vasna Road,Apartment,Semi-Furnished,Ready to Move,Resale,Unknown,2.0,Unknown,1450
688,Vadodara,390012,3,3,4222,Atladra,Apartment,Semi-Furnished,Ready to Move,Resale,West,4.0,Freehold,900
689,Vadodara,390022,2,2,3111,Vasna Bhayli Main Road,Apartment,Unfurnished,Ready to Move,New Property,Unknown,1.0,Unknown,900
690,Vadodara,390022,3,3,5361,Old Padra Road,Apartment,Semi-Furnished,Ready to Move,Resale,Unknown,7.0,Unknown,2052
691,Vadodara,391101,2,2,4211,Sevasi,Apartment,Unfurnished,Ready to Move,Resale,Unknown,2.0,Freehold,950
692,Vadodara,390007,2,2,4000,Vasna Road,Apartment,Semi-Furnished,Ready to Move,Resale,Unknown,4.0,Unknown,650
693,Vadodara,390012,2,2,4716,Kalali,Apartment,Unfurnished,Ready to Move,Resale,Unknown,5.0,Unknown,721
694,Vadodara,390022,2,2,3744,Makar Pura,Apartment,Semi-Furnished,Ready to Move,Resale,Unknown,3.0,Unknown,1015
695,Vadodara,390012,2,2,2947,Atladra,Builder Floor,Semi-Furnished,Ready to Move,Resale,Unknown,9.0,Unknown,950
696,Vadodara,390012,4,4,7667,Kalali,Villa,Unfurnished,Ready to Move,Resale,Unknown,,Freehold,1239
697,Vadodara,390012,3,3,3103,Atladra,Apartment,Furnished,Ready to Move,Resale,Unknown,4.0,Unknown,1450
698,Vadodara,390022,4,4,7064,Sama Savli Road,Apartment,Unfurnished,Ready to Move,Resale,Unknown,7.0,Unknown,1628
699,Vadodara,390012,2,2,3232,Kalali,Apartment,Furnished,Ready to Move,Resale,Unknown,4.0,Unknown,990
700,Vadodara,390022,3,3,4000,Vasna Bhayli Main Road,Apartment,Furnished,Unknown,Resale,Unknown,4.0,Unknown,1750
701,Vadodara,390012,2,2,3421,Kalali,Apartment,Furnished,Ready to Move,Resale,Unknown,1.0,Freehold,760
702,Vadodara,390022,2,2,2235,Maneja,Penthouse,Unfurnished,Ready to Move,Resale,Unknown,5.0,Unknown,1700
703,Vadodara,390022,3,3,4098,Kelanpur,Villa,Unfurnished,Ready to Move,Resale,Unknown,,Freehold,1025
704,Vadodara,390022,4,4,7692,Vasna Bhayli Main Road,Penthouse,Furnished,Ready to Move,Resale,Unknown,4.0,Freehold,1560
705,Vadodara,390022,2,3,3846,Fatehpura,House,Unfurnished,Ready to Move,Resale,Unknown,,Unknown,1300
706,Vadodara,390022,3,3,3148,satva Heights,Apartment,Furnished,Ready to Move,Resale,South - East,1.0,Freehold,2700
707,Vadodara,390022,3,3,3529,Ajwa Road,Apartment,Unfurnished,Ready to Move,Resale,East,10.0,Freehold,1275
708,Vadodara,390022,1,1,3593,Sayajigunj,Apartment,Unfurnished,Ready to Move,Resale,East,2.0,Freehold,501
709,Vadodara,390022,2,2,5143,RV Desai Road,Apartment,Furnished,Ready to Move,Resale,Unknown,4.0,Unknown,700
710,Vadodara,390022,2,2,5118,RV Desai Road,Apartment,Semi-Furnished,Ready to Move,Resale,East,3.0,Co-operative Society,850
711,Vadodara,390022,3,3,5268,Sangam Char Rasta,Apartment,Unfurnished,Ready to Move,Resale,Unknown,10.0,Freehold,1993
712,Vadodara,391410,3,3,3684,Bhayli,Apartment,Semi-Furnished,Ready to Move,Resale,Unknown,3.0,Unknown,950
713,Vadodara,390022,3,2,3500,Ajwa Road,House,Semi-Furnished,Ready to Move,Resale,North,1.0,Freehold,1000
714,Vadodara,390007,4,6,6333,Vasna Road,Apartment,Furnished,Ready to Move,Resale,Unknown,3.0,Unknown,3000
715,Vadodara,390022,1,2,3250,Sayaji Park Society,House,Semi-Furnished,Ready to Move,Resale,Unknown,,Unknown,2000
716,Vadodara,390002,1,2,14318,Nizampura,House,Semi-Furnished,Ready to Move,Resale,South - East,1.0,Co-operative Society,2200
717,Vadodara,390002,3,3,7407,Nizampura,Apartment,Furnished,Ready to Move,Resale,South - East,1.0,Freehold,1350
718,Vadodara,390022,3,3,3750,Sun Pharma Road,Apartment,Semi-Furnished,Ready to Move,Resale,North,3.0,Freehold,1600
719,Vadodara,390002,1,1,7143,Soma Talav,House,Unfurnished,Ready to Move,Resale,East,,Freehold,770
720,Vadodara,390022,2,2,2889,Pratham Upvan,Penthouse,Unfurnished,Ready to Move,Resale,East,5.0,Freehold,1800
721,Vadodara,390022,2,2,3133,Zavernagar,Apartment,Furnished,Ready to Move,Resale,Unknown,3.0,Unknown,750
722,Vadodara,390022,1,2,3143,Nava Bazar,House,Unfurnished,Ready to Move,Resale,East,3.0,Freehold,1750
723,Vadodara,390007,3,3,6923,Vasna Road,House,Semi-Furnished,Ready to Move,Resale,North,,Freehold,1300
724,Vadodara,390022,3,3,4571,Vasna Bhayli Main Road,Penthouse,Unfurnished,Ready to Move,New Property,West,5.0,Co-operative Society,1400
725,Vadodara,391410,3,3,4396,Bhayli,Apartment,Semi-Furnished,Ready to Move,Resale,Unknown,4.0,Unknown,910
726,Vadodara,390022,2,2,6726,Harni,Apartment,Furnished,Ready to Move,Resale,Unknown,2.0,Freehold,565
727,Vadodara,390022,2,2,5385,Bill,Apartment,Semi-Furnished,Ready to Move,Resale,Unknown,5.0,Unknown,650
728,Vadodara,390022,2,2,2653,Bill,Apartment,Furnished,Ready to Move,Resale,West,7.0,Co-operative Society,980
729,Vadodara,390012,2,2,3400,Atladra,Apartment,Semi-Furnished,Ready to Move,Resale,West,2.0,Unknown,1000
730,Vadodara,390022,2,2,3590,Harni,Apartment,Semi-Furnished,Ready to Move,Resale,Unknown,4.0,Unknown,975
731,Vadodara,390022,2,2,4342,Samta,Apartment,Unfurnished,Ready to Move,Resale,Unknown,3.0,Unknown,691
732,Vadodara,390022,3,2,4250,Time square fatehgunj,Apartment,Semi-Furnished,Ready to Move,Resale,Unknown,6.0,Unknown,1000
733,Vadodara,390007,3,3,3750,Vasna Road,Apartment,Semi-Furnished,Ready to Move,Resale,Unknown,2.0,Unknown,1200
734,Vadodara,390022,2,2,6696,Harni,Apartment,Furnished,Ready to Move,Resale,North,4.0,Freehold,672
735,Vadodara,390021,3,5,7634,Gotri,House,Semi-Furnished,Ready to Move,Resale,Unknown,2.0,Co-operative Society,1310
736,Vadodara,390022,3,3,3340,Sama Savli Road,Builder Floor,Semi-Furnished,Ready to Move,Resale,East,3.0,Freehold,1437
737,Vadodara,390022,3,3,3462,Sun Pharma Road,Apartment,Semi-Furnished,Ready to Move,Resale,Unknown,4.0,Unknown,1300
738,Vadodara,390022,1,2,7294,Shiv Bunglows,House,Unfurnished,Ready to Move,Resale,Unknown,,Unknown,850
739,Vadodara,390022,2,2,3153,Dabhoi Road,Apartment,Semi-Furnished,Ready to Move,Resale,East,4.0,Freehold,999
740,Vadodara,390007,2,2,2688,Vasna Road,Apartment,Furnished,Ready to Move,Resale,Unknown,4.0,Unknown,1600
741,Vadodara,390022,2,2,6118,Vasna Bhayli Main Road,Apartment,Unfurnished,Ready to Move,Resale,East,3.0,Freehold,850
742,Vadodara,390022,4,4,5750,Vasant Vihar,Penthouse,Semi-Furnished,Ready to Move,Resale,East,4.0,Co-operative Society,2000
743,Vadodara,390022,5,4,6087,Vasna Bhayli Main Road,Apartment,Furnished,Ready to Move,Resale,East,8.0,Freehold,2300
744,Vadodara,390022,1,1,5489,Koyali,House,Furnished,Ready to Move,Resale,East,,Unknown,583
745,Vadodara,390022,3,3,6111,New Sama Road Chanakyapuri Society,Builder Floor,Semi-Furnished,Ready to Move,New Property,West,1.0,Freehold,900
746,Vadodara,390022,1,1,3910,Chapad,Villa,Semi-Furnished,Unknown,Resale,Unknown,,Unknown,1000
747,Vadodara,390022,2,2,2516,Sangam Char Rasta,Apartment,Unfurnished,Unknown,Resale,Unknown,,Unknown,950
748,Vadodara,390012,3,3,4909,Atladara,Penthouse,Furnished,Ready to Move,Resale,North - East,5.0,Freehold,1100
749,Vadodara,390022,2,2,3556,Bill,Apartment,Semi-Furnished,Ready to Move,Resale,Unknown,2.0,Freehold,675
750,Vadodara,390012,3,3,5500,Atladra,Apartment,Unfurnished,Ready to Move,Resale,East,4.0,Co-operative Society,1000
751,Vadodara,390022,2,2,2785,Yakutpura,Apartment,Unfurnished,Unknown,Resale,Unknown,,Unknown,650
752,Vadodara,390022,2,2,2368,Nani Bapod,Apartment,Unfurnished,Unknown,Resale,Unknown,,Unknown,870
753,Vadodara,390022,1,2,1907,Babajipura,Apartment,Unfurnished,Unknown,Resale,Unknown,,Unknown,750
754,Vadodara,390022,2,2,4286,Sama Savli Road,Apartment,Furnished,Ready to Move,Resale,East,10.0,Freehold,1050
755,Vadodara,390022,2,2,2857,Vrundavan,Apartment,Unfurnished,Unknown,Resale,Unknown,,Unknown,770
756,Vadodara,390022,3,1,6958,Bahar Colony,House,Unfurnished,Unknown,Resale,Unknown,,Unknown,480
757,Vadodara,390022,3,3,3910,Shanti Nagar,Villa,Unfurnished,Unknown,Resale,Unknown,,Unknown,2348
758,Vadodara,390022,2,2,2600,Ekta Nagar,Apartment,Unfurnished,Unknown,Resale,Unknown,,Unknown,750
759,Vadodara,390022,3,3,2569,Yakutpura,House,Semi-Furnished,Unknown,Resale,Unknown,,Unknown,1600
760,Vadodara,390022,3,5,3200,sel,House,Semi-Furnished,Ready to Move,Resale,Unknown,,Unknown,1500
761,Vadodara,390011,2,2,6286,Manjalpur,Apartment,Semi-Furnished,Ready to Move,Resale,East,7.0,Freehold,875
762,Vadodara,390022,2,2,4375,Vasna Bhayli Main Road,Apartment,Unfurnished,Ready to Move,Resale,Unknown,3.0,Unknown,800
763,Vadodara,390022,3,5,4904,Koyali,Villa,Unfurnished,Ready to Move,Resale,East,,Freehold,1937
764,Vadodara,390022,2,2,4444,Makar Pura,Apartment,Unfurnished,Ready to Move,Resale,East,4.0,Freehold,900
765,Vadodara,390025,1,2,3000,Waghodia Road,Apartment,Furnished,Ready to Move,Resale,Unknown,4.0,Unknown,800
766,Vadodara,390012,2,2,3556,Atladra,Apartment,Unfurnished,Ready to Move,Resale,Unknown,2.0,Unknown,900
767,Vadodara,390012,3,3,6786,Kalali,Villa,Furnished,Ready to Move,Resale,North,,Unknown,1400
768,Vadodara,390022,2,2,3864,Bill,Apartment,Semi-Furnished,Ready to Move,Resale,North - East,4.0,Freehold,634
769,Vadodara,390022,4,4,5197,New Kareli Baug,Apartment,Furnished,Ready to Move,Resale,North - East,4.0,Freehold,1270
770,Vadodara,390022,2,2,4487,Vasna Bhayli Main Road,Apartment,Semi-Furnished,Ready to Move,Resale,Unknown,3.0,Unknown,780
771,Vadodara,390022,1,1,6349,Karelibagh,Penthouse,Semi-Furnished,Ready to Move,Resale,Unknown,4.0,Unknown,504
772,Vadodara,390022,1,1,4358,Vemali,Builder Floor,Semi-Furnished,Ready to Move,Resale,Unknown,4.0,Freehold,413
773,Vadodara,390012,3,3,6542,Tandalja,Apartment,Semi-Furnished,Ready to Move,Resale,Unknown,1.0,Unknown,1070
774,Vadodara,390021,2,2,3333,Gotri,Apartment,Semi-Furnished,Ready to Move,Resale,Unknown,3.0,Unknown,1200
775,Vadodara,390012,3,3,4167,Atladra,Apartment,Semi-Furnished,Ready to Move,Resale,West,6.0,Co-operative Society,1200
776,Vadodara,390022,3,4,8231,Karelibagh,House,Furnished,Ready to Move,Resale,Unknown,3.0,Unknown,1300
777,Vadodara,390022,3,4,13636,Harni,House,Semi-Furnished,Ready to Move,Resale,Unknown,,Unknown,1100
778,Vadodara,390022,2,2,4667,Gorwa,Apartment,Semi-Furnished,Ready to Move,Resale,North,4.0,Freehold,750
779,Vadodara,390022,1,2,5508,Old Padra Road,House,Unfurnished,Ready to Move,Resale,North,1.0,Co-operative Society,1180
780,Vadodara,390012,4,4,7222,Atladra,Apartment,Furnished,Ready to Move,Resale,West,1.0,Co-operative Society,1800
781,Vadodara,390022,2,2,4133,Guru Gobindsinhji Marg,Apartment,Semi-Furnished,Ready to Move,Resale,Unknown,4.0,Unknown,750
782,Vadodara,390022,2,2,5543,Harni,Apartment,Semi-Furnished,Ready to Move,Resale,Unknown,1.0,Unknown,810
783,Vadodara,390002,3,3,7290,Soma Talav,House,Semi-Furnished,Ready to Move,Resale,North,,Freehold,1166
784,Vadodara,390022,3,3,5347,Hari nagar,Penthouse,Semi-Furnished,Ready to Move,Resale,East,4.0,Freehold,1700
785,Vadodara,390012,4,4,3116,Tandalja,Apartment,Semi-Furnished,Ready to Move,Resale,Unknown,3.0,Unknown,2590
786,Vadodara,390012,4,4,13333,Atladra,Villa,Furnished,Ready to Move,Resale,Unknown,,Unknown,1350
787,Vadodara,390022,3,3,4993,Vasant Vihar,Penthouse,Furnished,Ready to Move,Resale,East,4.0,Freehold,1442
788,Vadodara,390022,4,4,4950,Harni,Apartment,Semi-Furnished,Ready to Move,Resale,Unknown,2.0,Unknown,2000
789,Vadodara,390022,2,2,3333,Gotri Sevasi Road,Apartment,Semi-Furnished,Ready to Move,Resale,Unknown,3.0,Unknown,900
790,Vadodara,390025,1,1,6340,Waghodia,Apartment,Semi-Furnished,Ready to Move,Resale,Unknown,8.0,Unknown,347
791,Vadodara,390022,2,2,8000,Danteshwar,House,Unfurnished,Ready to Move,Resale,Unknown,1.0,Unknown,750
792,Vadodara,390022,3,3,4834,Nehru Chacha Nagar,Apartment,Furnished,Ready to Move,Resale,Unknown,3.0,Unknown,724
793,Vadodara,390025,3,3,8252,Waghodia Road,House,Unfurnished,Ready to Move,Resale,West,,Freehold,1030
794,Vadodara,390022,2,2,7407,akhanksha duplex laxmipura,House,Semi-Furnished,Ready to Move,Resale,East,,Freehold,1350
795,Vadodara,390022,2,2,2857,Makar Pura,Apartment,Semi-Furnished,Ready to Move,Resale,Unknown,3.0,Unknown,875
796,Vadodara,390021,2,2,4769,Gotri,Apartment,Unfurnished,Ready to Move,Resale,East,4.0,Freehold,650
797,Vadodara,390022,1,1,4111,Shreemay appartment atladara,Apartment,Furnished,Ready to Move,Resale,Unknown,2.0,Unknown,450
798,Vadodara,390007,3,3,6000,Vasna Road,Villa,Semi-Furnished,Ready to Move,Resale,Unknown,,Unknown,1250
799,Vadodara,390009,2,2,3571,Tarsali,Apartment,Semi-Furnished,Ready to Move,Resale,Unknown,6.0,Unknown,532
800,Vadodara,390022,3,3,5652,Harni,Apartment,Semi-Furnished,Ready to Move,Resale,East,1.0,Freehold,1150
801,Vadodara,390022,2,2,4471,RV Desai Road,Apartment,Semi-Furnished,Ready to Move,Resale,East,2.0,Freehold,850
802,Vadodara,390022,2,2,2895,Madanzapa Road,Apartment,Semi-Furnished,Ready to Move,Resale,North,4.0,Freehold,760
803,Vadodara,391410,2,2,5806,Bhayli,Apartment,Unfurnished,Ready to Move,Resale,Unknown,3.0,Unknown,620
804,Vadodara,390018,2,2,10384,Karelibaug,Apartment,Furnished,Ready to Move,Resale,East,14.0,Unknown,963
805,Vadodara,390022,3,3,3846,Sayajipura,Apartment,Furnished,Ready to Move,Resale,East,5.0,Freehold,910
806,Vadodara,390022,2,2,5030,Vadsar,Apartment,Semi-Furnished,Ready to Move,Resale,Unknown,3.0,Unknown,656
807,Vadodara,390022,3,3,9000,Ayodhya Nagar,House,Furnished,Ready to Move,Resale,Unknown,,Unknown,1000
808,Vadodara,390012,2,2,3958,Kalali,Penthouse,Semi-Furnished,Ready to Move,Resale,North - West,9.0,Leasehold,960
809,Vadodara,390011,3,3,5789,Manjalpur,Apartment,Unfurnished,Ready to Move,Resale,East,4.0,Freehold,950
810,Vadodara,390022,2,2,3397,atladara bill canal road,Apartment,Semi-Furnished,Ready to Move,Resale,West,3.0,Freehold,780
811,Vadodara,390007,2,3,4400,Vasna Road,Apartment,Furnished,Ready to Move,Resale,North,4.0,Co-operative Society,1250
812,Vadodara,390022,3,3,7500,Harni Road,Apartment,Furnished,Ready to Move,Resale,South,6.0,Unknown,1200
813,Vadodara,390012,3,3,5151,Atladra,Apartment,Furnished,Ready to Move,Resale,East,6.0,Freehold,1456
814,Vadodara,390022,2,2,2500,New Kareli Baug,Apartment,Unfurnished,Ready to Move,Resale,Unknown,2.0,Unknown,1000
815,Vadodara,390022,2,2,2500,Undera,Apartment,Furnished,Unknown,Resale,Unknown,3.0,Unknown,1400
816,Vadodara,390022,4,4,7778,Harni,House,Furnished,Ready to Move,Resale,Unknown,,Unknown,1800
817,Vadodara,390022,2,2,10833,Ellora Park,House,Furnished,Ready to Move,Resale,Unknown,,Unknown,1200
818,Vadodara,390022,2,2,3336,Harni,Apartment,Furnished,Ready to Move,Resale,Unknown,7.0,Unknown,1319
819,Vadodara,391440,1,1,3043,Padra,Apartment,Unfurnished,Ready to Move,Resale,Unknown,5.0,Unknown,460
820,Vadodara,390002,2,2,4160,Soma Talav,Apartment,Semi-Furnished,Ready to Move,Resale,Unknown,2.0,Freehold,625
821,Vadodara,390002,2,3,8571,Fatehgunj,House,Furnished,Ready to Move,Resale,West,4.0,Freehold,1400
822,Vadodara,390020,2,4,3864,Akota,Apartment,Semi-Furnished,Ready to Move,Resale,Unknown,4.0,Freehold,2200
823,Vadodara,390022,3,3,4615,Vasna Bhayli Main Road,Penthouse,Semi-Furnished,Ready to Move,Resale,South,4.0,Freehold,1300
824,Vadodara,390022,2,2,2435,Kanha Dreams,Apartment,Unfurnished,Ready to Move,Resale,East,2.0,Freehold,1150
825,Vadodara,390022,2,1,3167,Pani Gate,House,Semi-Furnished,Ready to Move,Resale,Unknown,,Unknown,1200
826,Vadodara,390007,3,4,13158,Alkapuri,Apartment,Unfurnished,Ready to Move,Resale,Unknown,11.0,Unknown,1710
827,Vadodara,390022,3,3,3719,kanha gold suryanagar,Penthouse,Unfurnished,Ready to Move,Resale,Unknown,4.0,Unknown,1210
828,Vadodara,390022,3,3,4096,Ashwamegh Nagar,Apartment,Unfurnished,Ready to Move,Resale,Unknown,3.0,Unknown,1660
829,Vadodara,390022,4,4,3867,Raopura,Apartment,Unfurnished,Ready to Move,Resale,East,2.0,Freehold,1500
830,Vadodara,390022,2,2,5500,Harni,Apartment,Furnished,Ready to Move,Resale,Unknown,4.0,Unknown,800
831,Vadodara,390022,2,2,3300,VIP Road,Apartment,Furnished,Ready to Move,New Property,Unknown,1.0,Freehold,1000
832,Vadodara,390025,2,3,4222,Waghodia,Apartment,Unfurnished,Ready to Move,Resale,Unknown,3.0,Unknown,900
833,Vadodara,390022,3,3,2895,Hari nagar,Penthouse,Unfurnished,Ready to Move,Resale,Unknown,8.0,Unknown,1900
834,Vadodara,390022,5,5,13333,Old Padra Road,House,Semi-Furnished,Ready to Move,Resale,Unknown,,Unknown,1500
835,Vadodara,390022,2,2,2500,Sayajigunj,Apartment,Unfurnished,Ready to Move,Resale,Unknown,1.0,Unknown,1000
836,Vadodara,391410,4,4,7071,Bhayli,House,Unfurnished,Ready to Move,Resale,Unknown,,Unknown,1400
837,Vadodara,390020,2,3,6884,Akota Road,Apartment,Furnished,Ready to Move,Resale,Unknown,2.0,Freehold,1075
838,Vadodara,390024,3,4,3488,Sama,Apartment,Semi-Furnished,Ready to Move,Resale,Unknown,3.0,Unknown,2150
839,Vadodara,390023,2,2,5455,Subhanpura,Apartment,Furnished,Ready to Move,Resale,East,5.0,Co-operative Society,1100
840,Vadodara,390022,2,2,5976,Old Padra Road,Apartment,Semi-Furnished,Ready to Move,Resale,East,4.0,Freehold,753
841,Vadodara,390012,3,3,3500,Atladara,Apartment,Semi-Furnished,Ready to Move,New Property,Unknown,5.0,Freehold,1000
842,Vadodara,390022,2,2,3942,New Sama,Apartment,Unfurnished,Ready to Move,Resale,East,3.0,Freehold,1040
843,Vadodara,390022,2,2,2455,New Kareli Baug,Apartment,Unfurnished,Ready to Move,Resale,East,4.0,Co-operative Society,1100
844,Vadodara,390022,2,2,5556,Sama Savli Road,Apartment,Furnished,Ready to Move,Resale,West,1.0,Co-operative Society,900
845,Vadodara,390022,4,4,10000,Siddharth resicome kapurai,Villa,Semi-Furnished,Ready to Move,Resale,East,,Co-operative Society,1000
846,Vadodara,390022,2,2,3560,Gotri Road Gotri,Apartment,Semi-Furnished,Ready to Move,Resale,East,5.0,Freehold,1250
847,Vadodara,390022,1,2,3147,Guru Gobindsinhji Marg,Apartment,Furnished,Ready to Move,Resale,East,4.0,Freehold,715
848,Vadodara,390022,2,4,11212,Samta,House,Semi-Furnished,Ready to Move,Resale,North - East,1.0,Unknown,1650
849,Vadodara,390022,3,3,2222,Dabhoi Road,Apartment,Semi-Furnished,Ready to Move,Resale,Unknown,3.0,Unknown,1350
850,Vadodara,390022,3,3,6202,Dabhoi Road,Villa,Unfurnished,Ready to Move,Resale,West,,Freehold,890
851,Vadodara,390022,1,2,6133,Sun Pharma Road,House,Furnished,Ready to Move,Resale,Unknown,,Freehold,1500
852,Vadodara,390022,3,3,7313,Sama Savli Road,Apartment,Furnished,Ready to Move,Resale,Unknown,13.0,Unknown,1094
853,Vadodara,390022,2,3,5909,Ramwadi,Apartment,Furnished,Ready to Move,Resale,East,3.0,Freehold,1100
854,Vadodara,390002,3,3,4160,Soma Talav,Apartment,Semi-Furnished,Ready to Move,Resale,Unknown,4.0,Freehold,1250
855,Vadodara,390022,1,1,3750,Undera,House,Unfurnished,Ready to Move,Resale,Unknown,,Unknown,1200
856,Vadodara,390022,1,2,3273,Nilkanth residency Makarpura Airforce station,Apartment,Unfurnished,Ready to Move,Resale,East,3.0,Unknown,550
857,Vadodara,390022,3,4,7273,Nani Bapod,House,Furnished,Ready to Move,Resale,South -West,2.0,Freehold,1100
858,Vadodara,390022,2,2,9259,NEAR INDUSTRIAL SOCIETY,House,Furnished,Ready to Move,Resale,Unknown,,Freehold,540
859,Vadodara,390022,2,2,3125,Kapurai Village,Penthouse,Unfurnished,Ready to Move,Resale,Unknown,7.0,Freehold,1440
860,Vadodara,390023,2,3,4000,Subhanpura,Apartment,Semi-Furnished,Ready to Move,Resale,East,1.0,Freehold,1450
861,Vadodara,390022,4,4,3066,Bill,Penthouse,Furnished,Ready to Move,Resale,Unknown,5.0,Unknown,2120
862,Vadodara,390022,2,2,4385,Jambuva,Apartment,Furnished,Ready to Move,Resale,Unknown,4.0,Unknown,650
863,Vadodara,390007,2,2,3526,Vasna Road,Builder Floor,Unfurnished,Ready to Move,Resale,North - East,2.0,Freehold,970
864,Vadodara,390022,2,2,5921,Khodiyar Nagar,Apartment,Semi-Furnished,Ready to Move,Resale,East,4.0,Freehold,760
865,Vadodara,390022,2,2,3571,Bill,Apartment,Semi-Furnished,Ready to Move,Resale,East,5.0,Unknown,700
866,Vadodara,390022,2,2,2413,Undera,Apartment,Semi-Furnished,Ready to Move,Resale,Unknown,1.0,Freehold,1119
867,Vadodara,390022,2,2,3974,Bill,Apartment,Furnished,Ready to Move,Resale,North - East,5.0,Unknown,780
868,Vadodara,390007,3,4,4850,Vasna Road,Apartment,Furnished,Ready to Move,Resale,Unknown,4.0,Unknown,2165
869,Vadodara,390012,1,1,3636,Atladra,Apartment,Semi-Furnished,Ready to Move,Resale,Unknown,3.0,Unknown,550
870,Vadodara,390022,1,1,3091,Raopura,Builder Floor,Unfurnished,Ready to Move,Resale,Unknown,2.0,Unknown,550
871,Vadodara,390022,2,2,2632,Ajwa Road,Apartment,Unfurnished,Ready to Move,Resale,East,6.0,Freehold,950
872,Vadodara,390022,3,2,3438,BPC Road,Penthouse,Furnished,Ready to Move,Resale,Unknown,4.0,Freehold,1600
873,Vadodara,390007,2,2,2805,Vasna Road,Apartment,Semi-Furnished,Ready to Move,Resale,East,3.0,Freehold,1105
874,Vadodara,390022,3,3,4357,Jambuva,House,Unfurnished,Ready to Move,Resale,East,,Unknown,1400
875,Vadodara,390022,2,2,3182,Vasna Bhayli Main Road,Apartment,Semi-Furnished,Ready to Move,Resale,Unknown,2.0,Unknown,1100
876,Vadodara,390022,5,6,8333,Mujmahuda,Villa,Unfurnished,Ready to Move,Resale,Unknown,,Unknown,4200
877,Vadodara,390012,3,3,4688,Atladra,House,Semi-Furnished,Ready to Move,Resale,North - East,1.0,Freehold,1600
878,Vadodara,391101,3,3,3116,Sevasi,Penthouse,Semi-Furnished,Ready to Move,Resale,West,4.0,Freehold,1765
879,Vadodara,390022,3,3,3668,New Sama Road,Penthouse,Semi-Furnished,Ready to Move,Resale,West,4.0,Freehold,1622
880,Vadodara,390011,1,1,8143,Manjalpur,House,Semi-Furnished,Ready to Move,Resale,East,,Freehold,700
881,Vadodara,390022,3,3,4563,Warasiya,House,Unfurnished,Ready to Move,Resale,Unknown,1.0,Unknown,1260
882,Vadodara,390022,2,2,4000,Sun Pharma Road,Apartment,Furnished,Ready to Move,Resale,East,4.0,Co-operative Society,750
883,Vadodara,390022,1,2,3692,Laxmipura,Apartment,Unfurnished,Ready to Move,Resale,Unknown,6.0,Unknown,650
884,Vadodara,390022,5,5,10000,Vemali,Penthouse,Furnished,Ready to Move,Resale,East,2.0,Freehold,2750
885,Vadodara,390007,3,3,5263,Alkapuri,Apartment,Furnished,Ready to Move,Resale,South,2.0,Freehold,1520
886,Vadodara,390007,2,2,4103,Vasna Road,Apartment,Furnished,Ready to Move,Resale,East,3.0,Freehold,780
887,Vadodara,390022,3,3,633,Makarpura GIDC,House,Unfurnished,Ready to Move,Resale,East,1.0,Unknown,15000
888,Vadodara,390025,1,2,7778,Waghodia Road,House,Unfurnished,Ready to Move,Resale,Unknown,,Unknown,900
889,Vadodara,390022,3,3,7089,Ankhol,House,Unfurnished,Ready to Move,Resale,East,2.0,Freehold,790
890,Vadodara,390022,2,3,3200,Pratapnagar,Apartment,Semi-Furnished,Ready to Move,Resale,Unknown,2.0,Unknown,1000
891,Vadodara,390018,3,3,4815,Karelibaug,Apartment,Furnished,Ready to Move,Resale,North - West,4.0,Co-operative Society,1350
892,Vadodara,390021,4,4,4233,Gotri,Penthouse,Semi-Furnished,Ready to Move,Resale,Unknown,2.0,Unknown,1890
893,Vadodara,390012,2,3,2786,Atladra,Apartment,Semi-Furnished,Ready to Move,Resale,Unknown,2.0,Unknown,1400
894,Vadodara,390022,1,2,9732,New Sama Road,House,Semi-Furnished,Ready to Move,Resale,East,,Freehold,822
895,Vadodara,390022,2,4,4566,Warasiya,Apartment,Unfurnished,Ready to Move,Resale,Unknown,2.0,Unknown,876
896,Vadodara,390022,2,2,7444,Sama Savli Road,Penthouse,Unfurnished,Ready to Move,Resale,North - East,5.0,Freehold,900
897,Vadodara,390022,2,2,8017,Gorwa,House,Unfurnished,Ready to Move,Resale,South,1.0,Freehold,1210
898,Vadodara,390022,2,2,4368,Pashabhai Park,Apartment,Unfurnished,Ready to Move,Resale,Unknown,4.0,Unknown,870
899,Vadodara,390022,2,2,5333,Old Padra Road,Apartment,Furnished,Ready to Move,New Property,East,1.0,Freehold,750
900,Vadodara,390022,3,3,7081,Dabhoi Road,Apartment,Furnished,Ready to Move,Resale,Unknown,6.0,Unknown,805
901,Vadodara,390022,2,2,2706,Bill,Apartment,Semi-Furnished,Ready to Move,Resale,Unknown,3.0,Unknown,924
902,Vadodara,390007,2,2,3646,Vasna Road,Apartment,Furnished,Ready to Move,Resale,East,1.0,Freehold,960
903,Vadodara,390022,1,2,16923,Vasna Bhayli Main Road,House,Semi-Furnished,Ready to Move,Resale,Unknown,1.0,Unknown,650
904,Vadodara,390022,2,2,2639,New VIP Road Area,Apartment,Furnished,Ready to Move,Resale,Unknown,1.0,Freehold,1080
905,Vadodara,390022,2,2,3750,Purushottam Nagar,Apartment,Semi-Furnished,Ready to Move,Resale,South -West,3.0,Freehold,800
906,Vadodara,390022,2,2,4318,Gotri Road Gotri,Apartment,Furnished,Ready to Move,Resale,Unknown,3.0,Unknown,880
907,Vadodara,391740,3,3,4395,Chhani,Apartment,Semi-Furnished,Ready to Move,Resale,Unknown,10.0,Unknown,1024
908,Vadodara,390012,2,2,4528,Atladra,Apartment,Furnished,Ready to Move,Resale,West,12.0,Leasehold,773
909,Vadodara,390022,4,4,12617,Bill,House,Furnished,Ready to Move,Resale,East,,Freehold,1387
910,Vadodara,390022,2,2,3659,Vadsar,Apartment,Unfurnished,Ready to Move,Resale,East,2.0,Freehold,656
911,Vadodara,390022,4,3,9444,Khatamba,Villa,Semi-Furnished,Ready to Move,Resale,East,,Unknown,900
912,Vadodara,390011,2,2,3800,Manjalpur,Apartment,Semi-Furnished,Ready to Move,Resale,Unknown,5.0,Unknown,1000
913,Vadodara,390002,3,3,2941,Diwalipura,Apartment,Unfurnished,Ready to Move,Resale,Unknown,4.0,Unknown,1700
914,Vadodara,390002,2,2,3360,Nizampura,Apartment,Semi-Furnished,Ready to Move,Resale,Unknown,4.0,Unknown,1250
915,Vadodara,390022,3,3,5492,Harni,Apartment,Furnished,Ready to Move,Resale,Unknown,5.0,Unknown,1402
916,Vadodara,390018,4,4,3357,Karelibaug,Apartment,Semi-Furnished,Ready to Move,Resale,East,4.0,Freehold,1400
917,Vadodara,390025,1,1,7759,Waghodia,Apartment,Furnished,Ready to Move,Resale,Unknown,9.0,Unknown,348
918,Vadodara,390022,3,3,6818,Bill,House,Unfurnished,Ready to Move,Resale,West,,Freehold,1188
919,Vadodara,390021,2,2,2983,Gotri,Apartment,Unfurnished,Ready to Move,Resale,Unknown,5.0,Unknown,905
920,Vadodara,390012,2,2,3754,Atladra,Apartment,Unfurnished,Ready to Move,Resale,West,8.0,Freehold,1465
921,Vadodara,390025,2,2,15000,Waghodia Road,Villa,Unfurnished,Ready to Move,Resale,Unknown,,Unknown,600
922,Vadodara,390012,1,1,3956,Atladra,Apartment,Semi-Furnished,Ready to Move,Resale,Unknown,3.0,Unknown,455
923,Vadodara,390022,2,2,2467,Sun Pharma Road,Apartment,Semi-Furnished,Ready to Move,Resale,Unknown,5.0,Unknown,1500
924,Vadodara,390023,2,2,3241,Subhanpura,Apartment,Semi-Furnished,Ready to Move,Resale,Unknown,3.0,Freehold,1265
925,Vadodara,390022,2,2,8000,Satva Heights,Apartment,Furnished,Ready to Move,Resale,Unknown,2.0,Unknown,650
926,Vadodara,390022,2,2,3476,Khodiyar Nagar,Apartment,Unfurnished,Ready to Move,Resale,Unknown,2.0,Unknown,1050
927,Vadodara,390022,2,2,3429,Kendranagar,Apartment,Semi-Furnished,Ready to Move,Resale,Unknown,1.0,Freehold,700
928,Vadodara,390022,2,2,3750,Khodiyar Nagar,Apartment,Furnished,Ready to Move,Resale,Unknown,2.0,Freehold,1120
929,Vadodara,390022,1,1,5143,Salatwada,Apartment,Semi-Furnished,Ready to Move,Resale,East,3.0,Unknown,350
930,Vadodara,390022,3,3,9504,Vasna Bhayli Main Road,Apartment,Furnished,Unknown,Resale,Unknown,2.0,Unknown,1210
931,Vadodara,390022,2,2,3600,Harni,Apartment,Semi-Furnished,Ready to Move,Resale,Unknown,4.0,Unknown,1000
932,Vadodara,390002,4,4,9059,Diwalipura,Villa,Semi-Furnished,Ready to Move,Resale,Unknown,,Unknown,850
933,Vadodara,391740,1,1,3529,Chhani,Apartment,Semi-Furnished,Ready to Move,Resale,Unknown,3.0,Unknown,595
934,Vadodara,390022,4,4,4595,Padra Road,Apartment,Furnished,Ready to Move,Resale,Unknown,10.0,Unknown,1850
935,Vadodara,390002,2,2,6887,Fatehgunj,Apartment,Semi-Furnished,Ready to Move,Resale,North - West,5.0,Power Of Attorney,726
936,Vadodara,390022,2,2,3889,Jambuva,House,Unfurnished,Ready to Move,Resale,North - East,1.0,Freehold,900
937,Vadodara,390012,2,3,12529,Tandalja,House,Furnished,Ready to Move,Resale,Unknown,,Unknown,1277
938,Vadodara,391740,3,3,7037,Chhani,Apartment,Furnished,Ready to Move,Resale,Unknown,3.0,Unknown,1350
939,Vadodara,390012,2,3,4000,Atladra,Apartment,Unfurnished,Ready to Move,Resale,Unknown,7.0,Unknown,900
940,Vadodara,390007,3,3,3462,Vasna Road,Apartment,Semi-Furnished,Ready to Move,Resale,Unknown,3.0,Unknown,1300
941,Vadodara,390011,3,3,5227,Manjalpur,Apartment,Furnished,Ready to Move,Resale,Unknown,1.0,Unknown,880
942,Vadodara,390011,2,2,4560,Manjalpur,Apartment,Semi-Furnished,Ready to Move,Resale,West,3.0,Freehold,1250
943,Vadodara,390022,2,2,3438,Old Padra Road,Apartment,Semi-Furnished,Ready to Move,Resale,East,2.0,Freehold,800
944,Vadodara,390022,2,2,3614,Rajeshwar Gold View,Apartment,Semi-Furnished,Ready to Move,Resale,East,3.0,Freehold,996
945,Vadodara,390022,1,1,2761,parth complex,Apartment,Semi-Furnished,Ready to Move,Resale,South,2.0,Freehold,670
946,Vadodara,390020,2,2,3714,Akota,Apartment,Semi-Furnished,Ready to Move,Resale,North - East,7.0,Freehold,1050
947,Vadodara,390022,2,2,4660,Makar Pura,Apartment,Unfurnished,Ready to Move,Resale,East,3.0,Freehold,1015
948,Vadodara,390022,2,2,7207,Harni,Apartment,Furnished,Ready to Move,Resale,Unknown,1.0,Freehold,555
949,Vadodara,390022,2,3,4571,Vadodara,Apartment,Furnished,Ready to Move,Resale,East,4.0,Freehold,1050
950,Vadodara,390022,2,2,4056,Shiyabaug shree square,Apartment,Semi-Furnished,Ready to Move,Resale,Unknown,5.0,Unknown,789
951,Vadodara,390020,4,5,9623,Akota Road,Villa,Furnished,Ready to Move,Resale,North - East,,Co-operative Society,2650
952,Vadodara,390012,2,2,4242,Tandalja,Apartment,Semi-Furnished,Ready to Move,Resale,East,3.0,Unknown,825
953,Vadodara,390022,3,3,2391,Sun Pharma Road,Apartment,Furnished,Ready to Move,Resale,Unknown,5.0,Unknown,2300
954,Vadodara,390021,1,1,3455,Gotri,Apartment,Semi-Furnished,Ready to Move,Resale,Unknown,4.0,Unknown,550
955,Vadodara,390007,3,3,5000,Alkapuri,Apartment,Unfurnished,Ready to Move,Resale,Unknown,3.0,Freehold,1300
956,Vadodara,390022,3,3,5938,Chikuwadi,Apartment,Furnished,Ready to Move,Resale,Unknown,2.0,Unknown,1600
957,Vadodara,390022,2,2,2727,Dabhoi Road,Apartment,Semi-Furnished,Ready to Move,Resale,West,2.0,Freehold,1100
958,Vadodara,390018,3,3,6000,Karelibaug,Apartment,Semi-Furnished,Ready to Move,Resale,South,6.0,Co-operative Society,1000
959,Vadodara,390025,2,2,4632,Waghodia,House,Semi-Furnished,Ready to Move,Resale,Unknown,,Unknown,950
960,Vadodara,390022,1,1,2667,Welcome Apartment,Apartment,Semi-Furnished,Ready to Move,Resale,Unknown,3.0,Unknown,750
961,Vadodara,390022,4,3,4348,Old Padra Road,Apartment,Furnished,Ready to Move,Resale,Unknown,2.0,Unknown,2300
962,Vadodara,390022,2,2,12552,Sama Savli Road,House,Semi-Furnished,Ready to Move,Resale,Unknown,1.0,Unknown,1195
963,Vadodara,390022,1,1,4930,Mandvi,Apartment,Semi-Furnished,Ready to Move,Resale,Unknown,2.0,Freehold,710
964,Vadodara,390022,3,3,10000,Nimal Babu Complex,Penthouse,Furnished,Ready to Move,Resale,West,3.0,Freehold,800
965,Vadodara,390022,2,2,4861,Vemali,Builder Floor,Unfurnished,Ready to Move,Resale,Unknown,4.0,Unknown,720
966,Vadodara,390022,1,2,5444,Gotri Road Gotri,House,Unfurnished,Ready to Move,Resale,East,1.0,Co-operative Society,1800
967,Vadodara,390022,2,2,3672,Khodiyar Nagar,Apartment,Furnished,Ready to Move,Resale,Unknown,5.0,Unknown,1280
968,Vadodara,390022,2,2,3923,Vadsar,Apartment,Semi-Furnished,Ready to Move,Resale,Unknown,4.0,Unknown,650
969,Vadodara,390022,3,3,6174,Brahma Residency,Penthouse,Furnished,Ready to Move,Resale,Unknown,4.0,Unknown,1150
970,Vadodara,390022,3,3,11616,Gorwa,House,Semi-Furnished,Ready to Move,Resale,Unknown,,Unknown,947
971,Vadodara,390022,2,2,2000,Dashrath,Builder Floor,Semi-Furnished,Ready to Move,Resale,Unknown,4.0,Unknown,1000
972,Vadodara,390022,3,3,2909,Virod,Apartment,Unfurnished,Ready to Move,Resale,East,4.0,Unknown,1100
973,Vadodara,390022,3,3,5000,Vasna Bhayli Main Road,Penthouse,Furnished,Ready to Move,Resale,South -West,5.0,Freehold,900
974,Vadodara,390011,4,5,8333,Manjalpur,Apartment,Furnished,Ready to Move,Resale,North,1.0,Freehold,3000
975,Vadodara,390025,3,3,3594,Waghodia Road,House,Unfurnished,Ready to Move,Resale,Unknown,1.0,Freehold,1085
976,Vadodara,390007,2,2,3500,Vasna Road,Apartment,Semi-Furnished,Ready to Move,Resale,North,1.0,Freehold,1000
977,Vadodara,390022,2,2,3812,Sayajipura,Apartment,Furnished,Ready to Move,Resale,Unknown,2.0,Freehold,800
978,Vadodara,390012,2,3,4565,Atladra,Apartment,Unfurnished,Ready to Move,Resale,East,5.0,Power Of Attorney,920
979,Vadodara,390022,3,3,4643,Sun Pharma Road,Apartment,Furnished,Ready to Move,Resale,Unknown,8.0,Co-operative Society,1400
980,Vadodara,390022,4,4,10000,Ankhol,House,Furnished,Ready to Move,Resale,Unknown,,Unknown,1050
981,Vadodara,390002,2,2,4583,Fatehgunj,Apartment,Semi-Furnished,Ready to Move,Resale,Unknown,4.0,Freehold,1200
982,Vadodara,390024,3,3,3977,Sama,Apartment,Furnished,Ready to Move,Resale,Unknown,8.0,Unknown,1760
983,Vadodara,391740,1,1,6066,Chhani,Apartment,Unfurnished,Ready to Move,Resale,West,4.0,Freehold,577
984,Vadodara,390023,2,2,4333,Subhanpura,House,Semi-Furnished,Ready to Move,Resale,Unknown,,Unknown,1500
985,Vadodara,390022,1,1,2464,Mandvi,Builder Floor,Unfurnished,Ready to Move,Resale,Unknown,1.0,Unknown,690
986,Vadodara,390024,2,3,6545,Sama,Apartment,Furnished,Ready to Move,Resale,East,3.0,Freehold,1100
987,Vadodara,390022,2,3,3600,Jayratna building,Apartment,Semi-Furnished,Ready to Move,Resale,Unknown,2.0,Unknown,1250
988,Vadodara,390022,2,2,2727,Sahajanand landmark,Apartment,Furnished,Ready to Move,Resale,East,4.0,Unknown,1100
989,Vadodara,390022,2,2,2632,Jambuva,Apartment,Unfurnished,Ready to Move,Resale,Unknown,3.0,Unknown,950
990,Vadodara,390022,2,2,7083,Anand Nagar,House,Semi-Furnished,Ready to Move,Resale,Unknown,,Unknown,360
991,Vadodara,390011,2,4,10769,Manjalpur,House,Furnished,Ready to Move,Resale,North,,Freehold,2600
992,Vadodara,390022,2,2,3000,Bill,Apartment,Semi-Furnished,Ready to Move,New Property,Unknown,1.0,Power Of Attorney,900
993,Vadodara,390022,2,2,4258,Suryadeep Resi Com Plaza,Apartment,Unfurnished,Ready to Move,Resale,Unknown,1.0,Unknown,775
994,Vadodara,390022,1,1,3333,Vijay Nagar,Builder Floor,Semi-Furnished,Ready to Move,Resale,South,2.0,Freehold,600
995,Vadodara,390022,2,3,4400,Dandia Bazar,Apartment,Semi-Furnished,Ready to Move,Resale,Unknown,2.0,Unknown,1250
996,Vadodara,390022,2,2,4000,Koyali,Apartment,Semi-Furnished,Ready to Move,Resale,Unknown,5.0,Unknown,550
997,Vadodara,390022,2,2,3375,New Kareli Baug,Apartment,Semi-Furnished,Ready to Move,Resale,North,3.0,Freehold,800
998,Vadodara,390022,1,2,2400,Navapura,Apartment,Semi-Furnished,Ready to Move,Resale,East,5.0,Freehold,750
999,Vadodara,390012,2,3,2938,Kalali,Apartment,Unfurnished,Unknown,Resale,Unknown,7.0,Unknown,800
1000,Vadodara,391410,2,2,4103,Bhayli,Apartment,Furnished,Ready to Move,Resale,East,4.0,Freehold,780
1001,Vadodara,390025,2,3,5517,Waghodia,Penthouse,Unfurnished,Ready to Move,Resale,Unknown,2.0,Unknown,580
1002,Vadodara,390022,4,3,2651,Dabhoi Road,Villa,Unfurnished,Ready to Move,Resale,Unknown,,Freehold,2490
1003,Vadodara,391101,5,4,5987,Sevasi,Apartment,Furnished,Ready to Move,Resale,North,5.0,Freehold,2756
1004,Vadodara,390012,3,3,3140,Atladra,Apartment,Semi-Furnished,Ready to Move,Resale,North,1.0,Freehold,1911
1005,Vadodara,390022,1,1,3579,kaladarshan vadodara,Apartment,Unfurnished,Ready to Move,Resale,Unknown,3.0,Unknown,475
1006,Vadodara,390022,1,1,7778,Maneja,House,Unfurnished,Ready to Move,Resale,Unknown,,Freehold,450
1007,Vadodara,390022,3,3,5102,Gotri Sevasi Road,Penthouse,Furnished,Ready to Move,Resale,North - East,5.0,Freehold,980
1008,Vadodara,390007,3,3,6400,Alkapuri,Penthouse,Semi-Furnished,Ready to Move,Resale,East,4.0,Freehold,1250
1009,Vadodara,390007,3,3,3662,Vasna Road,Apartment,Semi-Furnished,Ready to Move,Resale,East,3.0,Co-operative Society,1420
1010,Vadodara,390022,3,3,8125,Vasna Bhayli Main Road,Apartment,Furnished,Ready to Move,New Property,North - East,10.0,Freehold,1600
1011,Vadodara,390021,1,1,4000,Gotri,Apartment,Semi-Furnished,Ready to Move,Resale,North,2.0,Freehold,550
1012,Vadodara,390022,3,3,5877,Harni,Apartment,Furnished,Ready to Move,Resale,Unknown,4.0,Co-operative Society,1140
1013,Vadodara,390022,1,1,4000,Wadi,Apartment,Unfurnished,Ready to Move,Resale,East,1.0,Freehold,250
1014,Vadodara,390022,1,1,8800,Nava Bazar,House,Furnished,Ready to Move,Resale,West,,Freehold,250
1015,Vadodara,390022,2,4,3036,Guru Gobindsinhji Marg,House,Semi-Furnished,Ready to Move,Resale,Unknown,2.0,Freehold,2800
1016,Vadodara,390002,3,3,9419,Diwalipura,House,Semi-Furnished,Ready to Move,Resale,West,,Freehold,860
1017,Vadodara,390012,3,3,5000,Kalali,Penthouse,Semi-Furnished,Ready to Move,Resale,East,3.0,Freehold,1500
1018,Vadodara,391101,1,1,4636,Sevasi,Apartment,Furnished,Ready to Move,Resale,Unknown,2.0,Unknown,550
1019,Vadodara,390025,1,1,4186,Waghodia,Apartment,Semi-Furnished,Ready to Move,Resale,West,5.0,Freehold,430
1020,Vadodara,390007,3,3,6000,Vasna Road,Villa,Unfurnished,Ready to Move,Resale,East,,Co-operative Society,1500
1021,Vadodara,390022,1,1,4583,Divyasankul Apartment,Apartment,Semi-Furnished,Ready to Move,Resale,Unknown,3.0,Unknown,480
1022,Vadodara,391101,3,3,5000,Sevasi,Apartment,Semi-Furnished,Ready to Move,Resale,Unknown,2.0,Co-operative Society,1200
1023,Vadodara,390002,2,2,5571,Fatehgunj,Penthouse,Semi-Furnished,Ready to Move,Resale,East,5.0,Freehold,700
1024,Vadodara,390022,2,3,2839,Ajwa Road,Apartment,Semi-Furnished,Ready to Move,Resale,Unknown,9.0,Unknown,1550
1025,Vadodara,390022,2,2,5340,Makar Pura,Apartment,Unfurnished,Ready to Move,Resale,Unknown,5.0,Unknown,515
1026,Vadodara,390022,3,3,8095,Kendranagar,House,Semi-Furnished,Ready to Move,Resale,West,,Freehold,1050
1027,Vadodara,390022,2,3,9677,Vadsar,House,Semi-Furnished,Ready to Move,Resale,West,2.0,Co-operative Society,775
1028,Vadodara,390022,2,3,4071,Makar Pura,Apartment,Semi-Furnished,Ready to Move,Resale,North,1.0,Co-operative Society,1130
1029,Vadodara,390022,2,2,3304,Sai krupa Apartment,Apartment,Semi-Furnished,Ready to Move,Resale,East,4.0,Unknown,1150
1030,Vadodara,390012,3,3,5926,Atladra,House,Unfurnished,Ready to Move,Resale,Unknown,,Unknown,1350
1031,Vadodara,390022,4,4,3084,Ajwa Road,Penthouse,Unfurnished,Ready to Move,Resale,Unknown,5.0,Unknown,2270
1032,Vadodara,390022,2,2,3659,Vemali,Apartment,Furnished,Ready to Move,Resale,North - East,5.0,Unknown,850
1033,Vadodara,390022,3,2,16000,Gorwa,House,Furnished,Ready to Move,Resale,Unknown,,Unknown,750
1034,Vadodara,390011,2,2,4533,Manjalpur,Apartment,Semi-Furnished,Ready to Move,Resale,East,4.0,Freehold,750
1035,Vadodara,390024,2,2,4080,Sama,Apartment,Semi-Furnished,Ready to Move,Resale,Unknown,3.0,Unknown,1250
1036,Vadodara,391410,3,3,2745,Bhayli,Builder Floor,Semi-Furnished,Ready to Move,Resale,Unknown,2.0,Unknown,1275
1037,Vadodara,390007,4,4,11348,Vasna Road,Villa,Furnished,Ready to Move,Resale,Unknown,,Freehold,705
1038,Vadodara,390022,3,3,5051,Old Padra Road,Apartment,Furnished,Unknown,Resale,Unknown,4.0,Unknown,1485
1039,Vadodara,390021,2,2,4375,Gotri,Apartment,Semi-Furnished,Ready to Move,Resale,East,4.0,Unknown,800
1040,Vadodara,390022,2,2,4118,Madhavpura,Apartment,Semi-Furnished,Ready to Move,Resale,Unknown,3.0,Unknown,850
1041,Vadodara,390022,2,3,4667,Vasna Bhayli Main Road,Apartment,Semi-Furnished,Ready to Move,Resale,North,4.0,Freehold,1500
1042,Vadodara,391740,3,3,3509,Chhani,Apartment,Unfurnished,Ready to Move,Resale,North - West,3.0,Freehold,1710
1043,Vadodara,390025,3,3,8235,Waghodia Road,Villa,Unfurnished,Ready to Move,Resale,North,,Freehold,850
1044,Vadodara,390009,4,4,10400,Tarsali,Villa,Furnished,Ready to Move,Resale,West,,Freehold,1250
1045,Vadodara,390022,2,2,4706,Ramwadi,Apartment,Semi-Furnished,Ready to Move,Resale,Unknown,4.0,Unknown,680
1046,Vadodara,390011,3,3,4054,Manjalpur,Apartment,Furnished,Ready to Move,Resale,Unknown,4.0,Unknown,1850
1047,Vadodara,390022,1,2,10000,Chhani Jakat Naka,House,Semi-Furnished,Ready to Move,Resale,Unknown,,Unknown,1200
1048,Vadodara,390022,3,3,4839,Vadsar,Apartment,Semi-Furnished,Ready to Move,Resale,South,4.0,Co-operative Society,930
1049,Vadodara,390022,2,2,4000,Gorwa,Apartment,Semi-Furnished,Ready to Move,Resale,Unknown,4.0,Unknown,1025
1050,Vadodara,390022,3,3,4583,Ankhol,House,Semi-Furnished,Ready to Move,Resale,North,,Freehold,1200
1051,Vadodara,390012,3,4,4615,Tandalja,Apartment,Unfurnished,Ready to Move,Resale,Unknown,3.0,Unknown,1300
1052,Vadodara,390022,2,2,4500,Vemali,Apartment,Furnished,Ready to Move,Resale,Unknown,4.0,Unknown,700
1053,Vadodara,390023,2,2,4479,Subhanpura,Apartment,Furnished,Ready to Move,Resale,Unknown,5.0,Unknown,893
1054,Vadodara,390022,3,3,11000,Kendranagar,Villa,Furnished,Ready to Move,Resale,Unknown,,Freehold,1000
1055,Vadodara,390007,3,3,8636,Alkapuri,Apartment,Semi-Furnished,Ready to Move,Resale,Unknown,5.0,Freehold,1100
1056,Vadodara,390022,2,3,2388,New Kareli Baug,Apartment,Unfurnished,Ready to Move,Resale,Unknown,3.0,Unknown,1340
1057,Vadodara,390009,2,2,2696,Tarsali,Apartment,Semi-Furnished,Ready to Move,Resale,East,4.0,Freehold,1150
1058,Vadodara,391101,3,3,8824,Sevasi,Villa,Furnished,Ready to Move,Resale,West,,Freehold,1700
1059,Vadodara,390002,2,1,4322,Soma Talav,Apartment,Semi-Furnished,Ready to Move,Resale,North - East,6.0,Unknown,428
1060,Vadodara,390022,2,2,4224,Mahatma Gandhi hights,Apartment,Semi-Furnished,Ready to Move,Resale,Unknown,4.0,Unknown,580
1061,Vadodara,390012,2,2,2857,Kalali,Apartment,Unfurnished,Ready to Move,Resale,East,5.0,Freehold,700
1062,Vadodara,390011,2,2,2578,Manjalpur,Apartment,Unfurnished,Ready to Move,New Property,Unknown,1.0,Unknown,1280
1063,Vadodara,390002,4,9,7955,Fatehgunj,House,Unfurnished,Ready to Move,Resale,Unknown,1.0,Unknown,2640
1064,Vadodara,390022,4,4,10543,Vasna Bhayli Main Road,Villa,Semi-Furnished,Ready to Move,Resale,Unknown,,Unknown,1565
1065,Vadodara,390009,2,2,4129,Tarsali,Apartment,Furnished,Ready to Move,Resale,North,3.0,Freehold,700
1066,Vadodara,390022,1,1,2200,Dandia Bazar,Builder Floor,Semi-Furnished,Ready to Move,Resale,Unknown,2.0,Unknown,750
1067,Vadodara,390009,2,2,6000,Tarsali,Apartment,Semi-Furnished,Ready to Move,Resale,Unknown,2.0,Unknown,700
1068,Vadodara,390022,3,3,5756,New Kareli Baug,Apartment,Unfurnished,Ready to Move,Resale,North,10.0,Unknown,860
1069,Vadodara,390022,2,2,2842,St Colony,Apartment,Semi-Furnished,Ready to Move,Resale,South - East,2.0,Freehold,950
1070,Vadodara,390022,3,3,10000,Nizampura Main Road,House,Furnished,Ready to Move,Resale,Unknown,,Unknown,1500
1071,Vadodara,390022,3,3,4803,Gorwa Road,Apartment,Unfurnished,Ready to Move,Resale,North - East,1.0,Unknown,1978
1072,Vadodara,390022,1,2,5600,Mathura Nagari,House,Semi-Furnished,Ready to Move,Resale,Unknown,,Unknown,1250
1073,Vadodara,390022,2,2,4000,Ajwa Road,Apartment,Unfurnished,Ready to Move,New Property,Unknown,2.0,Unknown,780
1074,Vadodara,390022,1,1,3646,Kevdabaug,Apartment,Unfurnished,Ready to Move,Resale,East,4.0,Co-operative Society,480
1075,Vadodara,390025,4,4,6787,Waghodia Road,Villa,Semi-Furnished,Ready to Move,Resale,Unknown,,Freehold,2225
1076,Vadodara,390012,4,4,4533,Kalali,Apartment,Furnished,Ready to Move,Resale,North - East,3.0,Freehold,1500
1077,Vadodara,390022,2,2,5000,Vadsar,Apartment,Unfurnished,Ready to Move,Resale,West,2.0,Freehold,650
1078,Vadodara,390022,3,3,4583,near haveli and jain derasar,Apartment,Furnished,Ready to Move,Resale,North - East,3.0,Freehold,1200
1079,Vadodara,390022,4,4,12903,Gotri Road Gotri,Villa,Unfurnished,Ready to Move,New Property,East,,Freehold,1550
1080,Vadodara,391410,2,3,3733,Bhayli,Apartment,Unfurnished,Ready to Move,Resale,Unknown,2.0,Unknown,1500
1081,Vadodara,390022,3,3,2055,Nehru Chacha Nagar,Apartment,Semi-Furnished,Ready to Move,Resale,Unknown,5.0,Unknown,1460
1082,Vadodara,390007,3,3,5185,Saiyed Vasna,Apartment,Furnished,Ready to Move,Resale,North,3.0,Co-operative Society,1080
1083,Vadodara,390022,3,3,4118,Kishan Glory,Apartment,Unfurnished,Ready to Move,Resale,Unknown,3.0,Freehold,850
1084,Vadodara,390002,2,2,5000,Fatehgunj,Builder Floor,Semi-Furnished,Ready to Move,Resale,East,1.0,Freehold,940
1085,Vadodara,390022,2,2,5208,Vadodara,Apartment,Unfurnished,Ready to Move,Resale,North,4.0,Co-operative Society,672
1086,Vadodara,390007,2,3,6154,Saiyed Vasna,Apartment,Semi-Furnished,Ready to Move,Resale,West,3.0,Freehold,975
1087,Vadodara,390022,2,2,5484,Sayajigunj,Apartment,Semi-Furnished,Ready to Move,Resale,Unknown,1.0,Unknown,857
1088,Vadodara,390022,2,2,3294,Undera,Apartment,Furnished,Ready to Move,Resale,Unknown,4.0,Unknown,850
1089,Vadodara,390025,1,2,5261,Waghodia Road,House,Semi-Furnished,Ready to Move,Resale,Unknown,1.0,Unknown,1245
1090,Vadodara,390022,2,1,2143,Bajwa,Apartment,Unfurnished,Ready to Move,Resale,Unknown,3.0,Unknown,700
1091,Vadodara,390022,2,2,3406,Vasna Bhayli Main Road,Apartment,Furnished,Ready to Move,Resale,Unknown,3.0,Co-operative Society,1057
1092,Vadodara,390002,2,4,16968,Nizampura,House,Furnished,Ready to Move,Resale,Unknown,,Unknown,1827
1093,Vadodara,390012,3,3,5000,Kalali,Apartment,Semi-Furnished,Ready to Move,Resale,North - West,3.0,Freehold,1600
1094,Vadodara,390022,3,3,3056,New Kareli Baug,Apartment,Furnished,Ready to Move,Resale,North - East,4.0,Freehold,1800
1095,Vadodara,390022,2,2,3600,Vemali,Apartment,Furnished,Ready to Move,Resale,East,2.0,Freehold,1250
1096,Vadodara,390022,2,2,3057,Tarsali Road,Apartment,Semi-Furnished,Ready to Move,Resale,East,3.0,Freehold,916
1097,Vadodara,390009,1,1,4713,Tarsali,Apartment,Semi-Furnished,Ready to Move,Resale,East,4.0,Freehold,435
1098,Vadodara,390022,3,3,8500,Undera,House,Semi-Furnished,Ready to Move,Resale,East,,Freehold,800
1099,Vadodara,390022,3,3,8421,Harni,Apartment,Unfurnished,Ready to Move,New Property,East,1.0,Freehold,1900
1100,Vadodara,391101,2,2,6000,Sevasi,Apartment,Furnished,Ready to Move,Resale,North,4.0,Freehold,600
1101,Vadodara,390022,3,3,3790,Sayajigunj,Apartment,Semi-Furnished,Ready to Move,Resale,Unknown,5.0,Unknown,1847
1102,Vadodara,390012,3,3,3429,Atladara,Apartment,Semi-Furnished,Ready to Move,Resale,West,3.0,Freehold,2100
1103,Vadodara,390012,2,2,3571,Atladara,Apartment,Semi-Furnished,Ready to Move,Resale,East,9.0,Freehold,700
1104,Vadodara,390012,2,2,3819,Atladara,Apartment,Unfurnished,Ready to Move,Resale,Unknown,2.0,Freehold,838
1105,Vadodara,390012,3,3,6840,Atladara,House,Unfurnished,Ready to Move,Resale,East,1.0,Unknown,1250
1106,Vadodara,390012,6,5,4000,Atladara,House,Furnished,Ready to Move,Resale,East,1.0,Freehold,5000
1107,Vadodara,390012,3,5,6197,Atladara,House,Semi-Furnished,Ready to Move,Resale,Unknown,,Unknown,1775
1108,Vadodara,390012,3,3,2971,Atladara,Penthouse,Unfurnished,Ready to Move,Resale,Unknown,5.0,Unknown,1750
1109,Vadodara,390012,4,4,2206,Atladara,Penthouse,Semi-Furnished,Ready to Move,Resale,Unknown,4.0,Unknown,3400
1110,Vadodara,390012,2,2,2737,Atladara,Apartment,Furnished,Ready to Move,Resale,Unknown,10.0,Unknown,950
1111,Vadodara,390012,3,3,11600,Atladara,House,Furnished,Ready to Move,Resale,East,,Freehold,750
1112,Vadodara,390012,4,4,3750,Atladara,Villa,Unfurnished,Ready to Move,Resale,North,,Freehold,2000
1113,Vadodara,390012,3,4,5556,Atladara,House,Semi-Furnished,Ready to Move,Resale,East,,Freehold,1350
1114,Vadodara,390012,3,3,6084,Atladara,Apartment,Unfurnished,Unknown,New Property,Unknown,,Unknown,1070
1115,Vadodara,390012,3,3,6028,Atladara,Apartment,Unfurnished,Poss. by Dec &#x27;28,New Property,Unknown,,Unknown,1070
1116,Vadodara,390012,3,3,5505,Atladara,Apartment,Unfurnished,Poss. by Apr &#x27;29,New Property,Unknown,,Unknown,1090
1117,Vadodara,390012,3,3,6196,Atladara,Apartment,Unfurnished,Unknown,New Property,Unknown,,Unknown,1070
1118,Vadodara,390012,3,3,6224,Atladara,Apartment,Unfurnished,Poss. by Dec &#x27;28,New Property,Unknown,,Unknown,1070
1119,Vadodara,390012,2,2,5289,Atladara,Apartment,Unfurnished,Poss. by Apr &#x27;29,New Property,Unknown,,Unknown,813
1120,Vadodara,390012,3,3,6290,Atladara,Apartment,Unfurnished,Unknown,New Property,Unknown,,Unknown,1070
1121,Vadodara,390012,2,2,5206,Atladara,Apartment,Unfurnished,Poss. by Apr &#x27;29,New Property,Unknown,,Unknown,826
1122,Vadodara,391410,3,3,8668,Bhayli,Apartment,Furnished,Ready to Move,Resale,West,2.0,Freehold,1269
1123,Vadodara,391410,2,2,2361,Bhayli,Apartment,Furnished,Ready to Move,Resale,East,5.0,Freehold,1800
1124,Vadodara,391410,2,2,2938,Bhayli,Apartment,Semi-Furnished,Ready to Move,Resale,Unknown,3.0,Unknown,1120
1125,Vadodara,391410,3,3,6904,Bhayli,Apartment,Furnished,Ready to Move,Resale,East,11.0,Freehold,1376
1126,Vadodara,391410,4,4,10526,Bhayli,Apartment,Furnished,Ready to Move,Resale,East,3.0,Freehold,3800
1127,Vadodara,391410,4,4,8920,Bhayli,Penthouse,Furnished,Ready to Move,Resale,Unknown,11.0,Unknown,2074
1128,Vadodara,391410,2,2,3765,Bhayli,Apartment,Semi-Furnished,Ready to Move,Resale,East,4.0,Freehold,850
1129,Vadodara,391410,3,3,3778,Bhayli,Apartment,Furnished,Ready to Move,Resale,South,9.0,Freehold,1800
1130,Vadodara,391410,4,3,4409,Bhayli,Apartment,Unfurnished,Ready to Move,New Property,East,5.0,Freehold,1150
1131,Vadodara,391410,2,2,3765,Bhayli,Apartment,Furnished,Ready to Move,Resale,North - East,6.0,Freehold,850
1132,Vadodara,391410,3,3,7336,Bhayli,Apartment,Semi-Furnished,Ready to Move,Resale,East,2.0,Freehold,1145
1133,Vadodara,391410,3,3,4444,Bhayli,Apartment,Semi-Furnished,Ready to Move,Resale,East,3.0,Co-operative Society,900
1134,Vadodara,391410,3,3,10127,Bhayli,Penthouse,Furnished,Ready to Move,Resale,East,11.0,Freehold,1580
1135,Vadodara,391410,3,3,3750,Bhayli,Penthouse,Unfurnished,Ready to Move,Resale,East,8.0,Freehold,1200
1136,Vadodara,391410,2,2,4375,Bhayli,Apartment,Unfurnished,Ready to Move,Resale,East,3.0,Freehold,800
1137,Vadodara,391410,4,4,18667,Bhayli,Villa,Furnished,Ready to Move,Resale,East,,Freehold,1500
1138,Vadodara,391410,3,3,6875,Bhayli,Apartment,Furnished,Ready to Move,Resale,East,3.0,Freehold,1600
1139,Vadodara,391410,3,3,3853,Bhayli,Apartment,Unfurnished,Ready to Move,New Property,East,8.0,Freehold,2725
1140,Vadodara,391410,4,4,6250,Bhayli,Apartment,Furnished,Ready to Move,Resale,East,4.0,Freehold,2960
1141,Vadodara,391410,4,4,5750,Bhayli,Penthouse,Semi-Furnished,Ready to Move,Resale,East,4.0,Co-operative Society,2000
1142,Vadodara,391410,3,3,4993,Bhayli,Penthouse,Furnished,Ready to Move,Resale,East,4.0,Freehold,1442
1143,Vadodara,391410,3,3,3103,Bhayli,Penthouse,Unfurnished,Ready to Move,Resale,East,5.0,Freehold,1450
1144,Vadodara,391410,3,3,5783,Bhayli,Apartment,Semi-Furnished,Ready to Move,Resale,South,7.0,Freehold,951
1145,Vadodara,391410,3,3,4164,Bhayli,Penthouse,Semi-Furnished,Ready to Move,Resale,Unknown,4.0,Freehold,1921
1146,Vadodara,391410,3,3,7500,Bhayli,Apartment,Furnished,Ready to Move,Resale,Unknown,1.0,Unknown,1000
1147,Vadodara,391410,2,2,3404,Bhayli,Apartment,Semi-Furnished,Ready to Move,Resale,East,1.0,Co-operative Society,1322
1148,Vadodara,391410,3,3,5333,Bhayli,Apartment,Furnished,Ready to Move,Resale,East,7.0,Freehold,1050
1149,Vadodara,391410,2,2,2778,Bhayli,Apartment,Unfurnished,Ready to Move,Resale,West,4.0,Co-operative Society,900
1150,Vadodara,391410,3,3,3947,Bhayli,Penthouse,Furnished,Ready to Move,Resale,South,5.0,Unknown,1900
1151,Vadodara,391410,5,5,8715,Bhayli,Penthouse,Furnished,Ready to Move,Resale,Unknown,4.0,Unknown,2880
1152,Vadodara,391410,3,3,4775,Bhayli,Apartment,Unfurnished,Unknown,New Property,Unknown,,Unknown,1110
1153,Vadodara,391410,2,2,2667,Bhayli,Apartment,Unfurnished,Ready to Move,Resale,Unknown,3.0,Freehold,1050
1154,Vadodara,391410,2,2,2857,Bhayli,Apartment,Furnished,Ready to Move,Resale,Unknown,1.0,Unknown,1050
1155,Vadodara,391410,2,2,2545,Bhayli,Apartment,Semi-Furnished,Ready to Move,Resale,Unknown,4.0,Unknown,1100
1156,Vadodara,391410,2,2,3756,Bhayli,Apartment,Semi-Furnished,Ready to Move,Resale,North - East,4.0,Freehold,900
1157,Vadodara,391410,3,3,4526,Bhayli,Apartment,Semi-Furnished,Ready to Move,Resale,West,3.0,Freehold,950
1158,Vadodara,391410,3,3,3273,Bhayli,Apartment,Unfurnished,Ready to Move,Resale,Unknown,2.0,Unknown,1375
1159,Vadodara,391410,3,3,3750,Bhayli,Penthouse,Semi-Furnished,Ready to Move,Resale,East,5.0,Freehold,1200
1160,Vadodara,391410,3,3,3641,Bhayli,Apartment,Semi-Furnished,Unknown,Resale,Unknown,2.0,Unknown,1538
1161,Vadodara,391410,2,3,5404,Bhayli,Apartment,Unfurnished,Ready to Move,Resale,East,7.0,Freehold,768
1162,Vadodara,391410,1,4,10894,Bhayli,House,Semi-Furnished,Ready to Move,Resale,East,,Freehold,2350
1163,Vadodara,391410,3,3,4550,Bhayli,Apartment,Semi-Furnished,Ready to Move,New Property,Unknown,4.0,Freehold,967
1164,Vadodara,391410,3,3,4333,Bhayli,Apartment,Semi-Furnished,Ready to Move,Resale,Unknown,1.0,Unknown,1500
1165,Vadodara,391410,3,3,4267,Bhayli,Apartment,Semi-Furnished,Ready to Move,Resale,Unknown,3.0,Unknown,750
1166,Vadodara,391410,3,3,5455,Bhayli,Apartment,Furnished,Ready to Move,Resale,East,4.0,Unknown,1100
1167,Vadodara,391410,2,2,4915,Bhayli,Apartment,Furnished,Ready to Move,Resale,West,1.0,Co-operative Society,763
1168,Vadodara,391410,3,3,3462,Bhayli,Apartment,Semi-Furnished,Ready to Move,Resale,Unknown,4.0,Unknown,1300
1169,Vadodara,391410,3,3,4095,Bhayli,Apartment,Semi-Furnished,Ready to Move,Unknown,West,3.0,Freehold,1050
1170,Vadodara,391410,3,3,5412,Bhayli,Apartment,Semi-Furnished,Ready to Move,Resale,Unknown,6.0,Unknown,850
1171,Vadodara,391410,2,3,5372,Bhayli,Apartment,Unfurnished,Ready to Move,Resale,Unknown,7.0,Unknown,968
1172,Vadodara,391410,3,3,3810,Bhayli,Apartment,Semi-Furnished,Ready to Move,Resale,East,4.0,Co-operative Society,1050
1173,Vadodara,391410,2,2,4471,Bhayli,Apartment,Semi-Furnished,Ready to Move,Resale,Unknown,4.0,Freehold,850
1174,Vadodara,391410,3,3,4333,Bhayli,Penthouse,Furnished,Ready to Move,Resale,East,6.0,Unknown,1500
1175,Vadodara,391410,5,5,4010,Bhayli,Penthouse,Unfurnished,Ready to Move,Resale,East,12.0,Freehold,5860
1176,Vadodara,391410,2,3,4457,Bhayli,Apartment,Semi-Furnished,Ready to Move,Resale,East,2.0,Freehold,875
1177,Vadodara,391410,3,3,6636,Bhayli,Apartment,Furnished,Ready to Move,Resale,Unknown,4.0,Unknown,1085
1178,Vadodara,391410,1,1,5273,Bhayli,Apartment,Furnished,Ready to Move,Resale,North,4.0,Freehold,550
1179,Vadodara,391410,4,4,4838,Bhayli,Apartment,Furnished,Ready to Move,Resale,Unknown,7.0,Co-operative Society,2005
1180,Vadodara,391410,3,3,3571,Bhayli,Apartment,Semi-Furnished,Ready to Move,Resale,Unknown,3.0,Freehold,980
1181,Vadodara,391410,2,2,2079,Bhayli,Apartment,Unfurnished,Ready to Move,Resale,Unknown,3.0,Unknown,1010
1182,Vadodara,391410,3,3,6034,Bhayli,Apartment,Furnished,Ready to Move,Resale,Unknown,2.0,Unknown,1160
1183,Vadodara,391410,2,3,3059,Bhayli,Apartment,Semi-Furnished,Ready to Move,Resale,West,2.0,Freehold,850
1184,Vadodara,391410,2,2,5323,Bhayli,Apartment,Furnished,Ready to Move,Resale,North - East,2.0,Freehold,789
1185,Vadodara,391410,2,2,5000,Bhayli,Apartment,Furnished,Ready to Move,Resale,Unknown,3.0,Unknown,700
1186,Vadodara,391410,4,3,3438,Bhayli,Penthouse,Unfurnished,Ready to Move,Resale,Unknown,5.0,Unknown,1600
1187,Vadodara,391410,3,3,5956,Bhayli,Apartment,Semi-Furnished,Ready to Move,Resale,Unknown,3.0,Unknown,1125
1188,Vadodara,391410,2,2,4308,Bhayli,Builder Floor,Furnished,Ready to Move,Resale,North - East,4.0,Freehold,650
1189,Vadodara,391410,2,2,3077,Bhayli,Apartment,Unfurnished,Ready to Move,Resale,Unknown,2.0,Unknown,1040
1190,Vadodara,391410,4,4,3131,Bhayli,Builder Floor,Furnished,Ready to Move,Resale,Unknown,5.0,Unknown,2140
1191,Vadodara,391410,5,4,15000,Bhayli,Villa,Furnished,Ready to Move,Resale,North - East,,Freehold,3000
1192,Vadodara,391410,2,2,12121,Bhayli,Apartment,Unfurnished,Ready to Move,Resale,Unknown,3.0,Unknown,825
1193,Vadodara,391410,2,2,3226,Bhayli,Apartment,Semi-Furnished,Ready to Move,Resale,Unknown,8.0,Unknown,775
1194,Vadodara,391410,2,3,4750,Bhayli,Apartment,Unfurnished,Ready to Move,Resale,East,1.0,Co-operative Society,800
1195,Vadodara,391410,2,2,3333,Bhayli,Builder Floor,Furnished,Ready to Move,Resale,Unknown,2.0,Unknown,1050
1196,Vadodara,391410,3,3,7373,Bhayli,Apartment,Semi-Furnished,Ready to Move,Resale,East,6.0,Freehold,902
1197,Vadodara,391410,3,3,2258,Bhayli,Penthouse,Furnished,Ready to Move,Resale,Unknown,2.0,Unknown,1550
1198,Vadodara,391410,2,2,5319,Bhayli,Apartment,Furnished,Ready to Move,Resale,Unknown,3.0,Unknown,658
1199,Vadodara,391410,2,2,4400,Bhayli,Apartment,Semi-Furnished,Ready to Move,Resale,Unknown,2.0,Co-operative Society,1250
1200,Vadodara,391410,3,3,2968,Bhayli,Apartment,Furnished,Ready to Move,Resale,Unknown,1.0,Unknown,1550
1201,Vadodara,391410,2,2,5811,Bhayli,Apartment,Furnished,Ready to Move,New Property,East,5.0,Freehold,740
1202,Vadodara,391410,4,4,10556,Bhayli,Villa,Unfurnished,Ready to Move,Resale,Unknown,,Unknown,1800
1203,Vadodara,391410,3,3,2462,Bhayli,Penthouse,Unfurnished,Ready to Move,Resale,Unknown,4.0,Unknown,1625
1204,Vadodara,391410,3,3,3438,Bhayli,Apartment,Unfurnished,Ready to Move,Resale,Unknown,5.0,Unknown,1600
1205,Vadodara,391410,4,4,3431,Bhayli,Apartment,Furnished,Ready to Move,Resale,Unknown,11.0,Unknown,3060
1206,Vadodara,391410,2,3,2345,Bhayli,Apartment,Semi-Furnished,Ready to Move,Resale,Unknown,1.0,Unknown,1450
1207,Vadodara,391410,3,3,3444,Bhayli,Apartment,Furnished,Ready to Move,Resale,Unknown,4.0,Unknown,1800
1208,Vadodara,391410,3,3,4300,Bhayli,Apartment,Furnished,Ready to Move,Resale,East,2.0,Freehold,1500
1209,Vadodara,391410,3,3,5545,Bhayli,Apartment,Unfurnished,Ready to Move,New Property,East,4.0,Freehold,1010
1210,Vadodara,391410,3,3,10726,Bhayli,Villa,Furnished,Ready to Move,Resale,East,,Freehold,606
1211,Vadodara,391410,3,3,3994,Bhayli,Apartment,Semi-Furnished,Ready to Move,Resale,West,3.0,Freehold,1039
1212,Vadodara,391410,3,3,4883,Bhayli,Apartment,Furnished,Ready to Move,Resale,East,2.0,Freehold,983
1213,Vadodara,391410,5,5,13725,Bhayli,Villa,Unfurnished,Ready to Move,Resale,East,,Freehold,2550
1214,Vadodara,391410,3,3,7905,Bhayli,Apartment,Furnished,Ready to Move,Resale,East,8.0,Freehold,1050
1215,Vadodara,391410,3,3,2759,Bhayli,Apartment,Unfurnished,Ready to Move,Resale,Unknown,3.0,Unknown,1450
1216,Vadodara,391410,4,4,9000,Bhayli,House,Furnished,Ready to Move,Resale,Unknown,,Co-operative Society,2000
1217,Vadodara,391410,2,2,6694,Bhayli,Apartment,Furnished,Ready to Move,Resale,North - East,5.0,Freehold,732
1218,Vadodara,391410,3,3,6273,Bhayli,House,Furnished,Ready to Move,Resale,East,,Freehold,2200
1219,Vadodara,391410,2,3,7857,Bhayli,Apartment,Semi-Furnished,Ready to Move,Resale,Unknown,6.0,Unknown,1260
1220,Vadodara,391410,3,3,2800,Bhayli,Apartment,Semi-Furnished,Ready to Move,Resale,Unknown,1.0,Unknown,1500
1221,Vadodara,391410,3,3,7576,Bhayli,Apartment,Furnished,Ready to Move,Resale,Unknown,12.0,Freehold,1650
1222,Vadodara,391410,2,2,4429,Bhayli,Apartment,Semi-Furnished,Ready to Move,Resale,Unknown,2.0,Unknown,700
1223,Vadodara,391410,3,3,8268,Bhayli,Apartment,Furnished,Ready to Move,Resale,East,13.0,Co-operative Society,1270
1224,Vadodara,391410,3,3,4467,Bhayli,Apartment,Unfurnished,Ready to Move,Resale,Unknown,4.0,Unknown,1500
1225,Vadodara,391410,3,3,4638,Bhayli,Apartment,Unfurnished,Ready to Move,Resale,East,2.0,Freehold,1035
1226,Vadodara,390021,3,3,6032,Gotri,Apartment,Unfurnished,Poss. by Dec &#x27;28,New Property,Unknown,,Unknown,1293
1227,Vadodara,390021,2,3,5882,Gotri,House,Unfurnished,Ready to Move,Resale,North - East,,Freehold,1700
1228,Vadodara,390021,3,3,5667,Gotri,Apartment,Furnished,Ready to Move,Resale,East,5.0,Freehold,900
1229,Vadodara,390021,2,2,6027,Gotri,Apartment,Furnished,Ready to Move,Resale,East,3.0,Freehold,730
1230,Vadodara,390021,3,3,9724,Gotri,Villa,Semi-Furnished,Ready to Move,Resale,East,,Freehold,1851
1231,Vadodara,390021,2,2,4315,Gotri,Apartment,Semi-Furnished,Ready to Move,Resale,East,2.0,Freehold,730
1232,Vadodara,390021,3,3,6296,Gotri,Apartment,Furnished,Ready to Move,Resale,West,8.0,Freehold,1350
1233,Vadodara,390021,3,3,5909,Gotri,Apartment,Furnished,Ready to Move,Resale,East,3.0,Freehold,1100
1234,Vadodara,390021,3,3,3312,Gotri,Apartment,Unfurnished,Ready to Move,Resale,East,8.0,Freehold,1570
1235,Vadodara,390021,4,4,4444,Gotri,Villa,Semi-Furnished,Ready to Move,Resale,East,,Freehold,1800
1236,Vadodara,390021,2,2,5882,Gotri,Apartment,Semi-Furnished,Ready to Move,Resale,East,4.0,Freehold,680
1237,Vadodara,390021,3,3,3893,Gotri,Apartment,Unfurnished,Ready to Move,Resale,East,4.0,Freehold,2440
1238,Vadodara,390021,3,3,6283,Gotri,Apartment,Unfurnished,Ready to Move,Resale,East,7.0,Freehold,1512
1239,Vadodara,390021,3,3,15000,Gotri,House,Semi-Furnished,Ready to Move,Resale,East,,Freehold,800
1240,Vadodara,390021,3,3,5152,Gotri,Builder Floor,Furnished,Ready to Move,Resale,Unknown,2.0,Unknown,990
1241,Vadodara,390021,3,3,6502,Gotri,Apartment,Unfurnished,Ready to Move,Resale,North - East,12.0,Leasehold,1015
1242,Vadodara,390021,3,3,3438,Gotri,Apartment,Furnished,Ready to Move,Resale,Unknown,4.0,Unknown,1600
1243,Vadodara,390021,2,2,3791,Gotri,Apartment,Semi-Furnished,Ready to Move,Resale,Unknown,1.0,Unknown,1055
1244,Vadodara,390021,2,2,3455,Gotri,Apartment,Furnished,Ready to Move,Resale,Unknown,3.0,Unknown,1100
1245,Vadodara,390021,3,5,8333,Gotri,House,Furnished,Ready to Move,Resale,Unknown,1.0,Unknown,3000
1246,Vadodara,390021,2,3,3878,Gotri,Penthouse,Furnished,Ready to Move,Resale,East,4.0,Freehold,2450
1247,Vadodara,390021,3,3,5657,Gotri,Apartment,Unfurnished,Unknown,New Property,Unknown,,Unknown,990
1248,Vadodara,390021,3,3,6345,Gotri,Apartment,Semi-Furnished,Ready to Move,Resale,East,6.0,Freehold,1450
1249,Vadodara,390021,3,3,2952,Gotri,Apartment,Unfurnished,Unknown,Resale,Unknown,1.0,Unknown,1372
1250,Vadodara,390021,3,3,4348,Gotri,Apartment,Furnished,Ready to Move,Resale,Unknown,3.0,Unknown,1380
1251,Vadodara,390021,3,3,8177,Gotri,Apartment,Furnished,Ready to Move,Resale,Unknown,2.0,Unknown,1064
1252,Vadodara,390021,2,2,5118,Gotri,Villa,Unfurnished,Ready to Move,Resale,North - East,,Freehold,1270
1253,Vadodara,390021,3,3,7812,Gotri,Apartment,Furnished,Ready to Move,Resale,Unknown,10.0,Unknown,960
1254,Vadodara,390021,1,1,3025,Gotri,Apartment,Semi-Furnished,Ready to Move,Resale,Unknown,3.0,Unknown,595
1255,Vadodara,390021,3,4,12727,Gotri,Villa,Furnished,Ready to Move,Resale,West,,Freehold,1650
1256,Vadodara,390021,3,3,5866,Gotri,Apartment,Unfurnished,Unknown,New Property,Unknown,3.0,Unknown,1108
1257,Vadodara,390021,2,2,3167,Gotri,Apartment,Unfurnished,Ready to Move,Resale,East,3.0,Freehold,1200
1258,Vadodara,390021,3,4,1549,Gotri,Apartment,Unfurnished,Unknown,Resale,Unknown,1.0,Unknown,1614
1259,Vadodara,390021,3,3,4279,Gotri,Apartment,Furnished,Ready to Move,Resale,North - East,5.0,Freehold,1075
1260,Vadodara,390021,2,2,2796,Gotri,Apartment,Semi-Furnished,Ready to Move,Resale,Unknown,1.0,Unknown,930
1261,Vadodara,390021,3,3,3793,Gotri,Apartment,Furnished,Ready to Move,Resale,Unknown,2.0,Unknown,1450
1262,Vadodara,390021,3,3,3682,Gotri,Apartment,Unfurnished,Ready to Move,Resale,Unknown,13.0,Unknown,2010
1263,Vadodara,390021,3,3,5909,Gotri,Apartment,Semi-Furnished,Ready to Move,Resale,Unknown,2.0,Unknown,1100
1264,Vadodara,390021,2,3,11429,Gotri,Villa,Semi-Furnished,Ready to Move,Resale,East,,Freehold,1400
1265,Vadodara,390021,1,2,2562,Gotri,Apartment,Semi-Furnished,Ready to Move,Resale,Unknown,2.0,Unknown,800
1266,Vadodara,390021,2,2,4286,Gotri,Apartment,Unfurnished,Ready to Move,Resale,Unknown,5.0,Unknown,700
1267,Vadodara,390021,3,3,4694,Gotri,Apartment,Unfurnished,Ready to Move,Resale,Unknown,5.0,Unknown,980
1268,Vadodara,390021,2,2,8750,Gotri,House,Semi-Furnished,Ready to Move,Resale,East,,Co-operative Society,400
1269,Vadodara,390021,2,4,6667,Gotri,House,Unfurnished,Unknown,Resale,Unknown,,Unknown,1200
1270,Vadodara,390021,2,2,4000,Gotri,Apartment,Semi-Furnished,Ready to Move,Resale,Unknown,7.0,Unknown,800
1271,Vadodara,390021,4,3,2100,Gotri,Penthouse,Semi-Furnished,Ready to Move,Resale,Unknown,5.0,Unknown,2000
1272,Vadodara,390021,3,3,4449,Gotri,Apartment,Semi-Furnished,Ready to Move,Resale,East,1.0,Co-operative Society,899
1273,Vadodara,390021,2,3,4273,Gotri,Apartment,Unfurnished,Ready to Move,Resale,South -West,3.0,Co-operative Society,1100
1274,Vadodara,390021,2,2,3418,Gotri,Apartment,Semi-Furnished,Ready to Move,Resale,East,2.0,Freehold,1024
1275,Vadodara,390021,1,1,3273,Gotri,Builder Floor,Semi-Furnished,Ready to Move,Resale,East,3.0,Freehold,550
1276,Vadodara,390021,4,4,10938,Gotri,House,Unfurnished,Ready to Move,Resale,South - East,,Freehold,1600
1277,Vadodara,390021,3,3,3484,Gotri,Apartment,Semi-Furnished,Ready to Move,Resale,East,1.0,Freehold,1435
1278,Vadodara,390021,1,1,4302,Gotri,Apartment,Semi-Furnished,Ready to Move,Resale,Unknown,2.0,Freehold,430
1279,Vadodara,390021,3,3,7273,Gotri,Apartment,Unfurnished,Ready to Move,Resale,West,13.0,Freehold,1100
1280,Vadodara,390021,2,2,3876,Gotri,Apartment,Semi-Furnished,Ready to Move,Resale,North - East,2.0,Freehold,1290
1281,Vadodara,390021,3,4,6600,Gotri,House,Furnished,Ready to Move,Resale,Unknown,,Power Of Attorney,1500
1282,Vadodara,390021,2,2,4661,Gotri,Apartment,Furnished,Ready to Move,Resale,North - East,3.0,Freehold,1062
1283,Vadodara,390021,3,3,6440,Gotri,Apartment,Unfurnished,Ready to Move,New Property,East,7.0,Freehold,1087
1284,Vadodara,390021,3,3,12500,Gotri,House,Semi-Furnished,Ready to Move,Resale,Unknown,,Unknown,1600
1285,Vadodara,390021,4,4,15000,Gotri,Villa,Unfurnished,Ready to Move,Resale,Unknown,,Freehold,1000
1286,Vadodara,390021,2,2,6176,Gotri,Apartment,Unfurnished,Ready to Move,Resale,East,5.0,Freehold,680
1287,Vadodara,390021,3,2,7222,Gotri,House,Unfurnished,Ready to Move,Resale,Unknown,,Unknown,900
1288,Vadodara,390021,3,3,6122,Gotri,Apartment,Unfurnished,Poss. by Mar &#x27;27,Resale,Unknown,9.0,Unknown,980
1289,Vadodara,390021,3,3,2992,Gotri,Apartment,Unfurnished,Unknown,Resale,Unknown,1.0,Unknown,1320
1290,Vadodara,390021,2,2,4889,Gotri,Apartment,Furnished,Ready to Move,Resale,North - East,1.0,Co-operative Society,900
1291,Vadodara,390021,3,3,6526,Gotri,Apartment,Unfurnished,Unknown,Resale,Unknown,4.0,Unknown,950
1292,Vadodara,390021,2,2,3428,Gotri,Apartment,Unfurnished,Ready to Move,Resale,Unknown,5.0,Unknown,1021
1293,Vadodara,390021,2,2,4444,Gotri,Apartment,Semi-Furnished,Ready to Move,Resale,Unknown,1.0,Unknown,900
1294,Vadodara,390021,3,3,5455,Gotri,Apartment,Semi-Furnished,Ready to Move,Resale,Unknown,1.0,Unknown,1100
1295,Vadodara,390021,3,3,4300,Gotri,Apartment,Furnished,Ready to Move,Resale,Unknown,3.0,Unknown,1465
1296,Vadodara,390021,3,3,3721,Gotri,Apartment,Semi-Furnished,Ready to Move,Resale,South -West,3.0,Freehold,1075
1297,Vadodara,390021,4,3,3516,Gotri,Apartment,Semi-Furnished,Ready to Move,Resale,Unknown,5.0,Unknown,1280
1298,Vadodara,390021,2,2,3735,Gotri,Builder Floor,Semi-Furnished,Ready to Move,Resale,Unknown,1.0,Unknown,937
1299,Vadodara,390021,3,3,2963,Gotri,Builder Floor,Semi-Furnished,Ready to Move,Resale,Unknown,2.0,Unknown,1350
1300,Vadodara,390021,2,2,3268,Gotri,Apartment,Unfurnished,Ready to Move,Resale,Unknown,4.0,Unknown,765
1301,Vadodara,390021,3,3,5699,Gotri,Apartment,Semi-Furnished,Ready to Move,Resale,Unknown,1.0,Unknown,930
1302,Vadodara,390021,2,3,2400,Gotri,Builder Floor,Semi-Furnished,Ready to Move,Resale,Unknown,1.0,Unknown,1250
1303,Vadodara,390021,2,2,5609,Gotri,Apartment,Semi-Furnished,Ready to Move,Resale,Unknown,4.0,Unknown,517
1304,Vadodara,390021,2,2,2949,Gotri,Apartment,Semi-Furnished,Ready to Move,Resale,Unknown,5.0,Unknown,780
1305,Vadodara,390021,2,2,3846,Gotri,Apartment,Furnished,Ready to Move,Resale,Unknown,3.0,Unknown,780
1306,Vadodara,390021,3,3,6000,Gotri,Apartment,Semi-Furnished,Ready to Move,Resale,Unknown,8.0,Unknown,1250
1307,Vadodara,390021,3,4,3150,Gotri,Apartment,Semi-Furnished,Ready to Move,Resale,Unknown,4.0,Freehold,2000
1308,Vadodara,390021,2,2,4500,Gotri,Apartment,Semi-Furnished,Ready to Move,Resale,West,4.0,Unknown,600
1309,Vadodara,390021,5,5,7269,Gotri,Villa,Semi-Furnished,Ready to Move,Resale,North - West,,Freehold,3233
1310,Vadodara,390021,2,2,4200,Gotri,Apartment,Furnished,Ready to Move,Resale,Unknown,5.0,Unknown,1000
1311,Vadodara,390021,2,2,5759,Gotri,Apartment,Furnished,Ready to Move,Resale,Unknown,3.0,Unknown,955
1312,Vadodara,390021,3,3,6842,Gotri,Apartment,Furnished,Ready to Move,Resale,East,9.0,Leasehold,950
1313,Vadodara,390021,2,3,5000,Gotri,Apartment,Unfurnished,Ready to Move,Resale,South -West,3.0,Freehold,960
1314,Vadodara,390021,3,3,4000,Gotri,Apartment,Semi-Furnished,Ready to Move,Resale,East,5.0,Co-operative Society,1200
1315,Vadodara,390021,3,3,4309,Gotri,Apartment,Unfurnished,Ready to Move,Resale,East,4.0,Freehold,1114
1316,Vadodara,390021,2,2,4396,Gotri,Apartment,Semi-Furnished,Ready to Move,Resale,East,6.0,Freehold,910
1317,Vadodara,390021,3,3,6337,Gotri,Apartment,Semi-Furnished,Ready to Move,New Property,East,6.0,Freehold,789
1318,Vadodara,390021,2,2,4972,Gotri,Apartment,Semi-Furnished,Ready to Move,Resale,Unknown,1.0,Freehold,905
1319,Vadodara,390021,3,3,2286,Gotri,Penthouse,Semi-Furnished,Ready to Move,Resale,East,3.0,Freehold,1750
1320,Vadodara,390021,3,3,5625,Gotri,Apartment,Unfurnished,Ready to Move,New Property,East,3.0,Freehold,960
1321,Vadodara,390021,2,2,4598,Gotri,Apartment,Furnished,Ready to Move,Resale,East,4.0,Freehold,870
1322,Vadodara,390021,3,3,6000,Gotri,House,Semi-Furnished,Ready to Move,Resale,Unknown,,Unknown,1000
1323,Vadodara,390021,2,2,5185,Gotri,Apartment,Semi-Furnished,Ready to Move,Resale,East,2.0,Freehold,675
1324,Vadodara,390021,3,3,6589,Gotri,Apartment,Semi-Furnished,Ready to Move,Resale,Unknown,8.0,Freehold,1290
1325,Vadodara,390021,3,3,7059,Gotri,Apartment,Semi-Furnished,Ready to Move,Resale,Unknown,6.0,Unknown,850
1326,Vadodara,390021,3,3,7391,Gotri,Apartment,Furnished,Ready to Move,Resale,Unknown,4.0,Unknown,1150
1327,Vadodara,390021,2,3,5285,Gotri,House,Semi-Furnished,Ready to Move,Resale,Unknown,,Unknown,1230
1328,Vadodara,390021,3,3,4089,Gotri,Apartment,Furnished,Ready to Move,Resale,West,7.0,Freehold,1345
1329,Vadodara,390021,1,2,3621,Gotri,Apartment,Unknown,Ready to Move,Resale,Unknown,11.0,Unknown,580
1330,Vadodara,390021,3,3,5357,Gotri,Apartment,Semi-Furnished,Ready to Move,Resale,East,3.0,Power Of Attorney,1400
1331,Vadodara,390021,2,2,3668,Gotri,Apartment,Semi-Furnished,Ready to Move,Resale,East,2.0,Unknown,1295
1332,Vadodara,390021,4,4,7179,Gotri,House,Unfurnished,Ready to Move,Resale,Unknown,,Unknown,1950
1333,Vadodara,390021,2,2,4286,Gotri,Apartment,Furnished,Ready to Move,Resale,Unknown,3.0,Freehold,1050
1334,Vadodara,390021,3,3,5636,Gotri,Apartment,Furnished,Ready to Move,Resale,North,4.0,Freehold,1100
1335,Vadodara,390021,2,3,3200,Gotri,Apartment,Semi-Furnished,Ready to Move,Resale,Unknown,5.0,Unknown,1500
1336,Vadodara,390021,2,2,3231,Gotri,House,Unfurnished,Ready to Move,Resale,Unknown,,Unknown,1300
1337,Vadodara,390012,3,3,6565,Kalali,Apartment,Semi-Furnished,Ready to Move,Resale,East,5.0,Freehold,1447
1338,Vadodara,390012,3,3,5312,Kalali,Villa,Unfurnished,Ready to Move,Resale,East,,Freehold,1600
1339,Vadodara,390012,3,4,3435,Kalali,House,Unfurnished,Ready to Move,Resale,West,,Freehold,2300
1340,Vadodara,390012,4,4,5470,Kalali,Villa,Unfurnished,Ready to Move,Resale,East,,Freehold,1810
1341,Vadodara,390012,4,4,6216,Kalali,Apartment,Furnished,Ready to Move,Resale,East,5.0,Co-operative Society,1850
1342,Vadodara,390012,2,2,3036,Kalali,Apartment,Semi-Furnished,Ready to Move,Resale,Unknown,5.0,Unknown,1680
1343,Vadodara,390012,2,2,2852,Kalali,Penthouse,Unfurnished,Ready to Move,Resale,North,5.0,Freehold,1350
1344,Vadodara,390012,2,2,5714,Kalali,Apartment,Semi-Furnished,Ready to Move,Resale,Unknown,5.0,Unknown,700
1345,Vadodara,390012,2,2,4426,Kalali,Apartment,Unfurnished,Ready to Move,Resale,East,4.0,Unknown,610
1346,Vadodara,390012,3,3,6911,Kalali,Apartment,Semi-Furnished,Ready to Move,Resale,East,5.0,Freehold,1447
1347,Vadodara,390012,3,3,11688,Kalali,House,Furnished,Ready to Move,Resale,East,,Freehold,770
1348,Vadodara,390012,3,3,4722,Kalali,Apartment,Semi-Furnished,Ready to Move,Resale,East,5.0,Freehold,1800
1349,Vadodara,390012,2,2,6000,Kalali,Apartment,Furnished,Ready to Move,Resale,Unknown,4.0,Unknown,700
1350,Vadodara,390012,2,2,3368,Kalali,Apartment,Semi-Furnished,Ready to Move,Resale,Unknown,3.0,Unknown,950
1351,Vadodara,390012,3,3,5294,Kalali,Villa,Furnished,Ready to Move,Resale,Unknown,,Unknown,1700
1352,Vadodara,390012,2,2,3467,Kalali,Apartment,Semi-Furnished,Ready to Move,Resale,East,5.0,Freehold,750
1353,Vadodara,390012,4,5,4646,Kalali,Villa,Unfurnished,Ready to Move,Resale,Unknown,,Freehold,1980
1354,Vadodara,390012,4,3,7410,Kalali,Villa,Furnished,Ready to Move,Resale,Unknown,,Unknown,1000
1355,Vadodara,390012,3,3,4892,Kalali,Apartment,Semi-Furnished,Ready to Move,Resale,Unknown,4.0,Freehold,695
1356,Vadodara,390012,3,3,6883,Kalali,Villa,Unfurnished,Ready to Move,Resale,Unknown,,Co-operative Society,1235
1357,Vadodara,390012,3,3,7503,Kalali,Villa,Unfurnished,Ready to Move,Resale,Unknown,,Freehold,933
1358,Vadodara,390012,2,2,3111,Kalali,Apartment,Unfurnished,Ready to Move,Resale,Unknown,2.0,Unknown,900
1359,Vadodara,390012,3,3,7429,Kalali,House,Furnished,Ready to Move,Resale,Unknown,,Unknown,1750
1360,Vadodara,390012,2,2,3660,Kalali,Apartment,Semi-Furnished,Ready to Move,Resale,Unknown,4.0,Unknown,765
1361,Vadodara,390012,2,3,5000,Kalali,Apartment,Unfurnished,Ready to Move,Resale,Unknown,7.0,Unknown,800
1362,Vadodara,390012,3,3,8941,Kalali,Villa,Furnished,Ready to Move,Resale,West,,Freehold,850
1363,Vadodara,390012,1,2,1748,Kalali,Apartment,Unfurnished,Ready to Move,Resale,Unknown,1.0,Unknown,801
1364,Vadodara,390012,2,3,4162,Kalali,Apartment,Furnished,Ready to Move,Resale,West,2.0,Unknown,985
1365,Vadodara,390012,2,2,3218,Kalali,Apartment,Semi-Furnished,Ready to Move,Resale,West,10.0,Freehold,870
1366,Vadodara,390012,3,3,3249,Kalali,Apartment,Semi-Furnished,Ready to Move,Resale,Unknown,3.0,Unknown,1385
1367,Vadodara,390012,3,3,5333,Kalali,Apartment,Semi-Furnished,Ready to Move,Resale,Unknown,1.0,Unknown,1200
1368,Vadodara,390012,2,2,4286,Kalali,Apartment,Furnished,Ready to Move,Resale,Unknown,2.0,Unknown,700
1369,Vadodara,390012,2,2,4094,Kalali,Apartment,Semi-Furnished,Ready to Move,Resale,North - West,3.0,Freehold,635
1370,Vadodara,390012,2,2,3500,Kalali,Apartment,Semi-Furnished,Ready to Move,Resale,East,1.0,Freehold,800
1371,Vadodara,390012,1,2,2222,Kalali,Apartment,Unfurnished,Ready to Move,Resale,Unknown,3.0,Unknown,900
1372,Vadodara,390012,2,2,3846,Kalali,Apartment,Furnished,Ready to Move,Resale,North - East,3.0,Freehold,650
1373,Vadodara,390012,2,3,4444,Kalali,Apartment,Semi-Furnished,Ready to Move,Resale,Unknown,2.0,Unknown,900
1374,Vadodara,390012,4,3,5615,Kalali,Apartment,Semi-Furnished,Ready to Move,Resale,Unknown,11.0,Unknown,1300
1375,Vadodara,390012,4,4,5000,Kalali,Apartment,Unfurnished,Ready to Move,New Property,East,4.0,Freehold,1800
1376,Vadodara,390012,4,4,10889,Kalali,Villa,Unfurnished,Ready to Move,New Property,East,,Freehold,900
1377,Vadodara,390012,3,3,6746,Kalali,Apartment,Unfurnished,Ready to Move,Resale,East,4.0,Freehold,1260
1378,Vadodara,390012,3,3,9353,Kalali,Villa,Furnished,Ready to Move,Resale,Unknown,,Unknown,850
1379,Vadodara,390012,6,5,9246,Kalali,Villa,Unfurnished,Poss. by Dec &#x27;27,New Property,East,,Freehold,2704
1380,Vadodara,390012,4,4,7256,Kalali,Villa,Unfurnished,Ready to Move,New Property,East,,Freehold,1516
1381,Vadodara,390012,3,3,4643,Kalali,Villa,Semi-Furnished,Ready to Move,Resale,East,,Freehold,1400
1382,Vadodara,390012,4,4,5449,Kalali,Villa,Unfurnished,Poss. by Dec &#x27;27,New Property,East,,Freehold,1560
1383,Vadodara,390022,2,2,5000,Sama Savli Road,Apartment,Furnished,Ready to Move,Resale,East,2.0,Freehold,700
1384,Vadodara,390022,2,2,4881,Sama Savli Road,Apartment,Furnished,Ready to Move,Resale,West,3.0,Freehold,717
1385,Vadodara,390022,1,1,5882,Sama Savli Road,Apartment,Semi-Furnished,Ready to Move,Resale,Unknown,2.0,Unknown,510
1386,Vadodara,390022,3,3,6138,Sama Savli Road,Penthouse,Semi-Furnished,Ready to Move,Resale,Unknown,4.0,Unknown,896
1387,Vadodara,390022,3,3,9929,Sama Savli Road,House,Furnished,Ready to Move,Resale,East,,Freehold,1400
1388,Vadodara,390022,3,3,5687,Sama Savli Road,Apartment,Unfurnished,Poss. by Mar &#x27;29,New Property,Unknown,,Unknown,1143
1389,Vadodara,390022,4,4,7722,Sama Savli Road,Apartment,Unfurnished,Poss. by Nov &#x27;27,New Property,Unknown,,Unknown,2305
1390,Vadodara,390022,3,3,4576,Sama Savli Road,Penthouse,Unfurnished,Ready to Move,Resale,North,5.0,Freehold,1180
1391,Vadodara,390022,1,1,3600,Sama Savli Road,Apartment,Unfurnished,Ready to Move,Resale,Unknown,1.0,Unknown,500
1392,Vadodara,390022,2,2,15000,Sama Savli Road,House,Unfurnished,Ready to Move,Resale,Unknown,,Unknown,600
1393,Vadodara,390022,2,2,6933,Sama Savli Road,Apartment,Semi-Furnished,Ready to Move,Resale,Unknown,8.0,Freehold,750
1394,Vadodara,390022,3,3,7960,Sama Savli Road,Villa,Furnished,Ready to Move,Resale,West,,Freehold,2500
1395,Vadodara,390022,3,3,5093,Sama Savli Road,Apartment,Furnished,Ready to Move,Resale,East,9.0,Freehold,1080
1396,Vadodara,390022,2,2,14091,Sama Savli Road,House,Unfurnished,Ready to Move,Resale,East,,Freehold,1100
1397,Vadodara,390022,4,4,6442,Sama Savli Road,Apartment,Unfurnished,Ready to Move,Resale,North,3.0,Freehold,2872
1398,Vadodara,390022,3,3,6142,Sama Savli Road,Apartment,Unfurnished,Ready to Move,New Property,East,11.0,Freehold,1213
1399,Vadodara,390022,4,4,12857,Sama Savli Road,House,Unfurnished,Ready to Move,Resale,East,,Freehold,2100
1400,Vadodara,390022,1,1,6349,Sama Savli Road,Penthouse,Semi-Furnished,Ready to Move,Resale,Unknown,4.0,Unknown,504
1401,Vadodara,390022,1,1,4358,Sama Savli Road,Builder Floor,Semi-Furnished,Ready to Move,Resale,Unknown,4.0,Freehold,413
1402,Vadodara,390022,3,4,8231,Sama Savli Road,House,Furnished,Ready to Move,Resale,Unknown,3.0,Unknown,1300
1403,Vadodara,390022,5,5,10000,Sama Savli Road,Penthouse,Furnished,Ready to Move,Resale,East,2.0,Freehold,2750
1404,Vadodara,390022,2,2,4861,Sama Savli Road,Builder Floor,Unfurnished,Ready to Move,Resale,Unknown,4.0,Unknown,720
1405,Vadodara,390022,2,2,3659,Sama Savli Road,Apartment,Furnished,Ready to Move,Resale,North - East,5.0,Unknown,850
1406,Vadodara,390022,2,2,4500,Sama Savli Road,Apartment,Furnished,Ready to Move,Resale,Unknown,4.0,Unknown,700
1407,Vadodara,390022,2,2,3600,Sama Savli Road,Apartment,Furnished,Ready to Move,Resale,East,2.0,Freehold,1250
1408,Vadodara,390022,2,2,3636,Sama Savli Road,Apartment,Unfurnished,Ready to Move,Resale,Unknown,5.0,Power Of Attorney,1100
1409,Vadodara,390022,1,1,3636,Sama Savli Road,Apartment,Unfurnished,Ready to Move,Resale,Unknown,1.0,Unknown,550
1410,Vadodara,390022,2,2,3783,Sama Savli Road,Apartment,Semi-Furnished,Ready to Move,Resale,Unknown,1.0,Unknown,1150
1411,Vadodara,390022,1,1,3800,Sama Savli Road,Apartment,Semi-Furnished,Ready to Move,Resale,Unknown,4.0,Unknown,500
1412,Vadodara,390022,3,3,3000,Sama Savli Road,Builder Floor,Unfurnished,Ready to Move,Resale,Unknown,1.0,Unknown,1500
1413,Vadodara,390022,3,2,4412,Sama Savli Road,Apartment,Semi-Furnished,Ready to Move,Resale,Unknown,5.0,Freehold,1530
1414,Vadodara,390022,2,3,4000,Sama Savli Road,House,Unfurnished,Ready to Move,Resale,Unknown,,Unknown,1000
1415,Vadodara,390022,2,2,5875,Sama Savli Road,Apartment,Semi-Furnished,Ready to Move,Resale,Unknown,6.0,Unknown,800
1416,Vadodara,390022,2,2,2609,Sama Savli Road,Apartment,Semi-Furnished,Ready to Move,Resale,North,2.0,Unknown,1150
1417,Vadodara,390022,2,2,4000,Sama Savli Road,Apartment,Furnished,Ready to Move,Resale,Unknown,3.0,Unknown,1000
1418,Vadodara,390022,2,2,4211,Sama Savli Road,Apartment,Unfurnished,Ready to Move,Resale,Unknown,5.0,Unknown,950
1419,Vadodara,390022,4,3,3185,Sama Savli Road,Penthouse,Unfurnished,Ready to Move,Resale,East,4.0,Freehold,1350
1420,Vadodara,390022,2,2,3823,Sama Savli Road,Apartment,Furnished,Ready to Move,Resale,Unknown,3.0,Freehold,1308
1421,Vadodara,390022,2,2,15972,Sama Savli Road,House,Furnished,Ready to Move,Resale,Unknown,1.0,Co-operative Society,720
1422,Vadodara,390022,3,3,10588,Sama Savli Road,Apartment,Unfurnished,Ready to Move,New Property,East,5.0,Freehold,1275
1423,Vadodara,390022,5,4,3521,Sama Savli Road,Apartment,Unfurnished,Ready to Move,Resale,Unknown,9.0,Unknown,3550
1424,Vadodara,390022,3,3,4778,Sama Savli Road,Penthouse,Semi-Furnished,Ready to Move,Resale,East,5.0,Freehold,1800
1425,Vadodara,390022,3,3,4929,Sama Savli Road,Apartment,Furnished,Ready to Move,Resale,Unknown,3.0,Unknown,1400
1426,Vadodara,390022,3,3,5909,Sama Savli Road,Apartment,Furnished,Ready to Move,Resale,East,1.0,Freehold,1100
1427,Vadodara,390022,2,3,5000,Sama Savli Road,Apartment,Semi-Furnished,Ready to Move,New Property,East,7.0,Freehold,900
1428,Vadodara,390022,2,2,2500,Sama Savli Road,Apartment,Semi-Furnished,Ready to Move,Resale,North - East,1.0,Co-operative Society,1200
1429,Vadodara,390022,2,2,6000,Sama Savli Road,Apartment,Furnished,Ready to Move,Resale,Unknown,4.0,Unknown,600
1430,Vadodara,390022,2,3,5368,Sama Savli Road,Apartment,Unfurnished,Ready to Move,Resale,East,2.0,Freehold,950
1431,Vadodara,390022,4,5,6170,Sama Savli Road,House,Semi-Furnished,Ready to Move,Resale,East,,Freehold,2350
1432,Vadodara,390022,2,2,4267,Sama Savli Road,Apartment,Semi-Furnished,Ready to Move,Resale,Unknown,4.0,Unknown,750
1433,Vadodara,390022,3,3,5512,Sama Savli Road,Apartment,Unfurnished,Ready to Move,Resale,North - East,9.0,Freehold,1016
1434,Vadodara,390022,1,1,2361,Sama Savli Road,Apartment,Semi-Furnished,Ready to Move,Resale,Unknown,4.0,Unknown,720
1435,Vadodara,390022,3,3,5391,Sama Savli Road,Apartment,Semi-Furnished,Ready to Move,Resale,North,6.0,Freehold,1150
1436,Vadodara,390022,2,2,3043,Sama Savli Road,Apartment,Semi-Furnished,Ready to Move,Resale,Unknown,2.0,Unknown,1150
1437,Vadodara,390022,4,3,10667,Sama Savli Road,Villa,Semi-Furnished,Ready to Move,Resale,Unknown,,Freehold,1500
1438,Vadodara,390022,3,3,5390,Sama Savli Road,Apartment,Semi-Furnished,Ready to Move,Resale,East,3.0,Freehold,1206
1439,Vadodara,390022,2,2,5467,Sama Savli Road,Apartment,Furnished,Ready to Move,Resale,Unknown,6.0,Unknown,750
1440,Vadodara,390022,2,2,6410,Sama Savli Road,Apartment,Furnished,Ready to Move,Resale,Unknown,3.0,Unknown,780
1441,Vadodara,390022,4,4,2206,Sama Savli Road,Penthouse,Furnished,Ready to Move,Resale,Unknown,4.0,Unknown,3400
1442,Vadodara,390022,2,2,4071,Sama Savli Road,Builder Floor,Furnished,Unknown,Resale,Unknown,,Unknown,1400
1443,Vadodara,390022,1,1,3818,Sama Savli Road,Apartment,Semi-Furnished,Ready to Move,Resale,Unknown,2.0,Unknown,550
1444,Vadodara,390022,3,3,5426,Sama Savli Road,Apartment,Unfurnished,Ready to Move,Resale,Unknown,2.0,Unknown,1290
1445,Vadodara,390022,2,2,6200,Sama Savli Road,House,Semi-Furnished,Ready to Move,Resale,Unknown,,Unknown,2500
1446,Vadodara,390022,3,3,6571,Sama Savli Road,Apartment,Semi-Furnished,Ready to Move,Resale,Unknown,2.0,Unknown,1187
1447,Vadodara,390022,1,1,3500,Sama Savli Road,Apartment,Unknown,Ready to Move,Resale,Unknown,2.0,Unknown,400
1448,Vadodara,390022,3,3,3417,Sama Savli Road,House,Unknown,Ready to Move,Resale,Unknown,,Unknown,1200
1449,Vadodara,390022,2,2,3100,Sama Savli Road,Builder Floor,Semi-Furnished,Ready to Move,Resale,Unknown,4.0,Unknown,1000
1450,Vadodara,390022,4,4,7143,Sama Savli Road,Apartment,Unfurnished,Unknown,Resale,Unknown,3.0,Unknown,1750
1451,Vadodara,390022,2,2,3333,Sama Savli Road,Penthouse,Unfurnished,Ready to Move,Resale,Unknown,5.0,Unknown,1200
1452,Vadodara,390022,2,2,4091,Sama Savli Road,Builder Floor,Furnished,Ready to Move,Resale,Unknown,2.0,Unknown,1100
1453,Vadodara,390022,4,4,5660,Sama Savli Road,Apartment,Semi-Furnished,Ready to Move,Resale,Unknown,5.0,Unknown,1325
1454,Vadodara,390022,2,2,4000,Sama Savli Road,Builder Floor,Semi-Furnished,Ready to Move,Resale,Unknown,2.0,Unknown,1050
1455,Vadodara,390022,3,3,4240,Sama Savli Road,Apartment,Semi-Furnished,Ready to Move,Resale,Unknown,1.0,Unknown,1250
1456,Vadodara,390022,2,2,2800,Sama Savli Road,Builder Floor,Furnished,Ready to Move,Resale,Unknown,2.0,Unknown,1000
1457,Vadodara,390022,6,6,6379,Sama Savli Road,Penthouse,Unfurnished,Ready to Move,Resale,Unknown,5.0,Unknown,2900
1458,Vadodara,390022,2,2,4000,Sama Savli Road,Apartment,Semi-Furnished,Ready to Move,Resale,Unknown,1.0,Unknown,750
1459,Vadodara,390022,1,1,4384,Sama Savli Road,Builder Floor,Unfurnished,Ready to Move,Resale,Unknown,3.0,Unknown,479
1460,Vadodara,390022,2,3,5697,Sama Savli Road,Apartment,Furnished,Ready to Move,Resale,East,3.0,Freehold,825
1461,Vadodara,390022,2,2,2366,Sama Savli Road,Apartment,Semi-Furnished,Ready to Move,Resale,Unknown,4.0,Unknown,930
1462,Vadodara,390022,2,2,4071,Sama Savli Road,Apartment,Semi-Furnished,Ready to Move,Resale,East,1.0,Freehold,700
1463,Vadodara,390022,2,2,5143,Sama Savli Road,Apartment,Semi-Furnished,Ready to Move,Resale,East,3.0,Unknown,700
1464,Vadodara,390022,2,3,3429,Sama Savli Road,House,Furnished,Ready to Move,Resale,Unknown,1.0,Unknown,1750
1465,Vadodara,390022,2,2,3333,Sama Savli Road,Apartment,Unfurnished,Ready to Move,Resale,South - East,2.0,Freehold,750
1466,Vadodara,390022,3,3,5909,Sama Savli Road,Apartment,Unfurnished,Ready to Move,Resale,West,4.0,Freehold,1100
1467,Vadodara,390022,2,2,4286,Sama Savli Road,Apartment,Unfurnished,Ready to Move,Resale,East,5.0,Freehold,770
1468,Vadodara,390022,1,1,3091,Sama Savli Road,House,Semi-Furnished,Ready to Move,Resale,Unknown,,Unknown,550
1469,Vadodara,390022,2,2,3720,Sama Savli Road,Apartment,Furnished,Ready to Move,Resale,East,4.0,Freehold,1035
1470,Vadodara,390022,2,2,4354,Sama Savli Road,Apartment,Semi-Furnished,Ready to Move,Resale,North,4.0,Freehold,735
1471,Vadodara,390022,2,2,5333,Sama Savli Road,Apartment,Semi-Furnished,Ready to Move,Resale,East,3.0,Freehold,750
1472,Vadodara,390022,3,3,5077,Sama Savli Road,Apartment,Unfurnished,Ready to Move,Resale,East,3.0,Leasehold,1300
1473,Vadodara,390022,2,2,3330,Sama Savli Road,Apartment,Semi-Furnished,Ready to Move,Resale,Unknown,4.0,Unknown,1066
1474,Vadodara,390022,2,2,4843,Sama Savli Road,Apartment,Furnished,Ready to Move,Resale,Unknown,4.0,Unknown,826
1475,Vadodara,390022,2,2,2333,Sama Savli Road,Apartment,Semi-Furnished,Ready to Move,Resale,Unknown,4.0,Unknown,1200
1476,Vadodara,390022,3,3,5818,Sama Savli Road,Apartment,Furnished,Ready to Move,Resale,Unknown,5.0,Unknown,1100
1477,Vadodara,390022,3,3,5000,Sama Savli Road,Apartment,Furnished,Ready to Move,Resale,Unknown,1.0,Unknown,1000
1478,Vadodara,390022,2,2,4667,Sama Savli Road,Apartment,Furnished,Ready to Move,Resale,East,2.0,Freehold,750
1479,Vadodara,390022,2,2,4830,Sama Savli Road,Apartment,Unfurnished,Poss. by Jun &#x27;27,New Property,Unknown,,Unknown,704
1480,Vadodara,390022,3,3,5682,Sama Savli Road,Apartment,Unfurnished,Poss. by Mar &#x27;29,New Property,Unknown,,Unknown,1144
1481,Vadodara,390022,4,4,7636,Sama Savli Road,Apartment,Unfurnished,Poss. by Nov &#x27;27,New Property,Unknown,,Unknown,2305
1482,Vadodara,390022,4,4,6000,Sama Savli Road,Apartment,Unfurnished,Ready to Move,New Property,East,11.0,Freehold,1550
1483,Vadodara,390022,2,2,3929,Sama Savli Road,Apartment,Semi-Furnished,Ready to Move,Resale,East,3.0,Freehold,700
1484,Vadodara,390022,4,4,13750,Sama Savli Road,House,Furnished,Ready to Move,Resale,East,,Freehold,1200
1485,Vadodara,390022,3,3,9048,Sama Savli Road,House,Semi-Furnished,Ready to Move,Resale,East,,Freehold,2100
1486,Vadodara,390022,2,2,4133,Sama Savli Road,Apartment,Semi-Furnished,Ready to Move,Resale,Unknown,4.0,Unknown,750
1487,Vadodara,390022,2,2,4231,Sama Savli Road,Apartment,Semi-Furnished,Ready to Move,Resale,Unknown,5.0,Unknown,780
1488,Vadodara,390022,2,2,4924,Sama Savli Road,Flat,Furnished,Ready to Move,Resale,East,2.0,Freehold,853
1489,Vadodara,390022,3,3,5687,Sama Savli Road,Flat,Unfurnished,Poss. by Mar &#x27;29,New Property,Unknown,,Unknown,1143
1490,Vadodara,390022,3,3,5682,Sama Savli Road,Flat,Unfurnished,Poss. by Mar &#x27;29,New Property,Unknown,,Unknown,1144
1491,Vadodara,390022,4,4,7722,Sama Savli Road,Flat,Unfurnished,Poss. by Nov &#x27;27,New Property,Unknown,,Unknown,2305
1492,Vadodara,390022,4,4,7636,Sama Savli Road,Flat,Unfurnished,Poss. by Nov &#x27;27,New Property,Unknown,,Unknown,2305
1493,Vadodara,390022,3,3,8013,Sama Savli Road,Flat,Unfurnished,Poss. by Nov &#x27;27,New Property,Unknown,,Unknown,1248
1494,Vadodara,390022,4,4,7592,Sama Savli Road,Flat,Unfurnished,Poss. by Nov &#x27;27,New Property,Unknown,,Unknown,2305
1495,Vadodara,390022,3,3,7933,Sama Savli Road,Flat,Unfurnished,Poss. by Nov &#x27;27,New Property,Unknown,,Unknown,1248
1496,Vadodara,390022,3,3,5727,Sama Savli Road,Flat,Unfurnished,Poss. by Mar &#x27;29,New Property,Unknown,,Unknown,1163
1497,Vadodara,390022,3,3,5651,Sama Savli Road,Flat,Unfurnished,Poss. by Mar &#x27;29,New Property,Unknown,,Unknown,1168
1498,Vadodara,390022,3,3,5675,Sama Savli Road,Flat,Unfurnished,Poss. by Mar &#x27;29,New Property,Unknown,,Unknown,1163
1499,Vadodara,390022,3,3,11423,Sama Savli Road,Flat,Furnished,Ready to Move,Resale,Unknown,2.0,Unknown,963
1500,Vadodara,390022,2,2,4000,Sama Savli Road,Flat,Unfurnished,Ready to Move,New Property,Unknown,1.0,Freehold,750
1501,Vadodara,390022,2,2,4286,Sama Savli Road,Flat,Furnished,Ready to Move,Resale,East,10.0,Freehold,1050
1502,Vadodara,390022,3,3,10588,Sama Savli Road,Flat,Unfurnished,Ready to Move,New Property,East,5.0,Freehold,1275
1503,Vadodara,390022,3,3,5512,Sama Savli Road,Flat,Unfurnished,Ready to Move,Resale,North - East,9.0,Freehold,1016
1504,Vadodara,390022,2,2,3883,Sayajigunj,Apartment,Semi-Furnished,Ready to Move,Resale,East,2.0,Freehold,1030
1505,Vadodara,390022,2,2,7500,Sayajigunj,Apartment,Unfurnished,Ready to Move,Resale,East,4.0,Freehold,800
1506,Vadodara,390022,2,2,2860,Sayajigunj,Apartment,Semi-Furnished,Ready to Move,Resale,Unknown,1.0,Unknown,1084
1507,Vadodara,390022,2,2,3014,Sayajigunj,Apartment,Semi-Furnished,Ready to Move,New Property,East,1.0,Freehold,1327
1508,Vadodara,390022,2,2,2588,Sayajigunj,Apartment,Furnished,Ready to Move,Resale,Unknown,1.0,Unknown,850
1509,Vadodara,390022,2,2,3500,Sayajigunj,Apartment,Semi-Furnished,Ready to Move,Resale,South,2.0,Unknown,600
1510,Vadodara,390022,1,1,1867,Sayajigunj,Apartment,Unfurnished,Ready to Move,Resale,Unknown,4.0,Unknown,750
1511,Vadodara,390022,2,2,2588,Sayajigunj,Apartment,Semi-Furnished,Ready to Move,Resale,Unknown,4.0,Unknown,850
1512,Vadodara,390022,2,2,3271,Sayajigunj,Apartment,Semi-Furnished,Ready to Move,Resale,Unknown,3.0,Unknown,1070
1513,Vadodara,390022,1,1,2000,Sayajigunj,Builder Floor,Semi-Furnished,Ready to Move,Resale,Unknown,3.0,Unknown,750
1514,Vadodara,390022,2,2,3918,Sayajigunj,Apartment,Semi-Furnished,Ready to Move,Resale,East,3.0,Co-operative Society,1225
1515,Vadodara,390021,2,2,3750,Gotri,Flat,Semi-Furnished,Ready to Move,Resale,East,3.0,Freehold,800
1516,Vadodara,391101,5,3,5040,Sevasi,Flat,Unfurnished,Ready to Move,Resale,East,8.0,Freehold,2500
1517,Vadodara,390022,3,3,3199,Sama Savli Road,Flat,Furnished,Ready to Move,Resale,Unknown,8.0,Unknown,1688
1518,Vadodara,390011,2,2,2578,Manjalpur,Flat,Unfurnished,Ready to Move,New Property,Unknown,1.0,Unknown,1280
1519,Vadodara,390022,2,2,4500,Sayajiganj,Flat,Unfurnished,Ready to Move,Resale,Unknown,4.0,Freehold,1000
1520,Vadodara,390022,5,4,3521,Sama Savli Road,Flat,Unfurnished,Ready to Move,Resale,Unknown,9.0,Unknown,3550
1521,Vadodara,390022,3,3,4388,Sama Savli Road,Flat,Furnished,Ready to Move,Resale,Unknown,8.0,Co-operative Society,1185
1522,Vadodara,390025,3,3,4500,Waghodia Road,House,Furnished,Poss. by Mar &#x27;27,Resale,East,,Freehold,1500
1523,Vadodara,390021,3,3,5909,Gotri,Flat,Semi-Furnished,Ready to Move,Resale,Unknown,2.0,Unknown,1100
1524,Vadodara,390022,2,2,5889,Pratapgunj,Flat,Furnished,Ready to Move,Resale,East,2.0,Unknown,900
1525,Vadodara,390022,3,3,5000,Vasna Bhayli Main Road,Flat,Semi-Furnished,Ready to Move,Resale,East,4.0,Freehold,1400
1526,Vadodara,390022,2,2,5467,Sama Savli Road,Flat,Furnished,Ready to Move,Resale,Unknown,6.0,Unknown,750
1527,Vadodara,390022,2,2,3333,Sokhdakhurd,House,Semi-Furnished,Ready to Move,Resale,Unknown,1.0,Unknown,1200
1528,Vadodara,390022,2,4,4545,Anandpura,House,Semi-Furnished,Ready to Move,Resale,Unknown,,Unknown,1210
1529,Vadodara,390018,1,1,4898,Karelibaug,Flat,Unfurnished,Ready to Move,Resale,Unknown,3.0,Unknown,490
1530,Vadodara,390022,1,1,6644,Nimeta,House,Unfurnished,Ready to Move,Resale,Unknown,,Unknown,450
1531,Vadodara,390019,4,4,6905,New Alkapuri,Flat,Unfurnished,Ready to Move,Resale,East,6.0,Unknown,2100
1532,Vadodara,390021,3,3,4309,Gotri,Flat,Unfurnished,Ready to Move,Resale,East,4.0,Freehold,1114
1533,Vadodara,390007,3,3,5351,Alkapuri,Flat,Furnished,Ready to Move,Resale,Unknown,4.0,Unknown,1252
1534,Vadodara,391410,2,2,4333,Bhayli,Flat,Unfurnished,Ready to Move,Resale,Unknown,1.0,Unknown,600
1535,Vadodara,390022,2,2,3386,Pashabhai Park,Flat,Semi-Furnished,Ready to Move,Resale,Unknown,4.0,Unknown,945
1536,Vadodara,390022,1,3,4533,Old Padra Road,Flat,Unknown,Unknown,Unknown,East,2.0,Freehold,1765
1537,Vadodara,390012,2,2,3043,Tandalja,Flat,Semi-Furnished,Ready to Move,Resale,Unknown,2.0,Co-operative Society,1150
1538,Vadodara,390012,3,3,3519,Kalali,Flat,Unfurnished,Ready to Move,Resale,East,5.0,Freehold,1080
1539,Vadodara,390022,3,3,6800,Old Padra Road,House,Semi-Furnished,Ready to Move,Resale,Unknown,,Unknown,1250
1540,Vadodara,390011,4,4,5556,Manjalpur,Flat,Unfurnished,Ready to Move,Resale,East,3.0,Unknown,2700
1541,Vadodara,391410,2,2,5400,Bhayli,Flat,Unfurnished,Ready to Move,Resale,Unknown,5.0,Unknown,500
1542,Vadodara,391101,4,3,8621,Sevasi,Apartment,Furnished,Ready to Move,Resale,East,5.0,Co-operative Society,2900
1543,Vadodara,391101,5,3,5040,Sevasi,Apartment,Unfurnished,Ready to Move,Resale,East,8.0,Freehold,2500
1544,Vadodara,391101,5,5,6623,Sevasi,Villa,Unfurnished,Ready to Move,Resale,West,,Freehold,5285
1545,Vadodara,391101,2,2,5368,Sevasi,Apartment,Semi-Furnished,Ready to Move,Resale,East,6.0,Freehold,652
1546,Vadodara,391101,3,3,4167,Sevasi,Apartment,Semi-Furnished,Ready to Move,Resale,East,2.0,Freehold,1200
1547,Vadodara,391101,5,5,14000,Sevasi,Villa,Furnished,Ready to Move,Resale,East,,Freehold,5000
1548,Vadodara,391101,4,3,6897,Sevasi,Penthouse,Furnished,Ready to Move,Resale,East,2.0,Freehold,2900
1549,Vadodara,391101,3,2,4054,Sevasi,Apartment,Unfurnished,Ready to Move,Resale,East,10.0,Freehold,1850
1550,Vadodara,391101,4,3,4291,Sevasi,Penthouse,Semi-Furnished,Ready to Move,Resale,Unknown,8.0,Unknown,2680
1551,Vadodara,391101,3,3,6667,Sevasi,Apartment,Unfurnished,Ready to Move,Resale,Unknown,2.0,Unknown,1050
1552,Vadodara,391101,4,4,9333,Sevasi,Villa,Furnished,Ready to Move,Resale,East,,Freehold,1875
1553,Vadodara,391101,3,3,7164,Sevasi,Apartment,Unfurnished,Ready to Move,Resale,East,3.0,Freehold,1005
1554,Vadodara,391101,3,3,16173,Sevasi,House,Furnished,Ready to Move,Resale,Unknown,,Unknown,742
1555,Vadodara,391101,4,3,3765,Sevasi,Apartment,Semi-Furnished,Ready to Move,Resale,Unknown,7.0,Unknown,1461
1556,Vadodara,391101,5,5,7231,Sevasi,House,Unfurnished,Unknown,Resale,East,,Freehold,2420
1557,Vadodara,391101,3,4,5474,Sevasi,Apartment,Semi-Furnished,Ready to Move,Resale,Unknown,1.0,Unknown,1370
1558,Vadodara,391101,3,3,6547,Sevasi,Apartment,Furnished,Ready to Move,Resale,East,8.0,Freehold,1370
1559,Vadodara,391101,4,4,3113,Sevasi,Apartment,Unfurnished,Poss. by Dec &#x27;26,New Property,Unknown,,Unknown,2650
1560,Vadodara,391101,3,3,4828,Sevasi,Apartment,Semi-Furnished,Ready to Move,Resale,West,4.0,Freehold,1450
1561,Vadodara,391101,2,2,2787,Sevasi,Apartment,Unfurnished,Ready to Move,New Property,Unknown,3.0,Unknown,1435
1562,Vadodara,391101,3,3,5772,Sevasi,Apartment,Unfurnished,Ready to Move,Resale,Unknown,8.0,Unknown,1379
1563,Vadodara,391101,4,4,1519,Sevasi,Apartment,Semi-Furnished,Ready to Move,Resale,Unknown,1.0,Unknown,4278
1564,Vadodara,391101,2,2,4462,Sevasi,Apartment,Semi-Furnished,Ready to Move,Resale,Unknown,5.0,Unknown,650
1565,Vadodara,391101,2,2,4933,Sevasi,Apartment,Furnished,Ready to Move,Resale,Unknown,1.0,Unknown,750
1566,Vadodara,391101,2,2,5065,Sevasi,Apartment,Semi-Furnished,Ready to Move,Resale,Unknown,2.0,Freehold,691
1567,Vadodara,391101,3,3,4675,Sevasi,Apartment,Furnished,Ready to Move,Resale,Unknown,5.0,Co-operative Society,1155
1568,Vadodara,391101,4,4,14000,Sevasi,Villa,Furnished,Ready to Move,New Property,East,,Co-operative Society,1000
1569,Vadodara,391101,5,4,5769,Sevasi,House,Furnished,Ready to Move,Resale,Unknown,3.0,Unknown,6500
1570,Vadodara,391101,4,4,6364,Sevasi,Apartment,Semi-Furnished,Ready to Move,Resale,Unknown,7.0,Co-operative Society,2200
1571,Vadodara,391101,2,2,4030,Sevasi,Apartment,Semi-Furnished,Ready to Move,Resale,East,4.0,Unknown,670
1572,Vadodara,391101,2,3,6857,Sevasi,Apartment,Furnished,Ready to Move,Resale,West,2.0,Freehold,700
1573,Vadodara,391101,3,3,3121,Sevasi,Apartment,Unfurnished,Ready to Move,Resale,Unknown,9.0,Unknown,1474
1574,Vadodara,391101,3,3,5157,Sevasi,Apartment,Unfurnished,Ready to Move,New Property,East,6.0,Co-operative Society,1018
1575,Vadodara,391101,4,4,9909,Sevasi,Apartment,Unfurnished,Ready to Move,New Property,North - East,1.0,Freehold,3068
1576,Vadodara,391101,5,4,17100,Sevasi,Villa,Unfurnished,Poss. by May &#x27;28,New Property,East,,Freehold,1000
1577,Vadodara,391101,3,3,5889,Sevasi,Apartment,Unfurnished,Ready to Move,New Property,East,3.0,Freehold,900
1578,Vadodara,391101,4,4,6000,Sevasi,Villa,Furnished,Ready to Move,Resale,East,,Freehold,2500
1579,Vadodara,391101,2,2,6400,Sevasi,Apartment,Semi-Furnished,Ready to Move,Resale,East,5.0,Freehold,500
1580,Vadodara,391101,2,3,4353,Sevasi,House,Furnished,Ready to Move,Resale,Unknown,,Unknown,850
1581,Vadodara,391101,1,2,4348,Sevasi,Apartment,Semi-Furnished,Ready to Move,Resale,East,3.0,Freehold,575
1582,Vadodara,391101,3,3,5556,Sevasi,Apartment,Unfurnished,Poss. by Dec &#x27;26,New Property,Unknown,,Unknown,1350
1583,Vadodara,391101,5,4,6591,Sevasi,Apartment,Unfurnished,Poss. by Dec &#x27;26,New Property,Unknown,,Unknown,2200
1584,Vadodara,391101,3,4,4035,Sevasi,Apartment,Semi-Furnished,Ready to Move,Resale,South -West,6.0,Unknown,1264
1585,Vadodara,391101,4,4,6379,Sevasi,Apartment,Unfurnished,Ready to Move,Resale,West,7.0,Freehold,2900
1586,Vadodara,391101,2,2,4077,Sevasi,Apartment,Furnished,Ready to Move,Resale,East,5.0,Freehold,650
1587,Vadodara,391101,4,4,6628,Sevasi,Apartment,Unfurnished,Poss. by Dec &#x27;26,New Property,Unknown,,Unknown,2263
1588,Vadodara,391101,4,4,5648,Sevasi,Apartment,Unfurnished,Ready to Move,New Property,North - East,11.0,Freehold,1505
1589,Vadodara,391101,5,4,10867,Sevasi,Villa,Unfurnished,Ready to Move,Resale,North,,Freehold,4187
1590,Vadodara,391101,4,4,5688,Sevasi,Apartment,Unfurnished,Poss. by Dec &#x27;26,New Property,Unknown,,Unknown,1600
1591,Vadodara,391101,5,4,6545,Sevasi,Apartment,Unfurnished,Poss. by Dec &#x27;26,New Property,Unknown,,Unknown,2200
1592,Vadodara,391101,2,2,5263,Sevasi,Apartment,Semi-Furnished,Ready to Move,Resale,Unknown,5.0,Freehold,665
1593,Vadodara,391101,2,4,8081,Sevasi,Villa,Semi-Furnished,Ready to Move,Resale,East,,Freehold,3700
1594,Vadodara,391101,3,3,4921,Sevasi,Apartment,Unfurnished,Unknown,New Property,Unknown,,Unknown,1140
1595,Vadodara,391101,6,5,8730,Sevasi,Penthouse,Unfurnished,Ready to Move,Resale,East,9.0,Freehold,3150
1596,Vadodara,391101,2,2,4000,Sevasi,Apartment,Furnished,Ready to Move,Resale,East,5.0,Freehold,650
1597,Vadodara,391101,3,3,6132,Sevasi,Apartment,Unfurnished,Poss. by Oct &#x27;26,New Property,East,1.0,Freehold,1060
1598,Vadodara,391101,3,3,5634,Sevasi,Apartment,Unfurnished,Unknown,New Property,Unknown,,Unknown,820
1599,Vadodara,391101,6,5,7807,Sevasi,Apartment,Unfurnished,Poss. by Sep &#x27;27,Resale,North,19.0,Freehold,5713
1600,Vadodara,391101,5,4,6455,Sevasi,Apartment,Unfurnished,Poss. by Dec &#x27;26,New Property,Unknown,,Unknown,2200
1601,Vadodara,391101,5,4,9486,Sevasi,Villa,Semi-Furnished,Ready to Move,Resale,East,,Freehold,3700
1602,Vadodara,391101,4,4,7096,Sevasi,Villa,Unfurnished,Ready to Move,Resale,East,,Freehold,5285
1603,Vadodara,391101,5,4,6409,Sevasi,Apartment,Unfurnished,Poss. by Dec &#x27;26,New Property,Unknown,,Unknown,2200
1604,Vadodara,391101,2,2,5419,Sevasi,Apartment,Unfurnished,Ready to Move,Resale,South,6.0,Freehold,609
1605,Vadodara,390012,3,3,6167,Tandalja,Apartment,Furnished,Ready to Move,Resale,East,4.0,Freehold,1800
1606,Vadodara,390012,4,4,5117,Tandalja,Apartment,Semi-Furnished,Ready to Move,Resale,Unknown,3.0,Unknown,2443
1607,Vadodara,390012,3,3,11714,Tandalja,Apartment,Furnished,Ready to Move,Resale,Unknown,1.0,Unknown,700
1608,Vadodara,390012,3,3,4417,Tandalja,Apartment,Furnished,Ready to Move,Resale,Unknown,3.0,Unknown,1200
1609,Vadodara,390012,3,4,12000,Tandalja,House,Furnished,Ready to Move,Resale,Unknown,,Unknown,1250
1610,Vadodara,390012,1,1,4545,Tandalja,Apartment,Unfurnished,Ready to Move,Resale,Unknown,1.0,Unknown,550
1611,Vadodara,390012,3,3,6019,Tandalja,Apartment,Semi-Furnished,Ready to Move,Resale,Unknown,4.0,Unknown,1080
1612,Vadodara,390012,5,4,4000,Tandalja,House,Furnished,Ready to Move,Resale,Unknown,,Unknown,3750
1613,Vadodara,390012,2,2,3733,Tandalja,Apartment,Furnished,Ready to Move,Resale,Unknown,4.0,Unknown,750
1614,Vadodara,390012,3,4,13333,Tandalja,House,Furnished,Ready to Move,Resale,South,,Unknown,1500
1615,Vadodara,390012,1,1,2062,Tandalja,Penthouse,Semi-Furnished,Ready to Move,Resale,Unknown,3.0,Unknown,1067
1616,Vadodara,390012,2,3,2500,Tandalja,Apartment,Semi-Furnished,Ready to Move,Resale,Unknown,4.0,Unknown,1600
1617,Vadodara,390012,2,3,2465,Tandalja,Apartment,Semi-Furnished,Ready to Move,Resale,South -West,4.0,Freehold,1420
1618,Vadodara,390012,1,1,2266,Tandalja,Apartment,Semi-Furnished,Ready to Move,Resale,North - West,3.0,Unknown,640
1619,Vadodara,390012,3,3,4948,Tandalja,Apartment,Furnished,Ready to Move,Resale,Unknown,3.0,Freehold,1920
1620,Vadodara,390022,2,2,5556,Vasna Bhayli Main Road,Apartment,Furnished,Ready to Move,Resale,East,4.0,Freehold,900
1621,Vadodara,390022,2,2,5400,Vasna Bhayli Main Road,Apartment,Unfurnished,Ready to Move,Resale,Unknown,5.0,Unknown,500
1622,Vadodara,390022,3,3,8668,Vasna Bhayli Main Road,Apartment,Furnished,Ready to Move,Resale,West,2.0,Freehold,1269
1623,Vadodara,390022,3,3,4505,Vasna Bhayli Main Road,Apartment,Semi-Furnished,Ready to Move,Resale,East,4.0,Unknown,910
1624,Vadodara,390022,2,2,3525,Vasna Bhayli Main Road,Apartment,Semi-Furnished,Ready to Move,Resale,North - East,3.0,Unknown,1305
1625,Vadodara,390022,2,2,3571,Vasna Bhayli Main Road,Apartment,Furnished,Ready to Move,Resale,East,4.0,Freehold,700
1626,Vadodara,390022,2,2,2419,Vasna Bhayli Main Road,Apartment,Semi-Furnished,Ready to Move,Resale,Unknown,3.0,Unknown,1075
1627,Vadodara,390022,3,3,7353,Vasna Bhayli Main Road,Apartment,Furnished,Ready to Move,Resale,Unknown,1.0,Unknown,1700
1628,Vadodara,390022,3,3,5143,Vasna Bhayli Main Road,Apartment,Furnished,Ready to Move,Resale,Unknown,6.0,Unknown,1400
1629,Vadodara,390022,4,4,6071,Vasna Bhayli Main Road,Apartment,Unfurnished,Poss. by May &#x27;28,New Property,Unknown,,Unknown,1527
1630,Vadodara,390022,2,2,5973,Vasna Bhayli Main Road,Apartment,Unfurnished,Ready to Move,New Property,Unknown,,Unknown,904
1631,Vadodara,390022,4,5,12700,Vasna Bhayli Main Road,Villa,Unfurnished,Poss. by Dec &#x27;31,New Property,Unknown,,Unknown,4000
1632,Vadodara,390022,4,4,6780,Vasna Bhayli Main Road,Apartment,Unfurnished,Poss. by Dec &#x27;26,New Property,Unknown,,Unknown,2065
1633,Vadodara,390022,4,4,8708,Vasna Bhayli Main Road,Apartment,Unfurnished,Poss. by Mar &#x27;28,New Property,Unknown,,Unknown,2400
1634,Vadodara,390022,2,3,5424,Vasna Bhayli Main Road,Apartment,Furnished,Ready to Move,Resale,Unknown,5.0,Unknown,931
1635,Vadodara,390022,2,2,3600,Vasna Bhayli Main Road,Apartment,Furnished,Ready to Move,Resale,Unknown,2.0,Unknown,750
1636,Vadodara,390022,3,3,4100,Vasna Bhayli Main Road,Apartment,Semi-Furnished,Ready to Move,Resale,Unknown,3.0,Unknown,1000
1637,Vadodara,390022,4,4,6148,Vasna Bhayli Main Road,Apartment,Unfurnished,Poss. by Aug &#x27;26,New Property,Unknown,,Unknown,1903
1638,Vadodara,390025,3,3,3929,Waghodia Road,Apartment,Semi-Furnished,Ready to Move,Resale,West,5.0,Freehold,1400
1639,Vadodara,390025,2,2,3600,Waghodia Road,Apartment,Semi-Furnished,Ready to Move,Resale,Unknown,9.0,Unknown,750
1640,Vadodara,390025,1,1,3827,Waghodia Road,Builder Floor,Unfurnished,Ready to Move,Resale,North - East,1.0,Freehold,1176
1641,Vadodara,390025,3,3,12486,Waghodia Road,House,Semi-Furnished,Ready to Move,Resale,East,,Co-operative Society,921
1642,Vadodara,390025,1,1,3797,Waghodia Road,Apartment,Unfurnished,Ready to Move,Resale,Unknown,2.0,Unknown,474
1643,Vadodara,390025,3,3,5385,Waghodia Road,Apartment,Furnished,Ready to Move,Resale,North,5.0,Freehold,1300
1644,Vadodara,390025,4,4,13333,Waghodia Road,House,Furnished,Ready to Move,Resale,Unknown,,Freehold,900
1645,Vadodara,390025,1,1,5905,Waghodia Road,House,Unfurnished,Ready to Move,Resale,Unknown,,Unknown,525
1646,Vadodara,390025,3,4,8947,Waghodia Road,Villa,Furnished,Ready to Move,Resale,West,,Freehold,1900
1647,Vadodara,390025,2,2,2160,Waghodia Road,Apartment,Unfurnished,Unknown,Resale,Unknown,1.0,Freehold,1250
1648,Vadodara,390025,2,3,4520,Waghodia Road,Apartment,Semi-Furnished,Ready to Move,Resale,East,1.0,Freehold,885
1649,Vadodara,390025,2,2,5789,Waghodia Road,House,Unfurnished,Ready to Move,Resale,Unknown,2.0,Unknown,950
1650,Vadodara,390025,5,5,5882,Waghodia Road,House,Unfurnished,Ready to Move,Resale,West,,Freehold,1955
1651,Vadodara,390025,2,2,2883,Waghodia Road,Apartment,Furnished,Ready to Move,Resale,Unknown,3.0,Unknown,1110
1652,Vadodara,390025,2,2,2609,Waghodia Road,Apartment,Semi-Furnished,Ready to Move,Resale,Unknown,4.0,Unknown,1150
1653,Vadodara,390025,4,5,2000,Waghodia Road,House,Semi-Furnished,Ready to Move,Resale,Unknown,,Freehold,4000
1654,Vadodara,390025,1,1,2786,Waghodia Road,Apartment,Unfurnished,Ready to Move,Resale,East,5.0,Freehold,700
1655,Vadodara,390025,2,4,4250,Waghodia Road,House,Semi-Furnished,Ready to Move,Resale,Unknown,1.0,Unknown,1200
1656,Vadodara,390025,2,2,4110,Waghodia Road,Apartment,Unfurnished,Ready to Move,Resale,West,3.0,Co-operative Society,730
1657,Vadodara,390025,3,3,6842,Waghodia Road,Villa,Unfurnished,Unknown,Resale,North - East,,Unknown,950
1658,Vadodara,390025,4,4,5629,Waghodia Road,Villa,Semi-Furnished,Ready to Move,Resale,North,,Freehold,2132
1659,Vadodara,390025,3,3,3819,Waghodia Road,House,Furnished,Ready to Move,Resale,Unknown,2.0,Unknown,1440
1660,Vadodara,390025,2,2,2000,Waghodia Road,Apartment,Unfurnished,Ready to Move,Resale,Unknown,4.0,Unknown,1100
1661,Vadodara,390025,4,3,4667,Waghodia Road,House,Semi-Furnished,Ready to Move,Resale,South -West,1.0,Freehold,1500
1662,Vadodara,390025,3,3,4995,Waghodia Road,House,Furnished,Ready to Move,Resale,East,2.0,Freehold,2000
1663,Vadodara,390025,4,4,4235,Waghodia Road,House,Semi-Furnished,Ready to Move,Resale,Unknown,,Unknown,1700
1664,Vadodara,390025,2,2,3297,Waghodia Road,Apartment,Unfurnished,Ready to Move,Resale,West,2.0,Freehold,910
1665,Vadodara,390025,2,2,3706,Waghodia Road,Apartment,Unfurnished,Ready to Move,Resale,East,4.0,Freehold,850
1666,Vadodara,390025,2,2,2991,Waghodia Road,Apartment,Furnished,Ready to Move,Resale,East,8.0,Freehold,1170
1667,Vadodara,390025,3,3,5385,Waghodia Road,Villa,Furnished,Ready to Move,Resale,East,,Freehold,1300
1668,Vadodara,390025,3,3,2571,Waghodia Road,Apartment,Semi-Furnished,Ready to Move,Resale,Unknown,4.0,Freehold,1750
1669,Vadodara,390025,3,3,2234,Waghodia Road,Penthouse,Unfurnished,Ready to Move,New Property,South,4.0,Freehold,1925
1670,Vadodara,390025,2,2,3538,Waghodia Road,Apartment,Unfurnished,Ready to Move,Resale,East,1.0,Freehold,650
1671,Vadodara,390025,3,3,8974,Waghodia Road,House,Semi-Furnished,Ready to Move,Resale,East,,Co-operative Society,780
1672,Vadodara,390025,3,3,4762,Waghodia Road,Villa,Semi-Furnished,Ready to Move,Resale,East,,Freehold,1260
1673,Vadodara,390025,1,1,4709,Waghodia Road,House,Unfurnished,Ready to Move,Resale,North,1.0,Unknown,858
1674,Vadodara,390025,2,3,2500,Waghodia Road,Apartment,Unfurnished,Ready to Move,New Property,Unknown,2.0,Unknown,1200
1675,Vadodara,390025,2,3,6250,Waghodia Road,Villa,Unfurnished,Ready to Move,Resale,Unknown,,Unknown,1600
1676,Vadodara,390025,2,2,2308,Waghodia Road,Penthouse,Semi-Furnished,Ready to Move,Resale,East,5.0,Leasehold,1300
1677,Vadodara,390025,1,1,2429,Waghodia Road,Builder Floor,Unfurnished,Ready to Move,Resale,Unknown,2.0,Unknown,700
1678,Vadodara,390025,7,6,11033,Waghodia Road,Villa,Furnished,Ready to Move,Resale,Unknown,,Unknown,3000
1679,Vadodara,390025,2,1,3385,Waghodia Road,Apartment,Semi-Furnished,Ready to Move,Resale,Unknown,2.0,Unknown,650
1680,Vadodara,390025,2,2,3636,Waghodia Road,Builder Floor,Furnished,Ready to Move,Resale,Unknown,1.0,Unknown,1100
1681,Vadodara,390025,3,3,7042,Waghodia Road,House,Unfurnished,Ready to Move,Resale,Unknown,2.0,Unknown,1420
1682,Vadodara,390025,2,2,5806,Waghodia Road,Apartment,Furnished,Ready to Move,Resale,Unknown,4.0,Unknown,775
1683,Vadodara,390025,3,3,4857,Waghodia Road,Villa,Semi-Furnished,Ready to Move,Resale,North - East,,Freehold,1750
1684,Vadodara,390025,3,3,6986,Waghodia Road,Apartment,Unfurnished,Ready to Move,Resale,Unknown,6.0,Unknown,730
1685,Vadodara,390025,1,1,2071,Waghodia Road,Apartment,Unfurnished,Ready to Move,Resale,East,2.0,Freehold,700
1686,Vadodara,390025,2,3,6250,Waghodia Road,House,Semi-Furnished,Ready to Move,Resale,Unknown,,Unknown,1200
1687,Vadodara,390025,1,1,5641,Waghodia Road,House,Unfurnished,Ready to Move,Resale,Unknown,,Unknown,585
1688,Vadodara,390025,2,3,3240,Waghodia Road,Apartment,Unfurnished,Ready to Move,New Property,Unknown,8.0,Unknown,1250
1689,Vadodara,390025,3,3,6087,Waghodia Road,House,Unfurnished,Ready to Move,Resale,Unknown,,Unknown,1150
1690,Vadodara,390025,2,2,1905,Waghodia Road,Apartment,Unfurnished,Ready to Move,Resale,Unknown,3.0,Unknown,1050
1691,Vadodara,390025,1,1,5301,Waghodia Road,Penthouse,Unfurnished,Ready to Move,Resale,Unknown,5.0,Unknown,415
1692,Vadodara,390025,1,2,2154,Waghodia Road,Builder Floor,Semi-Furnished,Ready to Move,Resale,Unknown,2.0,Unknown,650
1693,Vadodara,390025,2,2,5778,Waghodia Road,Penthouse,Furnished,Ready to Move,Resale,Unknown,7.0,Unknown,1125
1694,Vadodara,390025,2,3,6250,Waghodia Road,House,Furnished,Ready to Move,Resale,East,,Freehold,1200
1695,Vadodara,390025,2,2,5000,Waghodia Road,Apartment,Semi-Furnished,Ready to Move,Resale,East,5.0,Freehold,900
1696,Vadodara,390025,4,4,1905,Waghodia Road,Apartment,Semi-Furnished,Ready to Move,Resale,East,4.0,Freehold,2100
1697,Vadodara,390025,2,2,3471,Waghodia Road,Apartment,Semi-Furnished,Ready to Move,Resale,Unknown,4.0,Unknown,1498
1698,Vadodara,390025,2,2,3071,Waghodia Road,Apartment,Semi-Furnished,Ready to Move,Resale,East,4.0,Freehold,1498
1699,Vadodara,390025,2,3,6522,Waghodia Road,House,Unfurnished,Ready to Move,Resale,Unknown,,Unknown,1150
1700,Vadodara,390025,3,3,5882,Waghodia Road,House,Unfurnished,Ready to Move,Resale,East,,Freehold,1700
1701,Vadodara,390025,2,2,3200,Waghodia Road,Apartment,Unfurnished,Ready to Move,Resale,Unknown,1.0,Unknown,1000
1702,Vadodara,390025,2,2,3548,Waghodia Road,Apartment,Semi-Furnished,Ready to Move,Resale,North,11.0,Co-operative Society,1071
1703,Vadodara,390025,3,2,2619,Waghodia Road,House,Unfurnished,Ready to Move,Resale,Unknown,2.0,Unknown,840
1704,Vadodara,390025,2,2,3500,Waghodia Road,Apartment,Unfurnished,Ready to Move,Resale,East,4.0,Freehold,700
1705,Vadodara,390025,2,2,2694,Waghodia Road,Apartment,Semi-Furnished,Ready to Move,Resale,Unknown,2.0,Freehold,1225
1706,Vadodara,390025,1,2,4587,Waghodia Road,House,Unknown,Ready to Move,Resale,North,,Freehold,1417
1707,Vadodara,390025,1,1,1945,Waghodia Road,Apartment,Unfurnished,Ready to Move,Resale,Unknown,3.0,Unknown,437
1708,Vadodara,390025,2,2,3782,Waghodia Road,Apartment,Unfurnished,Ready to Move,Resale,Unknown,1.0,Unknown,1190
1709,Vadodara,390025,2,3,9000,Waghodia Road,House,Semi-Furnished,Ready to Move,Resale,Unknown,,Co-operative Society,500
1710,Vadodara,390025,1,2,2267,Waghodia Road,Apartment,Semi-Furnished,Ready to Move,Resale,Unknown,2.0,Unknown,750
1711,Vadodara,390025,4,4,3600,Waghodia Road,Penthouse,Semi-Furnished,Ready to Move,Resale,Unknown,4.0,Unknown,1000
1712,Vadodara,390025,3,3,4743,Waghodia Road,House,Semi-Furnished,Unknown,New Property,East,3.0,Co-operative Society,1265
1713,Vadodara,390025,3,3,6021,Waghodia Road,House,Semi-Furnished,Ready to Move,Resale,Unknown,1.0,Unknown,681
1714,Vadodara,390025,2,2,5774,Waghodia Road,House,Semi-Furnished,Ready to Move,Resale,Unknown,2.0,Unknown,866
1715,Vadodara,390025,3,3,5293,Waghodia Road,House,Unfurnished,Ready to Move,Resale,East,,Freehold,1417
1716,Vadodara,390025,3,4,4474,Waghodia Road,House,Semi-Furnished,Ready to Move,Resale,Unknown,,Unknown,1900
1717,Vadodara,390025,3,3,6938,Waghodia Road,House,Unfurnished,Ready to Move,Resale,East,2.0,Freehold,800
1718,Vadodara,390025,2,3,2000,Waghodia Road,House,Semi-Furnished,Unknown,Resale,South -West,2.0,Co-operative Society,1200
1719,Vadodara,390025,3,3,4756,Waghodia Road,Apartment,Unfurnished,Unknown,New Property,Unknown,,Unknown,1190
1720,Vadodara,390025,2,2,3219,Waghodia Road,Apartment,Semi-Furnished,Unknown,Resale,Unknown,5.0,Unknown,1050
1721,Vadodara,390025,2,2,2762,Waghodia Road,Apartment,Semi-Furnished,Ready to Move,Resale,Unknown,3.0,Unknown,1050
1722,Vadodara,390025,2,2,5083,Waghodia Road,Apartment,Unfurnished,Ready to Move,Resale,South,2.0,Freehold,600
1723,Vadodara,390025,2,3,4639,Waghodia Road,Apartment,Unfurnished,Ready to Move,Resale,East,6.0,Freehold,970
1724,Vadodara,390020,3,3,4031,Akota,Apartment,Unfurnished,Ready to Move,Resale,East,1.0,Freehold,1935
1725,Vadodara,390020,3,3,5000,Akota,Apartment,Furnished,Ready to Move,Resale,East,3.0,Freehold,1300
1726,Vadodara,390020,3,3,4593,Akota,Apartment,Semi-Furnished,Ready to Move,Resale,East,3.0,Co-operative Society,1350
1727,Vadodara,390020,5,5,10000,Akota,Villa,Furnished,Ready to Move,Resale,East,,Freehold,6000
1728,Vadodara,390020,2,2,8125,Akota,Apartment,Semi-Furnished,Ready to Move,Resale,South - East,2.0,Unknown,400
1729,Vadodara,390020,4,4,12273,Akota,House,Furnished,Ready to Move,Resale,North - East,,Freehold,1100
1730,Vadodara,390020,2,3,4125,Akota,Builder Floor,Semi-Furnished,Ready to Move,Resale,Unknown,3.0,Leasehold,1600
1731,Vadodara,390020,2,2,3070,Akota,Apartment,Semi-Furnished,Ready to Move,Resale,Unknown,3.0,Unknown,1140
1732,Vadodara,390020,4,4,5952,Akota,Apartment,Furnished,Ready to Move,Resale,Unknown,3.0,Unknown,2100
1733,Vadodara,390020,3,3,3636,Akota,Builder Floor,Semi-Furnished,Ready to Move,Resale,Unknown,3.0,Unknown,1650
1734,Vadodara,390020,2,2,3714,Akota,Apartment,Unfurnished,Ready to Move,Resale,North - East,7.0,Freehold,1050
1735,Vadodara,390020,2,3,7826,Akota,House,Unfurnished,Ready to Move,Resale,Unknown,,Unknown,1150
1736,Vadodara,390020,3,3,5500,Akota,Apartment,Unfurnished,Ready to Move,Resale,West,4.0,Freehold,900
1737,Vadodara,390020,4,5,7828,Akota,House,Furnished,Ready to Move,Resale,Unknown,,Unknown,2938
1738,Vadodara,390020,3,3,6684,Akota,House,Semi-Furnished,Ready to Move,Resale,Unknown,1.0,Unknown,1870
1739,Vadodara,390020,2,2,4583,Akota,Builder Floor,Unfurnished,Ready to Move,Resale,Unknown,5.0,Unknown,1200
1740,Vadodara,390020,3,3,3143,Akota,Apartment,Unfurnished,Ready to Move,Resale,Unknown,4.0,Unknown,1750
1741,Vadodara,390020,2,2,3500,Akota,Apartment,Furnished,Ready to Move,Resale,Unknown,3.0,Unknown,1200
1742,Vadodara,390020,2,2,5000,Akota,Builder Floor,Semi-Furnished,Ready to Move,Resale,Unknown,2.0,Unknown,900
1743,Vadodara,390020,3,3,5534,Akota,Apartment,Unfurnished,Ready to Move,Resale,Unknown,3.0,Unknown,2801
1744,Vadodara,390020,2,2,4615,Akota,Apartment,Semi-Furnished,Ready to Move,Resale,Unknown,2.0,Unknown,1300
1745,Vadodara,390020,2,3,7027,Akota,Apartment,Semi-Furnished,Ready to Move,Resale,Unknown,2.0,Unknown,925
1746,Vadodara,390020,1,1,3200,Akota,Apartment,Unfurnished,Unknown,Resale,East,2.0,Freehold,750
1747,Vadodara,390020,1,2,4167,Akota,Apartment,Unfurnished,Ready to Move,Resale,Unknown,2.0,Unknown,600
1748,Vadodara,390020,2,3,4910,Akota,Apartment,Furnished,Ready to Move,Resale,Unknown,3.0,Freehold,1000
1749,Vadodara,390020,2,2,4459,Akota,Apartment,Semi-Furnished,Ready to Move,Resale,North,3.0,Freehold,740
1750,Vadodara,390020,4,4,10000,Akota,House,Furnished,Ready to Move,Resale,Unknown,,Unknown,1600
1751,Vadodara,390020,2,4,7261,Akota,House,Furnished,Ready to Move,Resale,West,,Freehold,1150
1752,Vadodara,390020,2,2,4167,Akota,Apartment,Semi-Furnished,Ready to Move,Resale,Unknown,7.0,Freehold,480
1753,Vadodara,390020,4,4,7500,Akota,Apartment,Unfurnished,Ready to Move,New Property,East,2.0,Freehold,2200
1754,Vadodara,390020,4,4,7182,Akota,Apartment,Unfurnished,Ready to Move,New Property,North,2.0,Freehold,1810
1755,Vadodara,390020,2,2,1579,Akota,Builder Floor,Semi-Furnished,Ready to Move,Resale,Unknown,2.0,Unknown,950
1756,Vadodara,390020,4,5,5435,Akota,House,Semi-Furnished,Ready to Move,Resale,Unknown,,Unknown,2300
1757,Vadodara,390020,3,3,4133,Akota,House,Furnished,Unknown,Resale,East,2.0,Freehold,1500
1758,Vadodara,390020,3,3,5938,Akota,Apartment,Furnished,Ready to Move,Resale,West,3.0,Freehold,1600
1759,Vadodara,390020,3,3,7778,Akota,Apartment,Semi-Furnished,Ready to Move,Resale,North - East,1.0,Freehold,1350
1760,Vadodara,390020,3,3,5399,Akota,Apartment,Unfurnished,Poss. by Nov &#x27;26,New Property,North,3.0,Freehold,1530
1761,Vadodara,390020,5,5,15500,Akota,House,Unfurnished,Ready to Move,Resale,East,,Freehold,2000
1762,Vadodara,390002,2,2,5647,Fatehgunj,Apartment,Furnished,Ready to Move,Resale,Unknown,3.0,Unknown,850
1763,Vadodara,390002,2,3,7692,Fatehgunj,Apartment,Semi-Furnished,Ready to Move,Resale,Unknown,1.0,Unknown,1300
1764,Vadodara,390002,1,1,3385,Fatehgunj,Apartment,Semi-Furnished,Ready to Move,Resale,Unknown,3.0,Unknown,650
1765,Vadodara,390002,2,2,3750,Fatehgunj,Builder Floor,Semi-Furnished,Ready to Move,Resale,Unknown,2.0,Unknown,800
1766,Vadodara,390002,4,6,9470,Fatehgunj,House,Semi-Furnished,Ready to Move,Resale,Unknown,2.0,Unknown,2112
1767,Vadodara,390002,1,2,3500,Fatehgunj,Builder Floor,Furnished,Unknown,Resale,Unknown,1.0,Unknown,1000
1768,Vadodara,390002,1,2,3140,Fatehgunj,Apartment,Unfurnished,Ready to Move,Resale,South,6.0,Freehold,860
1769,Vadodara,390002,2,3,5000,Fatehgunj,House,Semi-Furnished,Ready to Move,Resale,Unknown,3.0,Unknown,800
1770,Vadodara,390002,4,7,4378,Fatehgunj,House,Semi-Furnished,Ready to Move,Resale,North - East,,Unknown,2010
1771,Vadodara,390002,1,1,3333,Fatehgunj,Apartment,Furnished,Ready to Move,Resale,North,9.0,Freehold,600
1772,Vadodara,390002,2,2,2917,Fatehgunj,Apartment,Furnished,Unknown,Resale,Unknown,6.0,Co-operative Society,1200
1773,Vadodara,390018,4,4,8537,Karelibaug,Flat,Unfurnished,Ready to Move,New Property,Unknown,,Unknown,2085
1774,Vadodara,390018,4,4,9954,Karelibaug,Flat,Unfurnished,Ready to Move,New Property,Unknown,,Unknown,1758
1775,Vadodara,390018,3,3,8562,Karelibaug,Flat,Unfurnished,Ready to Move,New Property,Unknown,,Unknown,1752
1776,Vadodara,390018,3,3,8524,Karelibaug,Flat,Unfurnished,Ready to Move,New Property,Unknown,,Unknown,1748
1777,Vadodara,390018,3,3,8544,Karelibaug,Flat,Unfurnished,Ready to Move,New Property,Unknown,,Unknown,1147
1778,Vadodara,390018,2,2,8515,Karelibaug,Flat,Unfurnished,Ready to Move,New Property,Unknown,,Unknown,963
1779,Vadodara,390018,4,4,9615,Karelibaug,Flat,Unfurnished,Ready to Move,Resale,East,5.0,Freehold,1560
1780,Vadodara,390002,2,3,4762,Nizampura,Flat,Semi-Furnished,Ready to Move,Resale,South -West,6.0,Freehold,1050
1781,Vadodara,390002,3,3,7407,Nizampura,Flat,Furnished,Ready to Move,Resale,South - East,1.0,Freehold,1350
1782,Vadodara,390018,2,2,10384,Karelibaug,Flat,Furnished,Ready to Move,Resale,East,14.0,Unknown,963
1783,Vadodara,390002,1,2,4054,Nizampura,Flat,Furnished,Ready to Move,Resale,Unknown,3.0,Unknown,740
1784,Vadodara,390002,5,5,9859,Nizampura,House,Semi-Furnished,Ready to Move,New Property,West,3.0,Freehold,1420
1785,Vadodara,390024,3,3,3041,Sama,Flat,Unfurnished,Unknown,Resale,Unknown,2.0,Freehold,1776
1786,Vadodara,390022,2,2,5000,Vemali,Flat,Furnished,Ready to Move,Resale,East,2.0,Freehold,700
1787,Vadodara,390022,3,3,5727,Sama Savli Road,Flat,Semi-Furnished,Ready to Move,Resale,South -West,6.0,Freehold,1100
1788,Vadodara,390007,4,4,9697,Alkapuri,Flat,Furnished,Ready to Move,Resale,East,3.0,Freehold,1650
1789,Vadodara,390018,1,2,5455,Karelibaug,Flat,Furnished,Ready to Move,Resale,Unknown,7.0,Freehold,550
1790,Vadodara,391740,3,3,5833,Chhani,Flat,Unfurnished,Ready to Move,Resale,West,4.0,Freehold,1200
1791,Vadodara,390022,1,1,3083,Mandvi,Flat,Semi-Furnished,Ready to Move,Resale,Unknown,1.0,Unknown,600
1792,Vadodara,390022,1,1,5882,Vemali,Flat,Semi-Furnished,Ready to Move,Resale,Unknown,2.0,Unknown,510
1793,Vadodara,390022,3,3,6500,Harni Road,Flat,Semi-Furnished,Ready to Move,Resale,East,6.0,Freehold,1000
1794,Vadodara,390022,2,2,2919,Pashabhai Park,Flat,Semi-Furnished,Ready to Move,Resale,Unknown,2.0,Freehold,925
1795,Vadodara,390011,3,3,6415,Manjalpur,Apartment,Unfurnished,Poss. by Oct &#x27;26,New Property,Unknown,,Unknown,1138
1796,Vadodara,390011,2,2,6515,Manjalpur,Apartment,Unfurnished,Ready to Move,New Property,East,5.0,Freehold,683
1797,Vadodara,390011,3,3,6111,Manjalpur,House,Unfurnished,Ready to Move,Resale,North - East,,Freehold,1800
1798,Vadodara,390011,3,4,8092,Manjalpur,House,Semi-Furnished,Ready to Move,Resale,East,,Freehold,1792
1799,Vadodara,390011,2,2,5769,Manjalpur,Apartment,Semi-Furnished,Ready to Move,Resale,East,4.0,Freehold,780
1800,Vadodara,390011,2,2,7385,Manjalpur,Apartment,Furnished,Ready to Move,Resale,North - East,2.0,Freehold,650
1801,Vadodara,390011,2,2,5378,Manjalpur,Apartment,Furnished,Ready to Move,Resale,Unknown,9.0,Freehold,874
1802,Vadodara,390011,1,2,4667,Manjalpur,Apartment,Unfurnished,Ready to Move,Resale,Unknown,1.0,Freehold,900
1803,Vadodara,390011,3,4,12162,Manjalpur,House,Furnished,Ready to Move,Resale,East,2.0,Freehold,1850
1804,Vadodara,390011,1,1,6531,Manjalpur,House,Unfurnished,Ready to Move,Resale,Unknown,,Unknown,1225
1805,Vadodara,390011,2,5,10625,Manjalpur,House,Semi-Furnished,Ready to Move,Resale,Unknown,,Unknown,800
1806,Vadodara,390011,2,2,2941,Manjalpur,Apartment,Semi-Furnished,Ready to Move,New Property,Unknown,1.0,Unknown,1190
1807,Vadodara,390011,3,3,3659,Manjalpur,Apartment,Unfurnished,Ready to Move,Resale,Unknown,10.0,Unknown,1476
1808,Vadodara,390011,2,2,2975,Manjalpur,Apartment,Unfurnished,Ready to Move,Resale,Unknown,4.0,Unknown,1210
1809,Vadodara,390011,2,3,12222,Manjalpur,House,Furnished,Ready to Move,Resale,North,,Freehold,360
1810,Vadodara,390011,3,3,9506,Manjalpur,House,Semi-Furnished,Ready to Move,Resale,East,,Freehold,1315
1811,Vadodara,390011,2,2,3765,Manjalpur,Apartment,Furnished,Ready to Move,Resale,East,2.0,Unknown,850
1812,Vadodara,390011,2,3,2500,Manjalpur,Apartment,Semi-Furnished,Ready to Move,Resale,North,2.0,Freehold,2000
1813,Vadodara,390011,3,3,8000,Manjalpur,Apartment,Furnished,Ready to Move,Resale,East,7.0,Freehold,1200
1814,Vadodara,390011,2,3,2857,Manjalpur,Apartment,Semi-Furnished,Ready to Move,Resale,Unknown,2.0,Unknown,1400
1815,Vadodara,390011,2,2,6129,Manjalpur,House,Unfurnished,Ready to Move,Resale,Unknown,2.0,Unknown,1550
1816,Vadodara,390011,1,2,5000,Manjalpur,Builder Floor,Unfurnished,Ready to Move,Resale,Unknown,2.0,Unknown,1000
1817,Vadodara,390011,3,3,6715,Manjalpur,Apartment,Semi-Furnished,Ready to Move,Resale,North,8.0,Freehold,968
1818,Vadodara,390011,1,1,4250,Manjalpur,Apartment,Semi-Furnished,Ready to Move,Resale,Unknown,8.0,Unknown,400
1819,Vadodara,390011,1,2,2909,Manjalpur,Apartment,Semi-Furnished,Ready to Move,Resale,North,2.0,Freehold,550
1820,Vadodara,390011,2,2,7857,Manjalpur,Apartment,Furnished,Ready to Move,Resale,Unknown,1.0,Unknown,700
1821,Vadodara,390011,2,3,10526,Manjalpur,House,Semi-Furnished,Ready to Move,Resale,Unknown,,Freehold,2850
1822,Vadodara,390011,3,5,12500,Manjalpur,House,Furnished,Ready to Move,Resale,Unknown,,Unknown,1800
1823,Vadodara,390011,2,3,2564,Manjalpur,Builder Floor,Semi-Furnished,Ready to Move,Resale,Unknown,1.0,Unknown,1755
1824,Vadodara,390011,3,3,5556,Manjalpur,Penthouse,Semi-Furnished,Ready to Move,Resale,East,4.0,Freehold,1800
1825,Vadodara,390011,2,3,4381,Manjalpur,Apartment,Furnished,Ready to Move,Resale,North - East,1.0,Freehold,1050
1826,Vadodara,390011,1,1,3246,Manjalpur,Apartment,Unfurnished,Ready to Move,Resale,North,2.0,Freehold,570
1827,Vadodara,390011,1,1,1846,Manjalpur,Builder Floor,Unfurnished,Ready to Move,Resale,North - West,2.0,Co-operative Society,650
1828,Vadodara,390011,2,2,4091,Manjalpur,House,Semi-Furnished,Ready to Move,Resale,East,2.0,Unknown,1100
1829,Vadodara,390011,2,2,5400,Manjalpur,Apartment,Semi-Furnished,Ready to Move,Resale,Unknown,2.0,Unknown,750
1830,Vadodara,390011,3,4,7799,Manjalpur,House,Semi-Furnished,Ready to Move,Resale,Unknown,2.0,Unknown,1154
1831,Vadodara,390011,3,3,10462,Manjalpur,House,Furnished,Ready to Move,Resale,North,,Freehold,455
1832,Vadodara,390011,3,4,5667,Manjalpur,House,Semi-Furnished,Ready to Move,Resale,South,,Freehold,1500
1833,Vadodara,390011,2,4,3409,Manjalpur,House,Unfurnished,Ready to Move,Resale,North,,Freehold,2200
1834,Vadodara,390011,3,3,3500,Manjalpur,Apartment,Semi-Furnished,Ready to Move,Resale,Unknown,8.0,Freehold,2000
1835,Vadodara,390011,2,2,3173,Manjalpur,Apartment,Semi-Furnished,Ready to Move,Resale,East,4.0,Co-operative Society,1040
1836,Vadodara,390011,3,3,5714,Manjalpur,House,Semi-Furnished,Ready to Move,Resale,North - West,,Freehold,1365
1837,Vadodara,390011,2,4,5000,Manjalpur,House,Furnished,Ready to Move,Resale,East,2.0,Freehold,2000
1838,Vadodara,390011,4,3,3824,Manjalpur,House,Semi-Furnished,Unknown,Resale,Unknown,,Unknown,1700
1839,Vadodara,390011,2,2,3222,Manjalpur,Apartment,Semi-Furnished,Ready to Move,Resale,Unknown,5.0,Unknown,900
1840,Vadodara,390011,3,2,3333,Manjalpur,House,Semi-Furnished,Ready to Move,Resale,North,,Freehold,750
1841,Vadodara,390011,1,1,4170,Manjalpur,House,Unfurnished,Ready to Move,Resale,Unknown,1.0,Unknown,1235
1842,Vadodara,390011,2,2,2566,Manjalpur,Apartment,Semi-Furnished,Ready to Move,Resale,Unknown,2.0,Freehold,1325
1843,Vadodara,390011,1,1,10000,Manjalpur,House,Unfurnished,Unknown,Resale,East,1.0,Freehold,450
1844,Vadodara,390011,2,2,6133,Manjalpur,Apartment,Unfurnished,Ready to Move,Resale,West,8.0,Freehold,750
1845,Vadodara,390011,2,2,3491,Manjalpur,Apartment,Semi-Furnished,Ready to Move,Resale,East,5.0,Co-operative Society,1060
1846,Vadodara,390011,1,2,2308,Manjalpur,Apartment,Semi-Furnished,Ready to Move,Resale,North,3.0,Freehold,650
1847,Vadodara,390011,3,3,3582,Manjalpur,Apartment,Semi-Furnished,Ready to Move,Resale,Unknown,6.0,Freehold,1675
1848,Vadodara,390011,1,1,9375,Manjalpur,House,Unfurnished,Ready to Move,Resale,Unknown,1.0,Unknown,800
1849,Vadodara,390011,2,2,2889,Manjalpur,Builder Floor,Unfurnished,Ready to Move,Resale,Unknown,3.0,Unknown,900
1850,Vadodara,390011,1,1,2800,Manjalpur,Apartment,Unfurnished,Unknown,Resale,Unknown,3.0,Freehold,500
1851,Vadodara,390011,4,4,4507,Manjalpur,Apartment,Unfurnished,Poss. by Aug &#x27;26,New Property,Unknown,,Unknown,2840
1852,Vadodara,390011,3,3,6155,Manjalpur,Apartment,Unfurnished,Poss. by Mar &#x27;28,New Property,Unknown,,Unknown,1056
1853,Vadodara,390011,3,3,6676,Manjalpur,Apartment,Unfurnished,Poss. by Dec &#x27;26,New Property,Unknown,,Unknown,1423
1854,Vadodara,390011,3,3,4762,Manjalpur,Apartment,Unfurnished,Poss. by Dec &#x27;26,New Property,Unknown,,Unknown,1260
1855,Vadodara,390011,5,5,7704,Manjalpur,Villa,Unfurnished,Ready to Move,New Property,Unknown,,Unknown,2025
1856,Vadodara,390011,3,3,6854,Manjalpur,Apartment,Unfurnished,Poss. by Oct &#x27;26,New Property,Unknown,,Unknown,1138
1857,Vadodara,390011,3,3,9821,Manjalpur,House,Furnished,Ready to Move,Resale,West,,Freehold,2800
1858,Vadodara,390011,3,4,10385,Manjalpur,Apartment,Furnished,Ready to Move,Resale,North - West,10.0,Freehold,1300
1859,Vadodara,390011,5,6,9574,Manjalpur,House,Furnished,Ready to Move,Resale,North,,Freehold,2350
1860,Vadodara,390011,1,1,3273,Manjalpur,Apartment,Semi-Furnished,Ready to Move,Resale,Unknown,2.0,Unknown,550
1861,Vadodara,390011,4,3,4225,Manjalpur,Apartment,Unfurnished,Poss. by Sep &#x27;26,New Property,Unknown,,Unknown,2485
1862,Vadodara,390011,3,3,6943,Manjalpur,Apartment,Unfurnished,Poss. by Dec &#x27;26,New Property,Unknown,,Unknown,1423
1863,Vadodara,390011,5,5,7951,Manjalpur,Villa,Unfurnished,Ready to Move,New Property,Unknown,,Unknown,2025
1864,Vadodara,390011,3,3,6678,Manjalpur,Apartment,Unfurnished,Poss. by Oct &#x27;26,New Property,Unknown,,Unknown,1138
1865,Vadodara,390011,3,3,7000,Manjalpur,Apartment,Semi-Furnished,Ready to Move,Resale,West,8.0,Freehold,1000
1866,Vadodara,390011,3,3,6908,Manjalpur,Apartment,Unfurnished,Poss. by Dec &#x27;26,New Property,Unknown,,Unknown,1423
1867,Vadodara,390011,3,3,6924,Manjalpur,Apartment,Unfurnished,Poss. by Oct &#x27;26,New Property,Unknown,,Unknown,1138
1868,Vadodara,390011,3,3,6192,Manjalpur,Apartment,Unfurnished,Ready to Move,New Property,East,5.0,Freehold,856
1869,Vadodara,390011,3,3,6880,Manjalpur,Apartment,Unfurnished,Poss. by Dec &#x27;26,New Property,Unknown,,Unknown,1423
1870,Vadodara,390011,5,5,7852,Manjalpur,Villa,Unfurnished,Ready to Move,New Property,Unknown,,Unknown,2025
1871,Vadodara,390011,3,3,6749,Manjalpur,Apartment,Unfurnished,Poss. by Oct &#x27;26,New Property,Unknown,,Unknown,1138
1872,Vadodara,390011,3,3,7083,Manjalpur,House,Semi-Furnished,Ready to Move,Resale,East,,Freehold,1200
1873,Vadodara,390011,3,3,6810,Manjalpur,Apartment,Unfurnished,Poss. by Dec &#x27;26,New Property,Unknown,,Unknown,1423
1874,Vadodara,390011,5,5,7802,Manjalpur,Villa,Unfurnished,Ready to Move,New Property,Unknown,,Unknown,2025
1875,Vadodara,390011,3,3,6476,Manjalpur,Apartment,Unfurnished,Poss. by Oct &#x27;26,New Property,Unknown,,Unknown,1138
1876,Vadodara,390011,5,5,6075,Manjalpur,House,Semi-Furnished,Ready to Move,Resale,East,,Freehold,5350
1877,Vadodara,390018,2,2,6933,Karelibaug,Apartment,Semi-Furnished,Ready to Move,Resale,West,2.0,Freehold,750
1878,Vadodara,390018,1,2,4000,Karelibaug,Apartment,Unfurnished,Ready to Move,Resale,East,3.0,Freehold,650
1879,Vadodara,390018,3,3,3943,Karelibaug,Apartment,Furnished,Ready to Move,Resale,Unknown,2.0,Unknown,1750
1880,Vadodara,390018,2,2,3087,Karelibaug,Apartment,Semi-Furnished,Ready to Move,Resale,Unknown,5.0,Unknown,1150
1881,Vadodara,390018,2,2,2536,Karelibaug,Penthouse,Furnished,Ready to Move,Resale,Unknown,5.0,Unknown,1400
1882,Vadodara,390018,3,3,8219,Karelibaug,Apartment,Furnished,Ready to Move,Resale,East,3.0,Freehold,1095
1883,Vadodara,390018,3,3,3374,Karelibaug,Apartment,Semi-Furnished,Ready to Move,Resale,West,3.0,Co-operative Society,1630
1884,Vadodara,390018,3,3,10000,Karelibaug,Villa,Semi-Furnished,Ready to Move,Resale,North - West,,Freehold,1500
1885,Vadodara,390018,3,3,4097,Karelibaug,Apartment,Furnished,Ready to Move,Resale,East,2.0,Freehold,1367
1886,Vadodara,390018,1,1,3636,Karelibaug,Builder Floor,Furnished,Ready to Move,New Property,East,1.0,Freehold,550
1887,Vadodara,390018,2,2,4236,Karelibaug,Apartment,Furnished,Ready to Move,Resale,North,1.0,Co-operative Society,720
1888,Vadodara,390018,3,3,7917,Karelibaug,House,Furnished,Ready to Move,Resale,Unknown,,Unknown,1200
1889,Vadodara,390018,2,2,2750,Karelibaug,Apartment,Unfurnished,Unknown,Resale,Unknown,7.0,Unknown,1000
1890,Vadodara,390018,2,2,3125,Karelibaug,Apartment,Semi-Furnished,Ready to Move,Resale,Unknown,5.0,Unknown,1600
1891,Vadodara,390018,2,2,6000,Karelibaug,Apartment,Semi-Furnished,Ready to Move,Resale,Unknown,2.0,Unknown,600
1892,Vadodara,390018,2,2,3600,Karelibaug,Builder Floor,Semi-Furnished,Ready to Move,Resale,Unknown,2.0,Unknown,750
1893,Vadodara,390018,2,2,5500,Karelibaug,Apartment,Unfurnished,Ready to Move,Resale,Unknown,4.0,Unknown,1000
1894,Vadodara,390018,4,4,8333,Karelibaug,Apartment,Unfurnished,Ready to Move,Resale,North - East,10.0,Freehold,1800
1895,Vadodara,390018,2,2,5294,Karelibaug,Builder Floor,Unfurnished,Ready to Move,Resale,Unknown,4.0,Unknown,850
1896,Vadodara,390018,1,1,4898,Karelibaug,Apartment,Unfurnished,Ready to Move,Resale,Unknown,3.0,Unknown,490
1897,Vadodara,390018,2,3,4583,Karelibaug,Apartment,Unfurnished,Ready to Move,Resale,Unknown,1.0,Unknown,1200
1898,Vadodara,390018,3,3,5294,Karelibaug,Penthouse,Unfurnished,Ready to Move,Resale,Unknown,4.0,Unknown,1700
1899,Vadodara,390018,1,2,5714,Karelibaug,Builder Floor,Furnished,Ready to Move,Resale,Unknown,2.0,Unknown,700
1900,Vadodara,390018,3,4,6725,Karelibaug,House,Unfurnished,Ready to Move,Resale,Unknown,,Co-operative Society,1933
1901,Vadodara,390018,2,2,2000,Karelibaug,Apartment,Semi-Furnished,Ready to Move,Resale,East,5.0,Freehold,1150
1902,Vadodara,390018,4,4,10322,Karelibaug,House,Unfurnished,Ready to Move,Resale,East,,Freehold,1211
1903,Vadodara,390018,2,2,3072,Karelibaug,Apartment,Furnished,Ready to Move,Resale,North - East,9.0,Freehold,830
1904,Vadodara,390018,2,3,2038,Karelibaug,Apartment,Furnished,Ready to Move,Resale,Unknown,4.0,Unknown,1570
1905,Vadodara,390018,4,4,5357,Karelibaug,House,Furnished,Ready to Move,Resale,Unknown,1.0,Unknown,2800
1906,Vadodara,390018,2,2,2756,Karelibaug,Apartment,Unfurnished,Ready to Move,Resale,North - East,4.0,Freehold,1270
1907,Vadodara,390018,2,3,7895,Karelibaug,House,Unfurnished,Ready to Move,Resale,West,1.0,Freehold,760
1908,Vadodara,390018,4,4,9954,Karelibaug,Apartment,Unfurnished,Ready to Move,New Property,Unknown,,Unknown,1758
1909,Vadodara,390018,4,4,7400,Karelibaug,House,Semi-Furnished,Ready to Move,Resale,North,,Freehold,2500
1910,Vadodara,390018,3,3,8562,Karelibaug,Apartment,Unfurnished,Ready to Move,New Property,Unknown,,Unknown,1752
1911,Vadodara,390018,3,3,8524,Karelibaug,Apartment,Unfurnished,Ready to Move,New Property,Unknown,,Unknown,1748
1912,Vadodara,390018,3,3,8544,Karelibaug,Apartment,Unfurnished,Ready to Move,New Property,Unknown,,Unknown,1147
1913,Vadodara,390018,2,2,8515,Karelibaug,Apartment,Unfurnished,Ready to Move,New Property,Unknown,,Unknown,963
1914,Vadodara,390002,3,3,6768,Nizampura,Apartment,Furnished,Ready to Move,Resale,North - East,3.0,Freehold,1256
1915,Vadodara,390002,3,3,8462,Nizampura,Apartment,Furnished,Ready to Move,Resale,East,4.0,Unknown,1300
1916,Vadodara,390002,2,2,5114,Nizampura,Apartment,Semi-Furnished,Ready to Move,Resale,North - East,3.0,Unknown,880
1917,Vadodara,390002,2,2,3951,Nizampura,Apartment,Furnished,Ready to Move,Resale,Unknown,5.0,Freehold,1215
1918,Vadodara,390002,2,4,13000,Nizampura,Villa,Furnished,Ready to Move,Resale,North,,Freehold,2000
1919,Vadodara,390002,1,1,1765,Nizampura,Builder Floor,Semi-Furnished,Ready to Move,Resale,Unknown,2.0,Unknown,850
1920,Vadodara,390002,3,4,9545,Nizampura,House,Furnished,Ready to Move,Resale,Unknown,,Unknown,2200
1921,Vadodara,390002,2,2,4861,Nizampura,Apartment,Furnished,Ready to Move,Resale,Unknown,5.0,Unknown,1008
1922,Vadodara,390002,1,2,4054,Nizampura,Apartment,Furnished,Ready to Move,Resale,Unknown,3.0,Unknown,740
1923,Vadodara,390002,1,1,3264,Nizampura,Apartment,Unfurnished,Ready to Move,Resale,Unknown,1.0,Freehold,720
1924,Vadodara,390002,3,3,8173,Nizampura,Apartment,Furnished,Ready to Move,Resale,Unknown,3.0,Freehold,1040
1925,Vadodara,390002,4,4,13369,Nizampura,House,Furnished,Ready to Move,Resale,East,,Freehold,3553
1926,Vadodara,390002,2,2,3294,Nizampura,Apartment,Furnished,Ready to Move,Resale,Unknown,3.0,Unknown,850
1927,Vadodara,390002,2,2,4583,Fatehgunj,Flat,Semi-Furnished,Ready to Move,Resale,Unknown,4.0,Freehold,1200
1928,Vadodara,390022,2,3,11579,Nizampura Main Road,House,Unfurnished,Ready to Move,Resale,East,1.0,Co-operative Society,950
1929,Vadodara,390002,1,2,3140,Fatehgunj,Flat,Unfurnished,Ready to Move,Resale,South,6.0,Freehold,860
1930,Vadodara,390022,2,2,4667,Vemali,Flat,Furnished,Ready to Move,Resale,East,2.0,Freehold,750
1931,Vadodara,390021,2,2,3315,Gotri,Flat,Unfurnished,Ready to Move,Resale,Unknown,5.0,Unknown,905
1932,Vadodara,390002,2,2,6429,Diwalipura,Flat,Furnished,Ready to Move,Resale,East,2.0,Freehold,700
1933,Vadodara,390022,3,3,6182,Harni,Flat,Semi-Furnished,Ready to Move,Resale,East,5.0,Freehold,1100
1934,Vadodara,390018,1,1,2182,Karelibaug,Flat,Unfurnished,Ready to Move,Resale,East,5.0,Unknown,550
1935,Vadodara,391740,3,3,5934,Chhani,Flat,Semi-Furnished,Ready to Move,Resale,Unknown,6.0,Unknown,910
1936,Vadodara,391740,2,2,4118,Chhani,Flat,Furnished,Ready to Move,Resale,West,3.0,Freehold,850
1937,Vadodara,390022,3,3,6364,Harni,Apartment,Unfurnished,Ready to Move,New Property,East,5.0,Freehold,1100
1938,Vadodara,390022,3,3,4916,Harni,Apartment,Furnished,Ready to Move,Resale,East,2.0,Freehold,1780
1939,Vadodara,390022,2,2,4494,Harni,Apartment,Furnished,Ready to Move,Resale,North - East,2.0,Unknown,890
1940,Vadodara,390022,3,3,8370,Harni,Apartment,Semi-Furnished,Ready to Move,New Property,West,5.0,Freehold,1135
1941,Vadodara,390022,3,3,7351,Harni,Apartment,Semi-Furnished,Ready to Move,Resale,West,2.0,Freehold,925
1942,Vadodara,390022,2,2,5750,Harni,Apartment,Furnished,Ready to Move,Resale,Unknown,4.0,Unknown,800
1943,Vadodara,390022,2,2,4286,Harni,Apartment,Semi-Furnished,Ready to Move,New Property,Unknown,5.0,Unknown,700
1944,Vadodara,390022,2,2,7742,Harni,Apartment,Furnished,Ready to Move,Resale,Unknown,2.0,Freehold,620
1945,Vadodara,390022,4,4,6556,Harni,Apartment,Unfurnished,Poss. by Jan &#x27;27,New Property,East,4.0,Freehold,1800
1946,Vadodara,390022,2,2,6154,Harni,Apartment,Unfurnished,Ready to Move,Resale,East,5.0,Freehold,650
1947,Vadodara,390022,3,3,7286,Harni,Apartment,Semi-Furnished,Ready to Move,Resale,West,4.0,Freehold,1400
1948,Vadodara,390022,3,4,7943,Harni,House,Furnished,Ready to Move,Resale,Unknown,2.0,Unknown,1322
1949,Vadodara,390022,3,4,11719,Harni,Villa,Semi-Furnished,Ready to Move,Resale,West,,Freehold,1024
1950,Vadodara,390022,3,3,6620,Harni,Apartment,Unfurnished,Ready to Move,Resale,East,5.0,Freehold,1435
1951,Vadodara,390022,3,4,6818,Harni,House,Semi-Furnished,Ready to Move,Resale,Unknown,1.0,Unknown,2200
1952,Vadodara,390022,3,3,6522,Harni,Apartment,Semi-Furnished,Ready to Move,Resale,Unknown,7.0,Unknown,1150
1953,Vadodara,390022,3,3,3736,Harni,Apartment,Unfurnished,Ready to Move,Resale,West,2.0,Freehold,1740
1954,Vadodara,390022,3,3,5500,Harni,Apartment,Semi-Furnished,Ready to Move,Resale,Unknown,2.0,Unknown,1000
1955,Vadodara,390022,2,2,8462,Harni,House,Unfurnished,Ready to Move,Resale,Unknown,1.0,Unknown,650
1956,Vadodara,390022,1,1,2933,Harni,Apartment,Furnished,Ready to Move,Resale,Unknown,4.0,Unknown,750
1957,Vadodara,390022,3,3,7600,Harni,Apartment,Furnished,Ready to Move,Resale,Unknown,6.0,Co-operative Society,1000
1958,Vadodara,390022,4,4,6047,Harni,House,Semi-Furnished,Ready to Move,Resale,East,,Freehold,2150
1959,Vadodara,390022,3,3,7944,Harni,Apartment,Furnished,Ready to Move,New Property,West,5.0,Freehold,1070
1960,Vadodara,390022,2,2,4637,Harni,Apartment,Furnished,Ready to Move,Resale,Unknown,4.0,Unknown,798
1961,Vadodara,390022,2,2,2969,Harni,Apartment,Semi-Furnished,Ready to Move,Resale,East,4.0,Freehold,1280
1962,Vadodara,390022,3,3,5348,Harni,Apartment,Furnished,Ready to Move,Resale,West,3.0,Co-operative Society,1150
1963,Vadodara,390022,3,3,6620,Harni,Apartment,Semi-Furnished,Ready to Move,Resale,Unknown,7.0,Freehold,861
1964,Vadodara,390022,2,2,5224,Harni,Apartment,Unfurnished,Ready to Move,Resale,East,5.0,Freehold,670
1965,Vadodara,390022,3,3,5506,Harni,Apartment,Semi-Furnished,Ready to Move,Resale,East,7.0,Unknown,1580
1966,Vadodara,390022,3,3,4000,Harni,Apartment,Semi-Furnished,Ready to Move,Resale,East,1.0,Freehold,1850
1967,Vadodara,390022,2,3,6471,Harni,Apartment,Furnished,Ready to Move,Resale,East,6.0,Freehold,850
1968,Vadodara,390022,2,2,4000,Harni,House,Furnished,Ready to Move,Resale,Unknown,5.0,Unknown,800
1969,Vadodara,390022,3,3,3529,Harni,Apartment,Unfurnished,Ready to Move,Resale,Unknown,7.0,Unknown,1020
1970,Vadodara,390022,3,3,5856,Harni,Apartment,Semi-Furnished,Ready to Move,Resale,West,5.0,Freehold,1110
1971,Vadodara,390022,3,3,2279,Harni,Apartment,Semi-Furnished,Ready to Move,Resale,Unknown,3.0,Unknown,1755
1972,Vadodara,390022,3,3,6452,Harni,Apartment,Unfurnished,Poss. by Dec &#x27;26,New Property,Unknown,,Unknown,1488
1973,Vadodara,390022,3,3,5159,Harni,Apartment,Unfurnished,Ready to Move,New Property,Unknown,,Unknown,1260
1974,Vadodara,390022,2,2,7733,Harni,Apartment,Furnished,Ready to Move,Resale,Unknown,6.0,Unknown,750
1975,Vadodara,390022,4,4,7242,Harni,Apartment,Unfurnished,Poss. by Dec &#x27;26,New Property,Unknown,,Unknown,1726
1976,Vadodara,390022,3,3,5233,Harni,Apartment,Unfurnished,Ready to Move,New Property,Unknown,2.0,Unknown,1242
1977,Vadodara,390022,4,4,8428,Harni,Penthouse,Unfurnished,Poss. by Nov &#x27;26,New Property,Unknown,,Unknown,2112
1978,Vadodara,390022,4,4,11379,Harni,Villa,Unfurnished,Ready to Move,Resale,East,,Co-operative Society,1450
1979,Vadodara,390022,3,3,6445,Harni,Apartment,Unfurnished,Poss. by Dec &#x27;26,New Property,Unknown,,Unknown,1536
1980,Vadodara,390022,3,3,5285,Harni,Apartment,Unfurnished,Ready to Move,New Property,Unknown,,Unknown,1230
1981,Vadodara,390022,4,4,8333,Harni,Penthouse,Unfurnished,Poss. by Nov &#x27;26,New Property,Unknown,,Unknown,2112
1982,Vadodara,390022,3,3,6462,Harni,Apartment,Unfurnished,Poss. by Dec &#x27;26,New Property,Unknown,,Unknown,1501
1983,Vadodara,390022,3,3,5462,Harni,Apartment,Unfurnished,Ready to Move,New Property,Unknown,,Unknown,1190
1984,Vadodara,390022,4,4,8286,Harni,Penthouse,Unfurnished,Poss. by Nov &#x27;26,New Property,Unknown,,Unknown,2112
1985,Vadodara,390022,3,3,6384,Harni,Apartment,Unfurnished,Poss. by Dec &#x27;26,New Property,Unknown,,Unknown,1488
1986,Vadodara,390022,3,3,6548,Harni,Apartment,Unfurnished,Poss. by Nov &#x27;26,New Property,Unknown,,Unknown,1512
1987,Vadodara,390022,3,3,5903,Harni,Apartment,Unfurnished,Poss. by Dec &#x27;27,New Property,Unknown,,Unknown,1440
1988,Vadodara,390022,4,4,5969,Harni,Apartment,Unfurnished,Poss. by Dec &#x27;27,New Property,Unknown,,Unknown,1960
1989,Vadodara,390022,6,5,6485,Harni,Apartment,Unfurnished,Poss. by Dec &#x27;27,New Property,Unknown,,Unknown,2930
1990,Vadodara,390002,3,3,7419,Diwalipura,Villa,Furnished,Ready to Move,Resale,East,,Freehold,1550
1991,Vadodara,390002,2,3,7000,Diwalipura,Villa,Unfurnished,Ready to Move,Resale,North,,Freehold,1400
1992,Vadodara,390002,3,4,3400,Diwalipura,Penthouse,Furnished,Ready to Move,Resale,Unknown,3.0,Co-operative Society,2500
1993,Vadodara,390002,4,4,4000,Diwalipura,Penthouse,Furnished,Ready to Move,New Property,East,4.0,Freehold,3500
1994,Vadodara,390002,2,2,4875,Diwalipura,Apartment,Semi-Furnished,Ready to Move,Resale,Unknown,3.0,Unknown,800
1995,Vadodara,390002,1,1,11860,Diwalipura,House,Unfurnished,Ready to Move,Resale,East,1.0,Freehold,430
1996,Vadodara,390002,3,2,11429,Diwalipura,House,Semi-Furnished,Ready to Move,Resale,East,3.0,Co-operative Society,1400
1997,Vadodara,390002,2,2,5310,Diwalipura,Apartment,Semi-Furnished,Ready to Move,Resale,East,4.0,Freehold,725
1998,Vadodara,390002,2,2,4545,Diwalipura,House,Unfurnished,Ready to Move,Resale,Unknown,2.0,Unknown,1100
1999,Vadodara,390002,2,2,5333,Diwalipura,House,Semi-Furnished,Ready to Move,Resale,Unknown,,Unknown,3000
2000,Vadodara,390002,1,3,6701,Diwalipura,House,Unfurnished,Ready to Move,Resale,Unknown,,Unknown,970
2001,Vadodara,390002,6,5,5111,Diwalipura,Apartment,Furnished,Ready to Move,Resale,North - East,9.0,Co-operative Society,2250
2002,Vadodara,390002,2,2,3529,Diwalipura,Apartment,Semi-Furnished,Ready to Move,Resale,East,5.0,Co-operative Society,850
2003,Vadodara,390022,2,2,3385,New VIP Road Baikunth,Apartment,Unfurnished,Ready to Move,Resale,East,3.0,Freehold,650
2004,Vadodara,390022,3,3,7556,New VIP Road Baikunth,Apartment,Semi-Furnished,Ready to Move,Resale,East,5.0,Freehold,675
2005,Vadodara,390022,1,2,3250,New VIP Road Baikunth,House,Semi-Furnished,Ready to Move,Resale,Unknown,,Unknown,2000
2006,Vadodara,390022,2,2,2639,New VIP Road Baikunth,Apartment,Furnished,Ready to Move,Resale,Unknown,1.0,Freehold,1080
2007,Vadodara,390022,3,3,5882,New VIP Road Baikunth,Apartment,Furnished,Ready to Move,Resale,Unknown,5.0,Unknown,935
2008,Vadodara,390022,3,3,8235,New VIP Road Baikunth,House,Unfurnished,Ready to Move,Resale,East,1.0,Freehold,850
2009,Vadodara,390022,1,2,3231,New VIP Road Baikunth,Apartment,Semi-Furnished,Ready to Move,Resale,Unknown,3.0,Unknown,650
2010,Vadodara,390022,3,3,4125,New VIP Road Baikunth,Apartment,Semi-Furnished,Ready to Move,Resale,West,2.0,Freehold,800
2011,Vadodara,390022,3,3,3750,New VIP Road Baikunth,Apartment,Semi-Furnished,Ready to Move,Resale,Unknown,2.0,Unknown,800
2012,Vadodara,390022,2,2,7205,New VIP Road Baikunth,Villa,Semi-Furnished,Ready to Move,Resale,North - West,,Freehold,1388
2013,Vadodara,390022,2,2,3182,New VIP Road Baikunth,Apartment,Unfurnished,Ready to Move,Resale,East,1.0,Freehold,1100
2014,Vadodara,390022,2,3,4222,New VIP Road Baikunth,Apartment,Unfurnished,Ready to Move,Resale,Unknown,4.0,Unknown,900
2015,Vadodara,390022,2,2,4667,New VIP Road Baikunth,Builder Floor,Furnished,Ready to Move,Resale,Unknown,4.0,Unknown,750
2016,Vadodara,390022,2,2,3103,New VIP Road Baikunth,Apartment,Furnished,Ready to Move,Resale,Unknown,2.0,Unknown,1160
2017,Vadodara,390022,1,1,3162,New VIP Road Baikunth,Apartment,Semi-Furnished,Ready to Move,Resale,Unknown,4.0,Unknown,585
2018,Vadodara,390022,3,3,5589,Harni,Flat,Unfurnished,Ready to Move,New Property,Unknown,,Unknown,1163
2019,Vadodara,390022,3,3,5159,Harni,Flat,Unfurnished,Ready to Move,New Property,Unknown,,Unknown,1260
2020,Vadodara,390022,3,3,6614,Harni,Flat,Unfurnished,Poss. by Nov &#x27;26,New Property,Unknown,,Unknown,1512
2021,Vadodara,390022,3,3,7652,Harni,Flat,Semi-Furnished,Ready to Move,New Property,East,1.0,Freehold,1150
2022,Vadodara,390022,3,3,5233,Harni,Flat,Unfurnished,Ready to Move,New Property,Unknown,2.0,Unknown,1242
2023,Vadodara,390022,3,3,5285,Harni,Flat,Unfurnished,Ready to Move,New Property,Unknown,,Unknown,1230
2024,Vadodara,390022,3,3,5462,Harni,Flat,Unfurnished,Ready to Move,New Property,Unknown,,Unknown,1190
2025,Vadodara,390022,3,3,6548,Harni,Flat,Unfurnished,Poss. by Nov &#x27;26,New Property,Unknown,,Unknown,1512
2026,Vadodara,390022,3,3,5365,Harni,Flat,Unfurnished,Ready to Move,Resale,East,6.0,Unknown,1286
2027,Vadodara,390022,2,2,7000,Harni,Flat,Furnished,Ready to Move,Resale,Unknown,1.0,Unknown,700
2028,Vadodara,390022,3,3,7619,Harni,Flat,Furnished,Ready to Move,Resale,North - East,4.0,Freehold,1050
2029,Vadodara,390022,3,3,5599,Harni,Flat,Unfurnished,Ready to Move,Resale,Unknown,6.0,Unknown,1286
2030,Vadodara,390022,3,3,5268,Sangam Char Rasta,Flat,Unfurnished,Ready to Move,Resale,Unknown,10.0,Freehold,1993
2031,Vadodara,390022,2,2,3590,Harni,Flat,Semi-Furnished,Ready to Move,Resale,Unknown,4.0,Unknown,975
2032,Vadodara,390022,2,2,6696,Harni,Flat,Furnished,Ready to Move,Resale,North,4.0,Freehold,672
2033,Vadodara,390022,4,4,4950,Harni,Flat,Semi-Furnished,Ready to Move,Resale,Unknown,2.0,Unknown,2000
2034,Vadodara,390022,3,3,7500,Harni Road,Flat,Furnished,Ready to Move,Resale,South,6.0,Unknown,1200
2035,Vadodara,390022,2,2,2455,New Kareli Baug,Flat,Unfurnished,Ready to Move,Resale,East,4.0,Co-operative Society,1100
2036,Vadodara,390022,2,2,5921,Khodiyar Nagar,Flat,Semi-Furnished,Ready to Move,Resale,East,4.0,Freehold,760
2037,Vadodara,390022,2,2,3476,Khodiyar Nagar,Flat,Unfurnished,Ready to Move,Resale,Unknown,2.0,Unknown,1050
2038,Vadodara,390022,2,2,3750,Khodiyar Nagar,Flat,Furnished,Ready to Move,Resale,Unknown,2.0,Freehold,1120
2039,Vadodara,390022,2,2,3600,Harni,Flat,Semi-Furnished,Ready to Move,Resale,Unknown,4.0,Unknown,1000
2040,Vadodara,390022,2,2,3672,Khodiyar Nagar,Flat,Furnished,Ready to Move,Resale,Unknown,5.0,Unknown,1280
2041,Vadodara,390022,2,3,2388,New Kareli Baug,Flat,Unfurnished,Ready to Move,Resale,Unknown,3.0,Unknown,1340
2042,Vadodara,390022,3,3,8421,Harni,Flat,Unfurnished,Ready to Move,New Property,East,1.0,Freehold,1900
2043,Vadodara,390009,3,3,9929,Tarsali,House,Furnished,Ready to Move,Resale,East,,Freehold,1400
2044,Vadodara,390009,2,2,15000,Tarsali,House,Unfurnished,Ready to Move,Resale,Unknown,,Unknown,600
2045,Vadodara,390009,3,3,7960,Tarsali,Villa,Furnished,Ready to Move,Resale,West,,Freehold,2500
2046,Vadodara,390009,2,2,14091,Tarsali,House,Unfurnished,Ready to Move,Resale,East,,Freehold,1100
2047,Vadodara,390009,2,2,1969,Tarsali,Apartment,Semi-Furnished,Ready to Move,Resale,East,4.0,Unknown,904
2048,Vadodara,390009,4,4,12857,Tarsali,House,Unfurnished,Ready to Move,Resale,East,,Freehold,2100
2049,Vadodara,390009,1,1,6349,Tarsali,Penthouse,Semi-Furnished,Ready to Move,Resale,Unknown,4.0,Unknown,504
2050,Vadodara,390009,3,4,8231,Tarsali,House,Furnished,Ready to Move,Resale,Unknown,3.0,Unknown,1300
2051,Vadodara,390009,2,2,2222,Tarsali,Apartment,Semi-Furnished,Ready to Move,Resale,East,2.0,Freehold,1170
2052,Vadodara,390009,2,2,15972,Tarsali,House,Furnished,Ready to Move,Resale,Unknown,1.0,Co-operative Society,720
2053,Vadodara,390009,2,2,4110,Tarsali,Apartment,Furnished,Ready to Move,Resale,East,3.0,Co-operative Society,730
2054,Vadodara,390009,3,3,4251,Tarsali,Apartment,Unfurnished,Ready to Move,Resale,Unknown,7.0,Unknown,1035
2055,Vadodara,390009,3,3,4929,Tarsali,Apartment,Furnished,Ready to Move,Resale,Unknown,3.0,Unknown,1400
2056,Vadodara,390009,2,2,5498,Tarsali,Apartment,Semi-Furnished,Ready to Move,Resale,South - East,1.0,Freehold,582
2057,Vadodara,390009,4,5,6170,Tarsali,House,Semi-Furnished,Ready to Move,Resale,East,,Freehold,2350
2058,Vadodara,390009,1,1,3370,Tarsali,Apartment,Unfurnished,Ready to Move,Resale,Unknown,5.0,Unknown,460
2059,Vadodara,390009,4,3,10667,Tarsali,Villa,Semi-Furnished,Ready to Move,Resale,Unknown,,Freehold,1500
2060,Vadodara,390009,2,2,2654,Tarsali,Apartment,Semi-Furnished,Ready to Move,Resale,Unknown,3.0,Unknown,1055
2061,Vadodara,390009,2,2,3385,Tarsali,Apartment,Unfurnished,Ready to Move,Resale,Unknown,4.0,Unknown,650
2062,Vadodara,390009,2,3,4662,Tarsali,Apartment,Unfurnished,Ready to Move,Resale,Unknown,6.0,Unknown,622
2063,Vadodara,390009,2,2,2048,Tarsali,Apartment,Semi-Furnished,Ready to Move,Resale,Unknown,2.0,Unknown,1050
2064,Vadodara,390009,2,2,5469,Tarsali,Apartment,Furnished,Unknown,Resale,Unknown,7.0,Freehold,640
2065,Vadodara,390009,2,2,3125,Tarsali,Apartment,Semi-Furnished,Unknown,Resale,Unknown,6.0,Unknown,800
2066,Vadodara,390009,4,4,5998,Tarsali,House,Unfurnished,Ready to Move,Resale,West,2.0,Freehold,1017
2067,Vadodara,390009,2,2,6200,Tarsali,House,Semi-Furnished,Ready to Move,Resale,Unknown,,Unknown,2500
2068,Vadodara,390009,2,2,2778,Tarsali,Apartment,Unfurnished,Unknown,Resale,Unknown,4.0,Unknown,900
2069,Vadodara,390009,3,3,2606,Tarsali,Penthouse,Furnished,Ready to Move,Resale,Unknown,4.0,Unknown,1880
2070,Vadodara,390009,2,2,4091,Tarsali,Builder Floor,Furnished,Ready to Move,Resale,Unknown,2.0,Unknown,1100
2071,Vadodara,390009,4,4,5556,Tarsali,House,Semi-Furnished,Ready to Move,Resale,Unknown,,Freehold,3600
2072,Vadodara,390009,3,3,3333,Tarsali,Apartment,Unfurnished,Ready to Move,Resale,Unknown,2.0,Unknown,1200
2073,Vadodara,390009,1,1,3778,Tarsali,Apartment,Semi-Furnished,Ready to Move,Resale,Unknown,4.0,Unknown,450
2074,Vadodara,390009,3,3,8000,Tarsali,House,Furnished,Ready to Move,Resale,Unknown,1.0,Unknown,1250
2075,Vadodara,390009,1,1,4384,Tarsali,Builder Floor,Unfurnished,Ready to Move,Resale,Unknown,3.0,Unknown,479
2076,Vadodara,390009,1,1,2782,Tarsali,Apartment,Unfurnished,Ready to Move,Resale,North,3.0,Freehold,568
2077,Vadodara,390009,3,3,3846,Tarsali,Apartment,Unfurnished,Ready to Move,Resale,North,1.0,Freehold,780
2078,Vadodara,390009,2,2,2250,Tarsali,Apartment,Unfurnished,Ready to Move,Resale,North - East,4.0,Freehold,800
2079,Vadodara,390009,1,2,3385,Tarsali,Apartment,Semi-Furnished,Ready to Move,Resale,North - East,1.0,Freehold,650
2080,Vadodara,390009,2,3,3789,Tarsali,Apartment,Furnished,Ready to Move,Resale,East,7.0,Freehold,950
2081,Vadodara,390009,2,3,4444,Tarsali,Apartment,Semi-Furnished,Ready to Move,Resale,East,3.0,Freehold,450
2082,Vadodara,390009,2,2,2061,Tarsali,Apartment,Semi-Furnished,Ready to Move,Resale,East,2.0,Co-operative Society,1150
2083,Vadodara,390009,2,2,4599,Tarsali,Apartment,Semi-Furnished,Ready to Move,Resale,Unknown,6.0,Unknown,674
2084,Vadodara,390009,2,3,2941,Tarsali,Apartment,Semi-Furnished,Ready to Move,Resale,Unknown,4.0,Unknown,1360
2085,Vadodara,390009,2,2,3067,Tarsali,Apartment,Semi-Furnished,Ready to Move,Resale,North,5.0,Freehold,750
2086,Vadodara,390009,1,2,3286,Tarsali,Apartment,Semi-Furnished,Ready to Move,Resale,East,2.0,Freehold,700
2087,Vadodara,390009,1,1,3513,Tarsali,Apartment,Unfurnished,Ready to Move,Resale,East,7.0,Freehold,427
2088,Vadodara,390009,2,2,2000,Tarsali,Apartment,Furnished,Ready to Move,Resale,Unknown,3.0,Unknown,1100
2089,Vadodara,390009,3,3,9048,Tarsali,House,Semi-Furnished,Ready to Move,Resale,East,,Freehold,2100
2090,Vadodara,390009,4,4,6167,Tarsali,House,Furnished,Ready to Move,Resale,Unknown,,Freehold,3000
2091,Vadodara,390023,3,3,5359,Subhanpura,Apartment,Semi-Furnished,Ready to Move,Resale,West,4.0,Co-operative Society,1978
2092,Vadodara,390023,3,3,9195,Subhanpura,House,Semi-Furnished,Ready to Move,Resale,East,,Freehold,870
2093,Vadodara,390023,3,4,5517,Subhanpura,House,Semi-Furnished,Ready to Move,Resale,East,,Freehold,1450
2094,Vadodara,390023,2,2,13000,Subhanpura,Villa,Unfurnished,Ready to Move,Resale,West,,Freehold,1000
2095,Vadodara,390023,3,3,5000,Subhanpura,Apartment,Semi-Furnished,Ready to Move,Resale,West,3.0,Freehold,1100
2096,Vadodara,390023,2,2,4416,Subhanpura,Apartment,Unfurnished,Ready to Move,Resale,North - East,3.0,Freehold,770
2097,Vadodara,390023,4,3,9615,Subhanpura,Apartment,Furnished,Ready to Move,Resale,East,4.0,Freehold,1300
2098,Vadodara,390023,3,3,7391,Subhanpura,Apartment,Semi-Furnished,Ready to Move,Resale,East,8.0,Freehold,1150
2099,Vadodara,390023,3,3,10733,Subhanpura,Villa,Semi-Furnished,Ready to Move,Resale,East,,Freehold,1500
2100,Vadodara,390023,2,2,3187,Subhanpura,Apartment,Furnished,Ready to Move,Resale,Unknown,3.0,Unknown,1067
2101,Vadodara,390023,3,3,3586,Subhanpura,Builder Floor,Semi-Furnished,Ready to Move,Resale,Unknown,1.0,Unknown,1450
2102,Vadodara,390023,5,5,4455,Subhanpura,House,Semi-Furnished,Ready to Move,Resale,Unknown,,Unknown,2200
2103,Vadodara,390023,3,2,5779,Subhanpura,House,Unfurnished,Ready to Move,Resale,East,,Freehold,770
2104,Vadodara,390023,1,2,2900,Subhanpura,Builder Floor,Unfurnished,Ready to Move,Resale,Unknown,1.0,Unknown,1000
2105,Vadodara,390023,1,1,2519,Subhanpura,Apartment,Unfurnished,Ready to Move,Resale,Unknown,3.0,Unknown,675
2106,Vadodara,390023,3,2,6218,Subhanpura,House,Furnished,Ready to Move,Resale,East,,Freehold,780
2107,Vadodara,390023,4,5,5600,Subhanpura,Villa,Furnished,Ready to Move,Resale,East,,Freehold,2500
2108,Vadodara,390023,3,3,4444,Subhanpura,Apartment,Furnished,Ready to Move,Resale,East,1.0,Freehold,900
2109,Vadodara,390023,3,4,7540,Subhanpura,House,Semi-Furnished,Ready to Move,Resale,Unknown,,Freehold,1260
2110,Vadodara,390023,3,3,5200,Subhanpura,Apartment,Unfurnished,Ready to Move,Resale,West,4.0,Freehold,1000
2111,Vadodara,390023,2,4,4773,Subhanpura,House,Unfurnished,Ready to Move,Resale,Unknown,1.0,Unknown,2200
2112,Vadodara,390023,1,2,5000,Subhanpura,Apartment,Semi-Furnished,Ready to Move,Resale,Unknown,2.0,Unknown,600
2113,Vadodara,390023,2,4,4484,Subhanpura,Apartment,Semi-Furnished,Unknown,Resale,East,1.0,Freehold,1115
2114,Vadodara,390023,2,2,3571,Subhanpura,Apartment,Semi-Furnished,Ready to Move,Resale,Unknown,3.0,Unknown,700
2115,Vadodara,390023,2,2,3506,Subhanpura,Apartment,Semi-Furnished,Ready to Move,Resale,East,2.0,Co-operative Society,770
2116,Vadodara,390023,1,2,3472,Subhanpura,Apartment,Unfurnished,Ready to Move,Resale,East,2.0,Co-operative Society,720
2117,Vadodara,390023,1,2,2548,Subhanpura,Builder Floor,Semi-Furnished,Ready to Move,Resale,Unknown,3.0,Unknown,785
2118,Vadodara,390023,2,2,2174,Subhanpura,Apartment,Semi-Furnished,Ready to Move,Resale,Unknown,2.0,Freehold,1150
2119,Vadodara,390023,2,2,5488,Subhanpura,Apartment,Semi-Furnished,Ready to Move,Resale,Unknown,3.0,Unknown,820
2120,Vadodara,390023,1,1,3089,Subhanpura,Apartment,Semi-Furnished,Unknown,Resale,East,2.0,Freehold,518
2121,Vadodara,390023,3,3,4167,Subhanpura,Apartment,Furnished,Ready to Move,Resale,Unknown,1.0,Co-operative Society,1800
2122,Vadodara,390023,2,3,6000,Subhanpura,House,Semi-Furnished,Ready to Move,Resale,Unknown,,Unknown,1000
2123,Vadodara,390023,2,4,4125,Subhanpura,House,Semi-Furnished,Ready to Move,Resale,Unknown,1.0,Unknown,1600
2124,Vadodara,390023,1,1,2000,Subhanpura,Builder Floor,Unfurnished,Ready to Move,Resale,Unknown,1.0,Unknown,500
2125,Vadodara,390023,1,1,2545,Subhanpura,House,Unfurnished,Unknown,Resale,Unknown,1.0,Freehold,550
2126,Vadodara,390023,3,3,6296,Subhanpura,House,Semi-Furnished,Ready to Move,Resale,East,,Freehold,1350
2127,Vadodara,390023,3,4,7222,Subhanpura,Villa,Semi-Furnished,Ready to Move,Resale,North,,Freehold,1800
2128,Vadodara,390023,2,3,8750,Subhanpura,House,Unfurnished,Ready to Move,Resale,East,,Freehold,800
2129,Vadodara,390023,2,2,3810,Subhanpura,Apartment,Semi-Furnished,Ready to Move,Resale,North,4.0,Freehold,840
2130,Vadodara,390023,5,4,14691,Subhanpura,Apartment,Unfurnished,Ready to Move,New Property,North - East,4.0,Freehold,4084
2131,Vadodara,390023,3,3,7846,Subhanpura,House,Semi-Furnished,Ready to Move,Resale,East,,Freehold,1300
2132,Vadodara,390023,4,5,6900,Subhanpura,Villa,Semi-Furnished,Ready to Move,Resale,East,,Freehold,2000
2133,Vadodara,390023,2,4,12500,Subhanpura,House,Semi-Furnished,Ready to Move,Resale,North,,Freehold,800
2134,Vadodara,390023,2,3,6129,Subhanpura,House,Semi-Furnished,Ready to Move,Resale,East,,Freehold,1550
2135,Vadodara,390023,3,3,7273,Subhanpura,Villa,Furnished,Ready to Move,Resale,East,,Freehold,1650
2136,Vadodara,390023,3,4,13333,Subhanpura,House,Semi-Furnished,Ready to Move,Resale,East,,Freehold,1200
2137,Vadodara,390023,4,4,18107,Subhanpura,Villa,Furnished,Ready to Move,Resale,East,,Freehold,1215
2138,Vadodara,390023,1,1,10200,Subhanpura,Villa,Unfurnished,Ready to Move,Resale,East,,Freehold,500
2139,Vadodara,390019,4,4,7744,New Alkapuri,Apartment,Unfurnished,Poss. by Oct &#x27;28,New Property,Unknown,,Unknown,2544
2140,Vadodara,390019,3,3,6421,New Alkapuri,Apartment,Semi-Furnished,Ready to Move,New Property,East,12.0,Co-operative Society,1168
2141,Vadodara,390019,3,3,4538,New Alkapuri,Apartment,Unfurnished,Ready to Move,Resale,East,4.0,Freehold,1300
2142,Vadodara,390019,6,5,15556,New Alkapuri,Villa,Furnished,Ready to Move,Resale,East,,Freehold,4500
2143,Vadodara,390019,3,3,13125,New Alkapuri,Villa,Unfurnished,Ready to Move,Resale,East,,Freehold,800
2144,Vadodara,390019,2,2,4500,New Alkapuri,Apartment,Furnished,Ready to Move,Resale,East,1.0,Freehold,800
2145,Vadodara,390019,4,4,17000,New Alkapuri,Villa,Furnished,Ready to Move,Resale,East,,Freehold,5000
2146,Vadodara,390019,4,3,7826,New Alkapuri,Apartment,Furnished,Ready to Move,Resale,West,1.0,Freehold,2300
2147,Vadodara,390019,3,3,6429,New Alkapuri,Villa,Semi-Furnished,Ready to Move,Resale,North,,Freehold,1400
2148,Vadodara,390019,2,2,4255,New Alkapuri,Apartment,Semi-Furnished,Ready to Move,Resale,South - East,2.0,Freehold,940
2149,Vadodara,390019,3,3,6410,New Alkapuri,Apartment,Unfurnished,Ready to Move,Resale,Unknown,10.0,Unknown,1248
2150,Vadodara,390019,3,3,5479,New Alkapuri,Apartment,Unfurnished,Unknown,New Property,Unknown,,Unknown,1168
2151,Vadodara,390019,3,3,4429,New Alkapuri,Apartment,Unfurnished,Ready to Move,Resale,East,5.0,Freehold,1400
2152,Vadodara,390019,2,2,5000,New Alkapuri,Apartment,Semi-Furnished,Ready to Move,Resale,Unknown,3.0,Unknown,1100
2153,Vadodara,390019,2,2,4833,New Alkapuri,Apartment,Semi-Furnished,Ready to Move,Resale,West,4.0,Co-operative Society,900
2154,Vadodara,390019,3,3,5643,New Alkapuri,House,Unfurnished,Ready to Move,Resale,East,1.0,Freehold,1400
2155,Vadodara,390019,3,3,6828,New Alkapuri,Apartment,Semi-Furnished,Ready to Move,Resale,North,2.0,Unknown,1450
2156,Vadodara,390019,3,3,4079,New Alkapuri,Apartment,Furnished,Ready to Move,Resale,North - East,3.0,Freehold,1520
2157,Vadodara,390019,3,3,4851,New Alkapuri,Builder Floor,Unfurnished,Ready to Move,Resale,Unknown,3.0,Unknown,1340
2158,Vadodara,390019,3,3,4386,New Alkapuri,Builder Floor,Unfurnished,Ready to Move,Resale,Unknown,1.0,Unknown,1710
2159,Vadodara,390019,4,4,6905,New Alkapuri,Apartment,Unfurnished,Ready to Move,Resale,East,6.0,Unknown,2100
2160,Vadodara,390019,2,2,3889,New Alkapuri,Apartment,Unfurnished,Ready to Move,Resale,East,5.0,Freehold,900
2161,Vadodara,390019,3,3,4286,New Alkapuri,Apartment,Furnished,Ready to Move,Resale,East,2.0,Co-operative Society,1050
2162,Vadodara,390019,3,3,4333,New Alkapuri,Apartment,Semi-Furnished,Ready to Move,New Property,Unknown,2.0,Freehold,1500
2163,Vadodara,390019,3,3,5993,New Alkapuri,Apartment,Unfurnished,Ready to Move,Resale,East,5.0,Freehold,1168
2164,Vadodara,390019,3,4,10000,New Alkapuri,Villa,Semi-Furnished,Ready to Move,Resale,Unknown,,Unknown,1700
2165,Vadodara,390019,3,3,4214,New Alkapuri,Apartment,Semi-Furnished,Ready to Move,Resale,Unknown,2.0,Freehold,1400
2166,Vadodara,390019,5,4,5208,New Alkapuri,Villa,Furnished,Ready to Move,Resale,East,,Freehold,4800
2167,Vadodara,390019,4,5,3472,New Alkapuri,House,Unfurnished,Unknown,Resale,Unknown,,Unknown,3600
2168,Vadodara,390019,4,4,7713,New Alkapuri,Apartment,Unfurnished,Poss. by Oct &#x27;28,New Property,Unknown,,Unknown,2541
2169,Vadodara,390019,3,3,4516,New Alkapuri,Apartment,Unfurnished,Ready to Move,Resale,North - East,3.0,Freehold,1550
2170,Vadodara,390019,5,5,10714,New Alkapuri,House,Furnished,Ready to Move,Resale,East,,Freehold,2800
2171,Vadodara,390019,4,4,5125,New Alkapuri,Apartment,Semi-Furnished,Ready to Move,Resale,East,2.0,Freehold,1756
2172,Vadodara,390019,5,5,7661,New Alkapuri,Penthouse,Unfurnished,Ready to Move,Resale,West,9.0,Freehold,3655
2173,Vadodara,390019,3,3,4762,New Alkapuri,Apartment,Semi-Furnished,Ready to Move,Resale,East,2.0,Freehold,1260
2174,Vadodara,390019,4,4,8357,New Alkapuri,Penthouse,Furnished,Ready to Move,Resale,East,4.0,Co-operative Society,4200
2175,Vadodara,390019,4,4,4057,New Alkapuri,Penthouse,Furnished,Ready to Move,Resale,East,4.0,Freehold,1750
2176,Vadodara,390019,6,5,8923,New Alkapuri,Apartment,Unfurnished,Ready to Move,New Property,East,4.0,Freehold,2768
2177,Vadodara,390019,4,4,7709,New Alkapuri,Apartment,Unfurnished,Poss. by Oct &#x27;28,New Property,Unknown,,Unknown,2711
2178,Vadodara,390019,2,2,4972,New Alkapuri,Apartment,Furnished,Ready to Move,Resale,East,5.0,Freehold,905
2179,Vadodara,390019,3,3,6743,New Alkapuri,Apartment,Unfurnished,Ready to Move,New Property,East,1.0,Freehold,1750
2180,Vadodara,390019,1,2,11875,New Alkapuri,House,Semi-Furnished,Ready to Move,Resale,East,1.0,Freehold,800
2181,Vadodara,390019,3,3,6182,New Alkapuri,Apartment,Semi-Furnished,Ready to Move,Resale,East,6.0,Unknown,1100
2182,Vadodara,390019,6,5,8571,New Alkapuri,Apartment,Unfurnished,Poss. by Nov &#x27;26,Resale,North - East,5.0,Freehold,4200
2183,Vadodara,390019,3,4,6882,New Alkapuri,Apartment,Unfurnished,Ready to Move,Resale,East,2.0,Freehold,3342
2184,Vadodara,390019,4,4,7725,New Alkapuri,Apartment,Unfurnished,Poss. by Oct &#x27;28,New Property,Unknown,,Unknown,2550
2185,Vadodara,390019,3,3,4880,New Alkapuri,Apartment,Furnished,Ready to Move,Resale,East,3.0,Freehold,1332
2186,Vadodara,390019,3,3,5167,New Alkapuri,Apartment,Furnished,Ready to Move,Resale,West,4.0,Freehold,1200
2187,Vadodara,390019,3,3,6667,New Alkapuri,Apartment,Unfurnished,Ready to Move,Resale,West,5.0,Freehold,1875
2188,Vadodara,390019,3,3,13125,New Alkapuri,Villa,Furnished,Ready to Move,Resale,North,,Freehold,800
2189,Vadodara,390019,2,2,5286,New Alkapuri,Apartment,Semi-Furnished,Ready to Move,Resale,North,1.0,Freehold,700
2190,Vadodara,390019,6,5,9286,New Alkapuri,Apartment,Unfurnished,Ready to Move,New Property,East,6.0,Freehold,4200
2191,Vadodara,390019,4,4,7729,New Alkapuri,Apartment,Unfurnished,Poss. by Oct &#x27;28,New Property,Unknown,,Unknown,2523
2192,Vadodara,390019,4,4,8095,New Alkapuri,Villa,Semi-Furnished,Ready to Move,Resale,North,,Freehold,2100
